seller_id,category,country,business_unit,onboarding_channel,size_band,listings,onboarding_steps,months_inactive,logins_last_3m,ever_sold,score
S17124,Home,Peru,Marketplace direct,Self sign-up,Small,77.0,2,1.0,21,1,0.9294
S03396,Electronics,Chile,Marketplace direct,Referral,Small,56.0,3,1.0,14,1,0.8939
S10617,Sports,Chile,Falabella Retail,Referral,Micro,16.0,5,1.0,10,1,0.8333
S14997,Electronics,Chile,Tottus,Self sign-up,Micro,4.0,3,1.0,19,0,0.8313
S09573,Toys,Chile,Tottus,Sales rep,Micro,2.0,4,2.0,19,0,0.8277
S05852,Electronics,Colombia,Falabella Retail,Sales rep,Small,27.0,3,1.0,7,1,0.8233
S10069,Electronics,Chile,Falabella Retail,Sales rep,Medium,15.0,5,2.0,0,1,0.8134
S18100,Fashion,Peru,Tottus,Sales rep,Medium,17.0,5,1.0,1,1,0.8116
S17365,Electronics,Peru,Marketplace direct,Sales rep,Small,11.0,5,1.0,3,1,0.8046
S00146,Home,Peru,Sodimac,Event,Micro,17.0,5,4.0,9,1,0.7861
S10283,Food,Chile,Falabella Retail,Referral,Medium,38.0,5,1.0,7,1,0.7842
S09726,Home,Chile,Tottus,Self sign-up,Small,33.0,3,1.0,15,1,0.7793
S16128,Fashion,Colombia,Marketplace direct,Referral,Medium,4.0,1,1.0,13,0,0.7627
S06688,Beauty,Chile,Tottus,Referral,Medium,6.0,4,2.0,3,1,0.7518
S16439,Fashion,Chile,Sodimac,Event,Small,13.0,4,1.0,2,1,0.7515
S06591,Sports,Chile,Falabella Retail,Sales rep,Micro,14.0,1,1.0,11,1,0.746
S07507,Hardware,Colombia,Sodimac,Sales rep,Small,37.0,0,1.0,9,1,0.7412
S05271,Hardware,Chile,Marketplace direct,Referral,Medium,32.0,1,2.0,11,1,0.7385
S02051,Electronics,Chile,Marketplace direct,Sales rep,Micro,16.0,4,1.0,5,1,0.7364
S08628,Fashion,Chile,Marketplace direct,Referral,Micro,16.0,3,1.0,7,1,0.7321
S04720,Fashion,Peru,Falabella Retail,Sales rep,Medium,1.0,5,1.0,6,0,0.7312
S15317,Electronics,Chile,Sodimac,Self sign-up,Micro,2.0,4,6.0,20,0,0.7309
S09749,Electronics,Colombia,Tottus,Sales rep,Micro,27.0,1,1.0,10,1,0.7268
S14056,Beauty,Chile,Sodimac,Referral,Small,18.0,2,1.0,7,1,0.7252
S12505,Electronics,Colombia,Sodimac,Self sign-up,Small,17.0,4,1.0,7,1,0.7204
S01500,Sports,Chile,Sodimac,Sales rep,Micro,3.0,5,2.0,5,1,0.7164
S17935,Fashion,Peru,Tottus,Sales rep,Medium,37.0,3,2.0,2,1,0.7058
S16150,Home,Chile,Tottus,Sales rep,Small,13.0,5,1.0,1,1,0.7048
S11566,Fashion,Chile,Falabella Retail,Referral,Small,8.0,2,1.0,6,1,0.7032
S00391,Electronics,Colombia,Falabella Retail,Referral,Micro,3.0,5,1.0,8,0,0.6917
S01783,Electronics,Colombia,Marketplace direct,Referral,Micro,33.0,5,1.0,5,1,0.6901
S06106,Food,Chile,Marketplace direct,Referral,Medium,11.0,1,1.0,8,1,0.6901
S10978,Beauty,Chile,Marketplace direct,Event,Small,37.0,5,1.0,5,1,0.6886
S15260,Home,Chile,Marketplace direct,Sales rep,Micro,6.0,4,1.0,2,1,0.6869
S03770,Food,Chile,Marketplace direct,Self sign-up,Medium,14.0,5,4.0,7,1,0.6837
S12165,Electronics,Chile,Sodimac,Event,Small,3.0,4,5.0,11,0,0.6796
S09862,Electronics,Peru,Sodimac,Referral,Medium,9.0,3,1.0,1,1,0.6779
S16287,Beauty,Peru,Falabella Retail,Referral,Small,11.0,5,1.0,1,1,0.6764
S01442,Electronics,Chile,Marketplace direct,Self sign-up,Small,13.0,2,2.0,6,1,0.672
S10835,Electronics,Peru,Sodimac,Self sign-up,Small,15.0,1,1.0,6,1,0.6705
S19942,Electronics,Chile,Falabella Retail,Sales rep,Micro,34.0,2,1.0,6,1,0.6636
S18230,Electronics,Chile,Sodimac,Referral,Small,2.0,4,1.0,1,1,0.6629
S10278,Electronics,Peru,Falabella Retail,Referral,Micro,7.0,3,2.0,3,1,0.662
S05617,Hardware,Colombia,Sodimac,Self sign-up,Small,23.0,4,1.0,9,1,0.6618
S05346,Toys,Chile,Marketplace direct,Referral,Micro,8.0,5,1.0,4,1,0.6578
S17564,Sports,Chile,Tottus,Sales rep,Small,9.0,5,2.0,4,1,0.6575
S12450,Home,Chile,Tottus,Sales rep,Medium,23.0,5,2.0,0,1,0.6546
S00899,Beauty,Chile,Falabella Retail,Referral,Micro,28.0,5,1.0,4,1,0.65
S02617,Hardware,Chile,Falabella Retail,Event,Small,24.0,5,1.0,1,1,0.6497
S07985,Home,Colombia,Falabella Retail,Sales rep,Medium,3.0,5,1.0,0,1,0.6435
S07375,Electronics,Chile,Falabella Retail,Referral,Micro,28.0,5,1.0,3,1,0.6408
S18727,Home,Chile,Marketplace direct,Sales rep,Small,3.0,3,2.0,7,0,0.636
S13340,Electronics,Colombia,Marketplace direct,Sales rep,Small,16.0,4,1.0,3,1,0.6341
S11925,Fashion,Chile,Tottus,Sales rep,Micro,9.0,3,4.0,8,1,0.6328
S05107,Home,Colombia,Falabella Retail,Sales rep,Micro,4.0,3,1.0,4,1,0.6309
S17886,Hardware,Chile,Marketplace direct,Sales rep,Micro,19.0,5,2.0,3,1,0.6292
S05730,Home,Chile,Falabella Retail,Event,Micro,2.0,3,2.0,8,1,0.6284
S00460,Beauty,Colombia,Falabella Retail,Referral,Medium,5.0,3,1.0,1,1,0.623
S06320,Home,Colombia,Sodimac,Referral,Medium,5.0,4,2.0,2,1,0.6229
S01508,Home,Colombia,Sodimac,Sales rep,Small,5.0,5,4.0,3,1,0.6216
S15371,Electronics,Chile,Falabella Retail,Referral,Medium,1.0,4,1.0,4,0,0.6215
S06640,Electronics,Peru,Sodimac,Self sign-up,Medium,5.0,1,2.0,8,1,0.6202
S11545,Sports,Chile,Falabella Retail,Self sign-up,Micro,11.0,2,1.0,8,1,0.6178
S03495,Hardware,Chile,Falabella Retail,Event,Micro,8.0,1,2.0,9,1,0.6171
S11776,Electronics,Chile,Falabella Retail,Self sign-up,Medium,16.0,3,8.0,9,1,0.617
S02863,Electronics,Chile,Falabella Retail,Referral,Micro,14.0,3,1.0,2,1,0.6162
S09110,Food,Colombia,Sodimac,Self sign-up,Medium,2.0,4,1.0,12,0,0.616
S18545,Sports,Peru,Falabella Retail,Sales rep,Medium,14.0,5,1.0,3,1,0.6155
S11410,Electronics,Peru,Marketplace direct,Sales rep,Micro,11.0,4,4.0,6,1,0.6135
S17728,Food,Peru,Falabella Retail,Event,Small,7.0,1,2.0,10,1,0.6085
S16720,Home,Peru,Sodimac,Referral,Small,2.0,5,1.0,4,0,0.6066
S18248,Food,Chile,Marketplace direct,Sales rep,Micro,36.0,5,1.0,7,1,0.599
S10967,Food,Chile,Falabella Retail,Sales rep,Medium,7.0,0,4.0,8,1,0.5984
S18077,Fashion,Chile,Sodimac,Sales rep,Small,15.0,3,1.0,3,1,0.5972
S05396,Home,Chile,Sodimac,Sales rep,Micro,2.0,4,3.0,8,0,0.5971
S14353,Electronics,Chile,Falabella Retail,Self sign-up,Small,39.0,5,2.0,3,1,0.5963
S18924,Home,Colombia,Sodimac,Sales rep,Small,3.0,5,1.0,2,0,0.5952
S03470,Fashion,Chile,Tottus,Event,Micro,16.0,3,6.0,10,1,0.5938
S14877,Fashion,Peru,Falabella Retail,Event,Micro,15.0,3,1.0,4,1,0.5933
S17830,Sports,Peru,Sodimac,Sales rep,Small,20.0,5,2.0,3,1,0.5928
S06521,Fashion,Peru,Falabella Retail,Self sign-up,Small,47.0,0,2.0,11,1,0.592
S04615,Home,Chile,Tottus,Sales rep,Micro,9.0,5,2.0,2,1,0.5903
S17900,Fashion,Chile,Sodimac,Referral,Small,4.0,5,1.0,2,1,0.5902
S18107,Fashion,Peru,Tottus,Referral,Micro,11.0,4,1.0,2,1,0.5887
S15537,Electronics,Chile,Sodimac,Sales rep,Micro,24.0,0,4.0,7,1,0.5875
S01997,Home,Chile,Tottus,Self sign-up,Micro,30.0,0,1.0,12,1,0.585
S00187,Electronics,Chile,Falabella Retail,Referral,Micro,15.0,2,2.0,2,1,0.5849
S16355,Fashion,Chile,Falabella Retail,Self sign-up,Micro,12.0,5,2.0,5,1,0.5843
S11571,Food,Chile,Sodimac,Sales rep,Small,3.0,3,3.0,9,0,0.5843
S00877,Home,Colombia,Sodimac,Referral,Medium,1.0,5,1.0,0,1,0.5842
S09728,Beauty,Peru,Marketplace direct,Sales rep,Micro,12.0,5,2.0,1,1,0.584
S03250,Food,Chile,Sodimac,Self sign-up,Small,21.0,5,3.0,5,1,0.5795
S04162,Hardware,Chile,Sodimac,Referral,Micro,3.0,1,1.0,6,1,0.5787
S02043,Food,Chile,Marketplace direct,Sales rep,Medium,5.0,3,3.0,6,0,0.5764
S05921,Electronics,Chile,Marketplace direct,Referral,Medium,5.0,3,4.0,4,0,0.5757
S18011,Hardware,Chile,Falabella Retail,Referral,Micro,12.0,1,3.0,6,1,0.575
S00596,Sports,Colombia,Sodimac,Referral,Medium,16.0,5,2.0,2,1,0.5747
S03423,Fashion,Peru,Falabella Retail,Sales rep,Small,7.0,2,4.0,6,0,0.5747
S04806,Fashion,Peru,Falabella Retail,Sales rep,Micro,15.0,5,1.0,1,1,0.5747
S17939,Toys,Chile,Sodimac,Sales rep,Small,1.0,5,1.0,5,0,0.5746
S01617,Beauty,Chile,Sodimac,Event,Medium,8.0,3,3.0,0,1,0.5735
S09788,Home,Chile,Falabella Retail,Sales rep,Small,31.0,1,1.0,5,1,0.5731
S18439,Home,Chile,Sodimac,Self sign-up,Small,11.0,2,2.0,6,1,0.5727
S18806,Hardware,Chile,Tottus,Referral,Small,17.0,3,1.0,1,1,0.57
S14237,Beauty,Chile,Sodimac,Sales rep,Micro,9.0,5,3.0,1,1,0.566
S01427,Electronics,Colombia,Sodimac,Sales rep,Medium,8.0,5,4.0,0,1,0.5659
S12988,Sports,Colombia,Marketplace direct,Referral,Micro,49.0,3,3.0,9,1,0.5657
S19816,Home,Chile,Falabella Retail,Sales rep,Small,4.0,4,3.0,2,1,0.5647
S11454,Toys,Peru,Falabella Retail,Event,Small,6.0,5,7.0,11,0,0.5644
S04053,Fashion,Chile,Falabella Retail,Sales rep,Small,1.0,5,1.0,2,0,0.5631
S05414,Toys,Colombia,Marketplace direct,Event,Small,49.0,0,3.0,13,1,0.5621
S14841,Fashion,Colombia,Tottus,Referral,Small,3.0,1,2.0,11,0,0.562
S05209,Electronics,Peru,Marketplace direct,Sales rep,Small,3.0,2,1.0,2,1,0.5607
S04893,Home,Colombia,Falabella Retail,Self sign-up,Micro,4.0,5,2.0,6,1,0.5605
S05428,Food,Chile,Falabella Retail,Event,Micro,19.0,4,2.0,4,1,0.5594
S14869,Home,Chile,Sodimac,Sales rep,Small,2.0,4,1.0,2,0,0.5583
S17297,Fashion,Peru,Sodimac,Sales rep,Small,18.0,3,3.0,1,1,0.5571
S02824,Food,Chile,Falabella Retail,Referral,Micro,8.0,4,1.0,2,1,0.5557
S19213,Fashion,Colombia,Falabella Retail,Self sign-up,Micro,15.0,5,1.0,3,1,0.5557
S12171,Hardware,Chile,Falabella Retail,Sales rep,Small,14.0,4,2.0,1,1,0.5531
S07462,Electronics,Chile,Falabella Retail,Sales rep,Micro,7.0,3,3.0,2,1,0.5513
S12118,Electronics,Colombia,Marketplace direct,Self sign-up,Micro,1.0,1,3.0,20,0,0.5509
S04731,Food,Colombia,Falabella Retail,Sales rep,Small,10.0,5,1.0,1,1,0.5504
S09116,Electronics,Peru,Tottus,Event,Micro,11.0,5,1.0,2,1,0.5485
S12346,Electronics,Chile,Marketplace direct,Self sign-up,Small,24.0,3,4.0,4,1,0.548
S12716,Beauty,Colombia,Sodimac,Sales rep,Micro,9.0,5,2.0,1,1,0.5479
S00625,Fashion,Chile,Falabella Retail,Sales rep,Small,1.0,5,3.0,4,0,0.5477
S07645,Home,Peru,Tottus,Self sign-up,Medium,8.0,5,1.0,4,1,0.5464
S14587,Home,Chile,Falabella Retail,Sales rep,Small,14.0,5,5.0,4,1,0.5464
S08714,Electronics,Colombia,Sodimac,Self sign-up,Small,4.0,1,1.0,8,1,0.5457
S01992,Home,Peru,Tottus,Sales rep,Small,32.0,2,1.0,2,1,0.5454
S15592,Beauty,Chile,Sodimac,Sales rep,Micro,8.0,5,1.0,0,1,0.5434
S00743,Electronics,Chile,Falabella Retail,Self sign-up,Micro,17.0,1,3.0,7,1,0.5419
S00519,Hardware,Peru,Sodimac,Sales rep,Micro,20.0,5,1.0,0,1,0.5416
S16100,Sports,Peru,Falabella Retail,Referral,Medium,8.0,1,4.0,5,1,0.5398
S00140,Fashion,Chile,Marketplace direct,Self sign-up,Medium,3.0,4,2.0,5,0,0.5353
S16728,Hardware,Chile,Sodimac,Sales rep,Micro,11.0,5,1.0,3,1,0.5346
S03939,Electronics,Chile,Sodimac,Self sign-up,Small,4.0,5,3.0,4,0,0.534
S06825,Beauty,Chile,Tottus,Sales rep,Small,18.0,4,1.0,3,1,0.533
S15098,Hardware,Chile,Falabella Retail,Sales rep,Micro,3.0,5,2.0,3,0,0.5326
S13751,Beauty,Chile,Falabella Retail,Sales rep,Micro,19.0,3,2.0,3,1,0.5322
S12142,Hardware,Chile,Sodimac,Self sign-up,Small,8.0,4,1.0,2,1,0.5322
S16420,Food,Chile,Tottus,Sales rep,Micro,10.0,4,1.0,2,1,0.5319
S11333,Fashion,Peru,Tottus,Self sign-up,Medium,22.0,4,1.0,2,1,0.5314
S08129,Fashion,Peru,Sodimac,Referral,Medium,13.0,1,1.0,0,1,0.53
S04983,Home,Peru,Marketplace direct,Sales rep,Small,13.0,0,1.0,3,1,0.5278
S02568,Sports,Colombia,Falabella Retail,Self sign-up,Medium,8.0,5,1.0,3,1,0.5276
S04518,Toys,Colombia,Falabella Retail,Referral,Micro,12.0,5,5.0,3,1,0.5274
S09714,Electronics,Peru,Marketplace direct,Event,Micro,2.0,4,1.0,3,1,0.5268
S04084,Beauty,Chile,Falabella Retail,Self sign-up,Small,18.0,4,1.0,1,1,0.5264
S19010,Electronics,Chile,Falabella Retail,Referral,Small,19.0,0,2.0,4,1,0.5262
S00426,Home,Colombia,Marketplace direct,Sales rep,Micro,24.0,3,1.0,4,1,0.5252
S00497,Sports,Peru,Sodimac,Referral,Small,10.0,3,3.0,3,1,0.5252
S08482,Hardware,Peru,Tottus,Self sign-up,Small,4.0,1,2.0,13,0,0.5251
S14382,Sports,Chile,Falabella Retail,Self sign-up,Micro,33.0,0,1.0,8,1,0.5239
S06923,Fashion,Colombia,Sodimac,Self sign-up,Medium,12.0,4,2.0,5,1,0.5233
S14816,Toys,Chile,Falabella Retail,Sales rep,Micro,2.0,4,1.0,2,1,0.5216
S04398,Electronics,Colombia,Sodimac,Sales rep,Micro,19.0,4,1.0,5,1,0.5213
S06214,Home,Peru,Tottus,Event,Small,23.0,2,5.0,5,1,0.5209
S11020,Fashion,Peru,Sodimac,Self sign-up,Micro,11.0,4,4.0,10,1,0.5209
S15909,Fashion,Peru,Sodimac,Event,Medium,8.0,2,5.0,5,1,0.5203
S19274,Home,Peru,Falabella Retail,Sales rep,Medium,1.0,5,1.0,0,0,0.5193
S03954,Electronics,Peru,Sodimac,Event,Micro,13.0,5,2.0,2,1,0.5159
S07759,Beauty,Colombia,Sodimac,Sales rep,Small,38.0,2,1.0,2,1,0.5154
S16164,Electronics,Colombia,Sodimac,Sales rep,Micro,9.0,2,1.0,3,1,0.5133
S19736,Sports,Colombia,Sodimac,Sales rep,Micro,20.0,4,1.0,2,1,0.5129
S09259,Fashion,Chile,Falabella Retail,Event,Micro,10.0,4,2.0,2,1,0.5121
S02895,Electronics,Chile,Sodimac,Sales rep,Small,5.0,4,5.0,0,1,0.5117
S17371,Fashion,Peru,Falabella Retail,Sales rep,Small,3.0,1,1.0,5,0,0.5114
S03661,Hardware,Peru,Sodimac,Sales rep,Medium,19.0,0,4.0,5,1,0.5102
S19823,Hardware,Chile,Marketplace direct,Self sign-up,Micro,35.0,1,1.0,9,1,0.5097
S01939,Electronics,Peru,Falabella Retail,Self sign-up,Medium,4.0,2,1.0,1,1,0.5094
S02589,Fashion,Chile,Falabella Retail,Sales rep,Micro,3.0,5,1.0,0,0,0.5087
S19948,Home,Chile,Marketplace direct,Sales rep,Micro,5.0,3,2.0,4,0,0.5084
S00423,Electronics,Chile,Falabella Retail,Sales rep,Medium,1.0,5,3.0,0,0,0.5069
S11500,Beauty,Peru,Tottus,Sales rep,Small,5.0,4,2.0,1,1,0.5042
S01856,Home,Colombia,Falabella Retail,Sales rep,Small,18.0,4,3.0,4,1,0.5039
S06522,Electronics,Colombia,Sodimac,Sales rep,Micro,15.0,4,1.0,0,1,0.5036
S13552,Electronics,Colombia,Falabella Retail,Self sign-up,Small,3.0,5,2.0,5,0,0.5035
S05953,Electronics,Chile,Falabella Retail,Self sign-up,Small,2.0,5,9.0,13,0,0.5035
S00422,Electronics,Colombia,Falabella Retail,Referral,Micro,8.0,2,1.0,5,1,0.5021
S05999,Hardware,Chile,Falabella Retail,Self sign-up,Medium,4.0,5,2.0,2,0,0.5018
S19100,Electronics,Colombia,Falabella Retail,Sales rep,Micro,2.0,5,1.0,2,0,0.5016
S02770,Home,Chile,Falabella Retail,Sales rep,Medium,1.0,3,1.0,2,0,0.5012
S12991,Fashion,Chile,Tottus,Self sign-up,Small,3.0,5,3.0,6,0,0.5004
S01877,Home,Chile,Tottus,Self sign-up,Medium,6.0,5,2.0,0,1,0.5002
S15707,Food,Chile,Sodimac,Referral,Micro,20.0,5,1.0,4,1,0.5001
S03769,Sports,Colombia,Sodimac,Sales rep,Micro,1.0,5,1.0,3,1,0.4999
S03022,Fashion,Peru,Marketplace direct,Self sign-up,Micro,35.0,4,2.0,8,1,0.4992
S17503,Beauty,Peru,Falabella Retail,Event,Medium,5.0,3,2.0,2,1,0.499
S17111,Toys,Chile,Falabella Retail,Sales rep,Small,5.0,3,3.0,1,1,0.4987
S16792,Fashion,Colombia,Marketplace direct,Event,Micro,15.0,5,2.0,2,1,0.4987
S18485,Fashion,Chile,Sodimac,Self sign-up,Micro,3.0,3,1.0,4,1,0.4982
S06711,Hardware,Colombia,Sodimac,Self sign-up,Small,0.0,3,1.0,14,0,0.498
S08739,Sports,Chile,Falabella Retail,Self sign-up,Micro,18.0,3,3.0,8,1,0.4979
S16314,Electronics,Chile,Sodimac,Self sign-up,Micro,5.0,2,2.0,4,1,0.4963
S01287,Home,Peru,Falabella Retail,Referral,Medium,6.0,1,3.0,2,1,0.4951
S03757,Home,Chile,Marketplace direct,Self sign-up,Micro,33.0,5,4.0,7,1,0.4922
S07010,Electronics,Peru,Sodimac,Self sign-up,Micro,3.0,5,1.0,1,1,0.4922
S02859,Fashion,Chile,Falabella Retail,Sales rep,Small,2.0,4,3.0,1,1,0.4919
S16801,Fashion,Chile,Sodimac,Referral,Micro,7.0,5,3.0,0,1,0.4917
S11613,Toys,Chile,Sodimac,Self sign-up,Micro,25.0,3,1.0,10,1,0.4905
S06526,Home,Chile,Falabella Retail,Self sign-up,Micro,18.0,2,2.0,5,1,0.4902
S08985,Toys,Peru,Sodimac,Sales rep,Micro,1.0,5,1.0,1,1,0.4885
S04008,Home,Chile,Marketplace direct,Sales rep,Small,0.0,5,1.0,0,1,0.4883
S15327,Electronics,Chile,Sodimac,Self sign-up,Micro,26.0,5,1.0,1,1,0.4881
S17942,Electronics,Chile,Marketplace direct,Sales rep,Medium,2.0,4,3.0,0,0,0.4877
S03761,Home,Chile,Falabella Retail,Referral,Small,7.0,3,1.0,1,1,0.4875
S01590,Home,Chile,Marketplace direct,Event,Micro,6.0,2,2.0,3,1,0.4863
S08103,Toys,Chile,Sodimac,Sales rep,Small,2.0,5,2.0,2,0,0.4858
S08089,Electronics,Chile,Sodimac,Sales rep,Micro,12.0,0,1.0,1,1,0.4855
S17761,Fashion,Chile,Sodimac,Self sign-up,Small,18.0,5,4.0,6,1,0.4849
S15892,Fashion,Chile,Falabella Retail,Self sign-up,Micro,29.0,4,2.0,2,1,0.4849
S16272,Electronics,Colombia,Sodimac,Sales rep,Small,8.0,3,2.0,1,1,0.4837
S16225,Fashion,Chile,Falabella Retail,Self sign-up,Micro,7.0,5,2.0,2,1,0.4831
S11892,Beauty,Chile,Falabella Retail,Event,Small,3.0,4,2.0,3,0,0.4819
S12910,Fashion,Peru,Marketplace direct,Sales rep,Micro,0.0,4,1.0,4,1,0.4802
S02801,Fashion,Peru,Sodimac,Self sign-up,Small,14.0,3,2.0,3,1,0.479
S04649,Fashion,Colombia,Falabella Retail,Self sign-up,Micro,25.0,4,5.0,7,1,0.4789
S16730,Electronics,Chile,Tottus,Self sign-up,Medium,6.0,1,1.0,3,1,0.4788
S10512,Home,Colombia,Marketplace direct,Sales rep,Medium,15.0,0,1.0,7,1,0.4788
S03800,Electronics,Peru,Falabella Retail,Sales rep,Micro,2.0,4,1.0,2,0,0.4783
S19052,Sports,Chile,Falabella Retail,Sales rep,Micro,30.0,1,1.0,3,1,0.4774
S11828,Home,Colombia,Falabella Retail,Event,Small,11.0,5,2.0,1,1,0.4768
S10179,Sports,Chile,Falabella Retail,Sales rep,Micro,5.0,4,6.0,3,1,0.4763
S07546,Beauty,Chile,Falabella Retail,Sales rep,Small,1.0,4,3.0,4,0,0.4762
S02856,Sports,Chile,Falabella Retail,Event,Small,20.0,3,2.0,3,1,0.4762
S17348,Electronics,Peru,Falabella Retail,Sales rep,Medium,6.0,2,3.0,2,1,0.475
S14333,Electronics,Chile,Falabella Retail,Self sign-up,Micro,28.0,5,1.0,2,1,0.4745
S01774,Sports,Chile,Tottus,Referral,Micro,4.0,2,1.0,4,1,0.473
S11421,Electronics,Colombia,Sodimac,Self sign-up,Small,7.0,4,9.0,11,0,0.4713
S13501,Home,Chile,Tottus,Self sign-up,Micro,21.0,5,1.0,4,1,0.4712
S19559,Electronics,Chile,Falabella Retail,Event,Small,10.0,2,1.0,1,1,0.4711
S18422,Sports,Colombia,Falabella Retail,Sales rep,Micro,10.0,5,1.0,1,1,0.4709
S07036,Electronics,Peru,Marketplace direct,Referral,Micro,5.0,4,3.0,2,1,0.4697
S15240,Beauty,Colombia,Falabella Retail,Event,Micro,6.0,5,11.0,10,1,0.4697
S18712,Electronics,Peru,Falabella Retail,Sales rep,Micro,1.0,5,2.0,3,0,0.4696
S05151,Electronics,Chile,Sodimac,Sales rep,Small,0.0,5,1.0,1,0,0.4692
S09100,Home,Peru,Falabella Retail,Event,Micro,11.0,4,2.0,3,1,0.4682
S09401,Sports,Chile,Marketplace direct,Referral,Small,8.0,5,2.0,0,1,0.468
S15311,Hardware,Peru,Tottus,Self sign-up,Micro,38.0,4,2.0,4,1,0.4673
S12788,Toys,Colombia,Tottus,Sales rep,Micro,5.0,3,5.0,11,0,0.4654
S11128,Electronics,Chile,Marketplace direct,Sales rep,Micro,19.0,5,1.0,1,1,0.4648
S17429,Home,Chile,Sodimac,Sales rep,Micro,2.0,2,1.0,5,0,0.4641
S02771,Hardware,Chile,Falabella Retail,Self sign-up,Small,18.0,5,1.0,2,1,0.4637
S17723,Home,Chile,Tottus,Self sign-up,Micro,14.0,5,2.0,7,1,0.4637
S09168,Home,Peru,Falabella Retail,Referral,Micro,26.0,4,1.0,1,1,0.4631
S11707,Electronics,Chile,Marketplace direct,Sales rep,Micro,3.0,2,1.0,0,1,0.4627
S15437,Fashion,Chile,Marketplace direct,Self sign-up,Micro,28.0,0,1.0,7,1,0.4623
S06275,Toys,Colombia,Sodimac,Event,Micro,10.0,5,1.0,0,1,0.461
S11110,Fashion,Colombia,Sodimac,Referral,Micro,10.0,4,1.0,0,1,0.4609
S11005,Electronics,Colombia,Falabella Retail,Event,Small,1.0,5,1.0,3,0,0.4609
S06474,Electronics,Peru,Tottus,Sales rep,Small,8.0,4,8.0,4,0,0.4605
S15508,Electronics,Colombia,Falabella Retail,Event,Micro,24.0,1,5.0,8,1,0.46
S19522,Electronics,Peru,Marketplace direct,Sales rep,Small,36.0,1,1.0,2,1,0.4598
S15898,Electronics,Colombia,Tottus,Sales rep,Micro,7.0,3,3.0,2,1,0.4595
S01023,Beauty,Peru,Tottus,Event,Micro,5.0,2,2.0,8,0,0.4579
S10187,Fashion,Chile,Sodimac,Self sign-up,Micro,5.0,5,2.0,2,1,0.457
S03500,Fashion,Chile,Falabella Retail,Sales rep,Medium,6.0,1,3.0,1,1,0.457
S00026,Fashion,Chile,Marketplace direct,Self sign-up,Medium,18.0,2,2.0,2,1,0.4569
S03908,Beauty,Chile,Sodimac,Sales rep,Micro,1.0,5,4.0,5,0,0.4566
S02457,Electronics,Chile,Falabella Retail,Sales rep,Small,4.0,4,5.0,0,1,0.4558
S05576,Food,Colombia,Sodimac,Sales rep,Medium,4.0,4,2.0,1,1,0.4548
S11408,Beauty,Colombia,Sodimac,Event,Micro,7.0,1,1.0,5,1,0.4544
S02866,Fashion,Peru,Marketplace direct,Event,Micro,4.0,5,2.0,3,0,0.4543
S18835,Toys,Chile,Marketplace direct,Referral,Micro,7.0,5,4.0,3,1,0.4541
S14828,Fashion,Chile,Sodimac,Self sign-up,Small,22.0,4,2.0,1,1,0.4531
S05514,Electronics,Chile,Tottus,Referral,Micro,2.0,5,4.0,1,1,0.4531
S03744,Electronics,Peru,Falabella Retail,Self sign-up,Micro,8.0,5,3.0,4,1,0.453
S14496,Food,Chile,Marketplace direct,Event,Small,23.0,0,2.0,7,1,0.4527
S03196,Beauty,Chile,Tottus,Event,Small,14.0,2,4.0,4,1,0.4511
S05227,Electronics,Peru,Marketplace direct,Referral,Medium,2.0,2,1.0,2,0,0.4507
S05765,Fashion,Chile,Sodimac,Self sign-up,Medium,1.0,5,3.0,4,0,0.4506
S07347,Fashion,Chile,Sodimac,Event,Micro,6.0,3,4.0,2,1,0.4504
S06180,Electronics,Peru,Sodimac,Sales rep,Micro,1.0,5,2.0,2,0,0.4499
S00159,Toys,Colombia,Tottus,Self sign-up,Micro,21.0,3,1.0,8,1,0.4497
S09838,Hardware,Colombia,Sodimac,Referral,Small,35.0,3,2.0,3,1,0.4495
S07422,Home,Chile,Sodimac,Self sign-up,Micro,3.0,5,2.0,5,0,0.4491
S14245,Beauty,Chile,Tottus,Sales rep,Micro,10.0,2,3.0,1,1,0.4491
S10889,Electronics,Peru,Tottus,Event,Medium,8.0,3,12.0,11,0,0.4486
S13472,Electronics,Chile,Falabella Retail,Sales rep,Micro,29.0,0,4.0,6,1,0.4482
S11104,Hardware,Colombia,Falabella Retail,Sales rep,Micro,24.0,1,1.0,5,1,0.448
S01279,Beauty,Colombia,Falabella Retail,Event,Micro,4.0,5,2.0,1,1,0.448
S09500,Sports,Colombia,Sodimac,Referral,Small,24.0,1,3.0,5,1,0.4478
S14117,Electronics,Chile,Falabella Retail,Self sign-up,Micro,19.0,1,1.0,6,1,0.4477
S00057,Beauty,Colombia,Sodimac,Self sign-up,Medium,4.0,2,2.0,6,0,0.4476
S11152,Home,Chile,Sodimac,Sales rep,Small,16.0,2,3.0,1,1,0.4464
S05718,Electronics,Chile,Falabella Retail,Sales rep,Small,6.0,0,5.0,2,1,0.4464
S05404,Beauty,Peru,Sodimac,Event,Small,4.0,2,1.0,0,1,0.4463
S03516,Beauty,Chile,Falabella Retail,Self sign-up,Micro,4.0,5,3.0,2,1,0.4461
S06727,Home,Chile,Falabella Retail,Self sign-up,Micro,20.0,4,3.0,5,1,0.4459
S06813,Electronics,Chile,Sodimac,Sales rep,Micro,14.0,3,4.0,3,1,0.4456
S16655,Toys,Chile,Sodimac,Self sign-up,Small,12.0,5,4.0,2,1,0.4444
S09214,Electronics,Chile,Falabella Retail,Event,Small,1.0,5,2.0,2,0,0.4443
S15372,Food,Peru,Sodimac,Sales rep,Micro,10.0,4,1.0,1,1,0.4436
S04662,Fashion,Chile,Sodimac,Referral,Micro,2.0,5,4.0,4,0,0.4434
S09872,Sports,Peru,Marketplace direct,Event,Medium,1.0,5,2.0,1,1,0.4426
S15620,Hardware,Chile,Sodimac,Referral,Micro,1.0,2,1.0,8,0,0.4426
S01656,Home,Chile,Sodimac,Self sign-up,Micro,9.0,4,4.0,5,1,0.4425
S02616,Home,Chile,Sodimac,Referral,Small,13.0,1,1.0,4,1,0.4423
S09496,Electronics,Chile,Marketplace direct,Event,Micro,4.0,4,2.0,1,1,0.442
S18251,Home,Chile,Falabella Retail,Self sign-up,Micro,14.0,4,3.0,5,1,0.4412
S01580,Hardware,Chile,Marketplace direct,Sales rep,Small,2.0,3,2.0,3,0,0.441
S13276,Beauty,Chile,Sodimac,Referral,Micro,3.0,3,3.0,3,1,0.4408
S19205,Toys,Chile,Sodimac,Self sign-up,Small,9.0,3,1.0,3,1,0.4405
S04100,Home,Chile,Falabella Retail,Event,Medium,4.0,2,1.0,1,0,0.4391
S04561,Home,Chile,Falabella Retail,Referral,Micro,17.0,1,3.0,4,1,0.439
S07394,Hardware,Chile,Marketplace direct,Referral,Small,6.0,3,3.0,2,1,0.4388
S07753,Hardware,Chile,Tottus,Sales rep,Micro,3.0,2,5.0,8,1,0.4387
S09492,Hardware,Peru,Falabella Retail,Self sign-up,Medium,7.0,5,1.0,1,1,0.4386
S17028,Beauty,Peru,Sodimac,Self sign-up,Small,20.0,0,3.0,12,1,0.4384
S08388,Fashion,Peru,Sodimac,Self sign-up,Small,2.0,2,4.0,11,0,0.4382
S10269,Home,Peru,Marketplace direct,Self sign-up,Small,5.0,4,2.0,4,0,0.4376
S15655,Beauty,Colombia,Sodimac,Event,Small,1.0,5,1.0,3,0,0.4367
S12424,Home,Chile,Marketplace direct,Self sign-up,Small,49.0,1,5.0,10,1,0.4357
S02886,Electronics,Chile,Marketplace direct,Self sign-up,Small,1.0,3,2.0,8,0,0.4351
S00184,Toys,Chile,Falabella Retail,Self sign-up,Medium,13.0,2,1.0,1,1,0.4347
S14514,Beauty,Chile,Sodimac,Event,Micro,9.0,4,1.0,1,1,0.4347
S03108,Home,Chile,Sodimac,Self sign-up,Small,5.0,3,3.0,5,0,0.4345
S13320,Home,Colombia,Marketplace direct,Sales rep,Small,11.0,0,1.0,4,1,0.434
S05493,Home,Chile,Marketplace direct,Sales rep,Micro,2.0,1,2.0,8,0,0.4339
S06040,Fashion,Chile,Tottus,Self sign-up,Small,20.0,5,1.0,3,1,0.4333
S13439,Electronics,Colombia,Falabella Retail,Self sign-up,Medium,0.0,4,1.0,7,0,0.4332
S08487,Electronics,Peru,Falabella Retail,Sales rep,Micro,1.0,3,1.0,4,0,0.4328
S04056,Home,Chile,Tottus,Self sign-up,Small,6.0,3,2.0,3,1,0.4316
S05364,Hardware,Chile,Marketplace direct,Referral,Micro,23.0,1,3.0,7,1,0.4315
S10120,Electronics,Colombia,Marketplace direct,Self sign-up,Medium,24.0,5,1.0,0,1,0.4315
S10176,Electronics,Colombia,Falabella Retail,Self sign-up,Medium,2.0,5,2.0,2,0,0.4312
S02911,Electronics,Chile,Marketplace direct,Event,Micro,13.0,2,1.0,6,1,0.4309
S12650,Electronics,Peru,Tottus,Event,Micro,2.0,5,2.0,4,0,0.4305
S10803,Electronics,Chile,Falabella Retail,Sales rep,Small,6.0,4,3.0,0,1,0.4299
S09308,Fashion,Chile,Falabella Retail,Self sign-up,Small,2.0,5,2.0,3,0,0.4283
S03449,Hardware,Peru,Sodimac,Sales rep,Small,1.0,5,3.0,2,0,0.4283
S08013,Fashion,Chile,Falabella Retail,Referral,Micro,17.0,2,3.0,1,1,0.4272
S08249,Electronics,Chile,Sodimac,Self sign-up,Small,21.0,3,2.0,3,1,0.4267
S19122,Food,Chile,Falabella Retail,Sales rep,Small,1.0,5,1.0,2,0,0.4264
S01749,Fashion,Peru,Marketplace direct,Referral,Small,1.0,2,2.0,7,0,0.4258
S15029,Beauty,Chile,Marketplace direct,Event,Micro,16.0,5,1.0,0,1,0.4257
S13995,Home,Chile,Sodimac,Sales rep,Small,4.0,3,4.0,0,1,0.4251
S03957,Food,Peru,Tottus,Self sign-up,Micro,19.0,2,1.0,10,1,0.4247
S16639,Fashion,Colombia,Falabella Retail,Self sign-up,Small,32.0,5,4.0,5,1,0.4246
S00553,Hardware,Peru,Sodimac,Self sign-up,Micro,0.0,5,1.0,10,0,0.4234
S02480,Fashion,Colombia,Tottus,Sales rep,Micro,8.0,4,4.0,2,1,0.4226
S13483,Electronics,Colombia,Sodimac,Sales rep,Micro,3.0,5,5.0,3,0,0.4226
S06253,Fashion,Peru,Sodimac,Self sign-up,Small,30.0,4,1.0,3,1,0.4222
S00416,Electronics,Colombia,Falabella Retail,Self sign-up,Medium,26.0,3,2.0,0,1,0.4216
S18019,Beauty,Peru,Falabella Retail,Sales rep,Micro,0.0,4,1.0,6,0,0.4211
S00372,Fashion,Chile,Marketplace direct,Event,Medium,2.0,2,3.0,5,0,0.4211
S04773,Fashion,Chile,Falabella Retail,Sales rep,Micro,4.0,5,1.0,1,1,0.4207
S11856,Home,Chile,Marketplace direct,Self sign-up,Micro,11.0,4,2.0,3,1,0.4205
S03489,Fashion,Chile,Sodimac,Event,Medium,14.0,5,4.0,1,1,0.42
S11197,Home,Chile,Marketplace direct,Sales rep,Micro,4.0,4,2.0,0,1,0.4194
S19289,Electronics,Colombia,Sodimac,Sales rep,Medium,5.0,1,1.0,2,1,0.4188
S18326,Fashion,Peru,Tottus,Referral,Micro,10.0,2,2.0,4,1,0.4172
S11343,Home,Chile,Sodimac,Sales rep,Small,3.0,5,5.0,0,0,0.4171
S02775,Fashion,Chile,Sodimac,Self sign-up,Micro,13.0,0,1.0,6,1,0.4167
S17005,Home,Chile,Falabella Retail,Self sign-up,Small,20.0,5,2.0,3,1,0.4156
S13880,Sports,Peru,Falabella Retail,Self sign-up,Small,15.0,4,1.0,1,1,0.4152
S08851,Electronics,Colombia,Marketplace direct,Referral,Medium,3.0,3,5.0,4,0,0.4149
S17113,Toys,Chile,Falabella Retail,Sales rep,Medium,1.0,3,1.0,2,0,0.4146
S04433,Fashion,Chile,Falabella Retail,Sales rep,Micro,2.0,4,5.0,5,0,0.4144
S16791,Beauty,Peru,Falabella Retail,Self sign-up,Small,18.0,4,2.0,1,1,0.4139
S16626,Home,Chile,Falabella Retail,Event,Micro,32.0,0,16.0,16,1,0.413
S06625,Hardware,Chile,Falabella Retail,Sales rep,Micro,1.0,3,1.0,1,1,0.4126
S06893,Home,Peru,Tottus,Sales rep,Small,10.0,3,3.0,1,1,0.4125
S16650,Home,Chile,Falabella Retail,Self sign-up,Small,6.0,2,4.0,7,0,0.4118
S09934,Hardware,Chile,Falabella Retail,Self sign-up,Medium,8.0,4,1.0,1,1,0.411
S11308,Electronics,Chile,Sodimac,Self sign-up,Small,3.0,4,3.0,3,0,0.4104
S02468,Beauty,Chile,Falabella Retail,Sales rep,Micro,3.0,5,3.0,0,0,0.41
S06374,Home,Colombia,Falabella Retail,Self sign-up,Small,12.0,2,1.0,4,1,0.4095
S04847,Sports,Chile,Tottus,Sales rep,Micro,21.0,4,3.0,0,1,0.4091
S08867,Fashion,Chile,Falabella Retail,Sales rep,Micro,19.0,4,7.0,1,1,0.4085
S04650,Hardware,Colombia,Tottus,Referral,Micro,13.0,0,2.0,6,1,0.4076
S05555,Hardware,Peru,Falabella Retail,Sales rep,Micro,25.0,4,3.0,1,1,0.4066
S06662,Electronics,Chile,Falabella Retail,Self sign-up,Small,9.0,5,8.0,4,0,0.4059
S15414,Home,Chile,Marketplace direct,Self sign-up,Micro,2.0,4,4.0,10,0,0.4053
S09197,Home,Chile,Marketplace direct,Sales rep,Medium,1.0,3,2.0,1,0,0.4046
S09773,Beauty,Peru,Falabella Retail,Self sign-up,Small,4.0,4,2.0,3,0,0.404
S16902,Beauty,Colombia,Marketplace direct,Sales rep,Small,1.0,4,2.0,3,0,0.404
S16603,Electronics,Chile,Marketplace direct,Referral,Micro,8.0,0,5.0,5,1,0.4039
S05782,Fashion,Chile,Sodimac,Sales rep,Medium,0.0,3,1.0,1,0,0.4037
S05173,Electronics,Colombia,Falabella Retail,Self sign-up,Small,3.0,5,3.0,4,1,0.4023
S11968,Beauty,Peru,Tottus,Sales rep,Micro,6.0,3,1.0,4,1,0.4023
S15084,Home,Chile,Sodimac,Referral,Small,3.0,5,5.0,1,0,0.4018
S00897,Home,Peru,Falabella Retail,Referral,Small,2.0,3,2.0,3,0,0.4017
S09950,Electronics,Peru,Falabella Retail,Sales rep,Small,6.0,5,1.0,0,1,0.4013
S07873,Electronics,Chile,Marketplace direct,Self sign-up,Micro,7.0,2,4.0,6,1,0.4008
S17360,Food,Chile,Marketplace direct,Sales rep,Micro,3.0,4,1.0,3,0,0.4
S17827,Fashion,Chile,Marketplace direct,Event,Micro,3.0,5,4.0,4,0,0.3997
S03941,Home,Colombia,Marketplace direct,Event,Medium,1.0,5,1.0,1,0,0.3996
S14527,Hardware,Colombia,Falabella Retail,Sales rep,Micro,16.0,1,1.0,1,1,0.3995
S09436,Home,Chile,Sodimac,Sales rep,Medium,13.0,4,4.0,0,1,0.3993
S03213,Beauty,Chile,Marketplace direct,Event,Small,2.0,3,2.0,4,0,0.3993
S07113,Beauty,Peru,Sodimac,Self sign-up,Medium,2.0,5,3.0,2,0,0.3992
S03125,Home,Chile,Falabella Retail,Self sign-up,Small,8.0,5,2.0,1,1,0.3991
S03642,Hardware,Colombia,Falabella Retail,Self sign-up,Micro,7.0,5,1.0,2,1,0.3988
S13627,Home,Colombia,Marketplace direct,Self sign-up,Micro,2.0,4,1.0,4,1,0.3986
S14615,Electronics,Colombia,Falabella Retail,Event,Medium,15.0,3,1.0,2,1,0.3984
S14533,Home,Colombia,Tottus,Self sign-up,Micro,3.0,4,2.0,6,1,0.398
S18906,Electronics,Chile,Tottus,Sales rep,Medium,19.0,0,3.0,3,1,0.3978
S18531,Hardware,Chile,Marketplace direct,Self sign-up,Medium,18.0,4,1.0,1,1,0.3971
S09511,Fashion,Chile,Sodimac,Event,Micro,5.0,5,3.0,0,0,0.3963
S16754,Beauty,Peru,Falabella Retail,Self sign-up,Medium,53.0,2,6.0,6,1,0.3962
S19547,Beauty,Chile,Sodimac,Sales rep,Small,0.0,5,1.0,0,0,0.3962
S09937,Home,Peru,Falabella Retail,Self sign-up,Small,0.0,3,1.0,10,0,0.3961
S01046,Home,Chile,Falabella Retail,Self sign-up,Micro,0.0,4,1.0,10,0,0.396
S01545,Fashion,Chile,Marketplace direct,Sales rep,Small,1.0,3,1.0,1,0,0.395
S02258,Electronics,Chile,Falabella Retail,Self sign-up,Small,3.0,5,6.0,5,0,0.395
S00121,Sports,Chile,Falabella Retail,Self sign-up,Micro,4.0,1,2.0,11,0,0.3939
S10522,Electronics,Peru,Falabella Retail,Sales rep,Medium,1.0,3,4.0,2,0,0.3938
S08821,Fashion,Chile,Marketplace direct,Self sign-up,Small,5.0,2,2.0,2,1,0.3936
S03071,Food,Colombia,Falabella Retail,Sales rep,Small,1.0,5,2.0,4,0,0.3936
S10571,Beauty,Colombia,Falabella Retail,Referral,Small,6.0,2,1.0,2,1,0.3931
S07510,Beauty,Colombia,Falabella Retail,Self sign-up,Micro,16.0,4,1.0,3,1,0.3927
S07555,Food,Chile,Falabella Retail,Sales rep,Small,26.0,1,3.0,5,1,0.3923
S11994,Electronics,Chile,Marketplace direct,Self sign-up,Micro,6.0,5,5.0,3,1,0.3921
S02738,Sports,Chile,Sodimac,Referral,Medium,17.0,0,3.0,5,1,0.3919
S11216,Hardware,Chile,Sodimac,Sales rep,Micro,49.0,2,1.0,0,1,0.3917
S18398,Hardware,Colombia,Sodimac,Event,Small,1.0,4,1.0,4,0,0.3915
S09344,Sports,Peru,Falabella Retail,Sales rep,Small,9.0,2,2.0,1,1,0.3915
S11699,Hardware,Chile,Falabella Retail,Self sign-up,Small,25.0,5,4.0,1,1,0.3909
S00275,Fashion,Chile,Marketplace direct,Self sign-up,Medium,2.0,4,2.0,2,0,0.3907
S14933,Electronics,Peru,Falabella Retail,Self sign-up,Medium,1.0,3,3.0,6,0,0.3905
S11393,Fashion,Peru,Tottus,Referral,Small,6.0,3,2.0,1,1,0.3903
S07896,Beauty,Peru,Falabella Retail,Self sign-up,Small,6.0,0,1.0,6,1,0.3899
S04566,Toys,Peru,Falabella Retail,Referral,Medium,3.0,5,4.0,1,0,0.3892
S17780,Home,Chile,Falabella Retail,Referral,Small,0.0,2,2.0,8,0,0.3884
S18155,Home,Chile,Marketplace direct,Self sign-up,Micro,11.0,3,2.0,2,1,0.3876
S01214,Home,Peru,Tottus,Referral,Small,13.0,2,6.0,6,1,0.3865
S10627,Electronics,Peru,Falabella Retail,Sales rep,Small,0.0,5,2.0,1,0,0.3863
S03408,Fashion,Peru,Tottus,Sales rep,Micro,9.0,4,4.0,2,1,0.386
S07586,Electronics,Chile,Falabella Retail,Self sign-up,Medium,1.0,4,1.0,1,0,0.3858
S02416,Home,Colombia,Marketplace direct,Self sign-up,Small,2.0,1,1.0,10,0,0.3856
S19285,Hardware,Colombia,Sodimac,Sales rep,Small,6.0,5,3.0,1,1,0.3853
S17646,Beauty,Peru,Falabella Retail,Event,Small,0.0,5,2.0,5,0,0.3849
S10345,Hardware,Chile,Tottus,Self sign-up,Micro,7.0,4,2.0,4,1,0.3847
S00489,Beauty,Peru,Falabella Retail,Self sign-up,Small,3.0,4,5.0,7,0,0.3844
S11122,Sports,Chile,Falabella Retail,Referral,Micro,27.0,2,1.0,3,1,0.3841
S02598,Food,Peru,Marketplace direct,Sales rep,Micro,1.0,5,2.0,1,1,0.3835
S19437,Sports,Peru,Marketplace direct,Self sign-up,Small,22.0,2,4.0,9,1,0.3833
S12795,Sports,Chile,Marketplace direct,Sales rep,Small,1.0,3,2.0,4,0,0.3833
S06182,Hardware,Peru,Falabella Retail,Sales rep,Small,3.0,0,1.0,4,0,0.3828
S01253,Sports,Chile,Falabella Retail,Referral,Small,0.0,1,2.0,11,0,0.3826
S06466,Home,Colombia,Marketplace direct,Sales rep,Small,4.0,4,7.0,1,1,0.382
S02338,Beauty,Chile,Falabella Retail,Sales rep,Micro,3.0,3,1.0,0,0,0.3819
S01177,Fashion,Colombia,Falabella Retail,Event,Small,4.0,0,3.0,4,1,0.3818
S19262,Sports,Colombia,Tottus,Referral,Small,19.0,2,2.0,2,1,0.3816
S14220,Fashion,Colombia,Sodimac,Self sign-up,Small,1.0,4,1.0,5,0,0.3811
S17718,Home,Peru,Falabella Retail,Event,Small,2.0,5,4.0,3,0,0.3811
S09120,Beauty,Chile,Marketplace direct,Self sign-up,Small,1.0,5,1.0,3,0,0.3804
S06215,Electronics,Chile,Falabella Retail,Self sign-up,Medium,3.0,0,3.0,7,0,0.3803
S03774,Hardware,Chile,Marketplace direct,Self sign-up,Small,4.0,4,3.0,4,0,0.3801
S06961,Home,Chile,Tottus,Self sign-up,Small,39.0,0,1.0,8,1,0.3801
S12802,Electronics,Chile,Sodimac,Event,Micro,18.0,3,4.0,3,1,0.3799
S15915,Electronics,Chile,Sodimac,Referral,Small,2.0,1,6.0,8,0,0.3798
S11193,Beauty,Colombia,Tottus,Sales rep,Micro,8.0,3,9.0,9,0,0.3792
S17706,Beauty,Chile,Marketplace direct,Self sign-up,Small,3.0,5,5.0,5,0,0.3791
S16834,Hardware,Colombia,Marketplace direct,Event,Medium,4.0,5,5.0,2,0,0.379
S14499,Food,Chile,Tottus,Event,Small,40.0,3,4.0,5,1,0.3779
S08774,Sports,Chile,Falabella Retail,Event,Micro,10.0,2,5.0,3,1,0.3774
S18295,Food,Colombia,Sodimac,Sales rep,Small,4.0,2,3.0,2,1,0.3774
S07470,Home,Chile,Sodimac,Self sign-up,Small,31.0,3,1.0,3,1,0.3773
S10230,Beauty,Colombia,Sodimac,Self sign-up,Medium,5.0,3,1.0,1,1,0.3769
S06181,Beauty,Chile,Falabella Retail,Referral,Micro,7.0,5,2.0,0,1,0.3766
S18448,Fashion,Chile,Marketplace direct,Referral,Medium,5.0,2,6.0,3,0,0.3756
S10360,Hardware,Chile,Falabella Retail,Referral,Micro,0.0,4,1.0,6,0,0.3751
S13657,Fashion,Chile,Sodimac,Self sign-up,Small,3.0,5,3.0,1,0,0.3744
S13920,Toys,Chile,Falabella Retail,Self sign-up,Micro,19.0,3,2.0,6,1,0.3742
S10637,Hardware,Chile,Falabella Retail,Self sign-up,Micro,10.0,4,1.0,4,1,0.3739
S08443,Fashion,Colombia,Falabella Retail,Event,Medium,9.0,3,1.0,1,1,0.3737
S08671,Fashion,Chile,Marketplace direct,Sales rep,Small,3.0,1,2.0,2,0,0.3733
S08903,Fashion,Chile,Falabella Retail,Sales rep,Micro,3.0,3,4.0,3,0,0.3732
S05029,Electronics,Chile,Sodimac,Sales rep,Medium,0.0,2,1.0,1,0,0.3732
S00675,Fashion,Peru,Marketplace direct,Referral,Small,1.0,3,3.0,5,0,0.3728
S06762,Hardware,Colombia,Falabella Retail,Event,Micro,3.0,5,2.0,3,0,0.3725
S12014,Fashion,Chile,Marketplace direct,Referral,Micro,28.0,2,2.0,3,1,0.3724
S18804,Fashion,Chile,Sodimac,Event,Medium,9.0,3,2.0,0,1,0.3723
S19755,Sports,Colombia,Tottus,Sales rep,Micro,3.0,5,2.0,2,0,0.3722
S01628,Home,Peru,Marketplace direct,Sales rep,Micro,2.0,4,2.0,2,0,0.3721
S17166,Electronics,Peru,Marketplace direct,Referral,Micro,9.0,2,2.0,2,1,0.372
S07434,Electronics,Chile,Falabella Retail,Self sign-up,Medium,2.0,3,3.0,3,0,0.372
S04500,Electronics,Peru,Sodimac,Sales rep,Micro,10.0,3,2.0,0,1,0.3719
S13035,Sports,Peru,Sodimac,Sales rep,Small,7.0,2,4.0,0,1,0.3716
S08297,Home,Peru,Tottus,Event,Small,23.0,2,1.0,2,1,0.3715
S05256,Beauty,Chile,Falabella Retail,Sales rep,Micro,11.0,3,2.0,0,1,0.3713
S19833,Home,Peru,Tottus,Event,Small,5.0,3,3.0,1,1,0.3711
S18942,Home,Chile,Marketplace direct,Sales rep,Medium,12.0,0,2.0,0,1,0.371
S13584,Beauty,Chile,Tottus,Sales rep,Micro,6.0,1,3.0,3,1,0.3702
S01094,Beauty,Peru,Sodimac,Referral,Micro,13.0,4,1.0,2,1,0.3701
S06032,Electronics,Peru,Falabella Retail,Sales rep,Micro,15.0,2,1.0,3,1,0.37
S15102,Toys,Peru,Tottus,Self sign-up,Small,16.0,4,4.0,2,1,0.3699
S17226,Fashion,Chile,Tottus,Self sign-up,Small,6.0,5,6.0,3,1,0.3697
S14094,Electronics,Peru,Marketplace direct,Referral,Micro,4.0,3,7.0,3,1,0.3694
S04244,Toys,Chile,Falabella Retail,Self sign-up,Medium,2.0,5,1.0,1,0,0.3691
S00123,Fashion,Peru,Sodimac,Self sign-up,Micro,4.0,2,3.0,8,0,0.368
S01181,Electronics,Chile,Falabella Retail,Event,Micro,11.0,2,1.0,0,1,0.3674
S02658,Electronics,Peru,Sodimac,Event,Small,10.0,3,2.0,2,1,0.3666
S01639,Toys,Peru,Marketplace direct,Referral,Small,13.0,0,1.0,1,1,0.3665
S07046,Fashion,Chile,Sodimac,Self sign-up,Micro,1.0,5,3.0,6,0,0.3656
S16992,Sports,Chile,Marketplace direct,Self sign-up,Small,16.0,5,1.0,2,1,0.3656
S03133,Electronics,Peru,Sodimac,Self sign-up,Micro,46.0,1,12.0,13,1,0.3655
S09061,Food,Chile,Marketplace direct,Event,Small,7.0,4,3.0,4,1,0.3654
S17599,Fashion,Chile,Tottus,Referral,Micro,1.0,5,1.0,1,0,0.3654
S13811,Sports,Peru,Tottus,Referral,Small,26.0,5,3.0,1,1,0.3654
S13013,Home,Chile,Tottus,Sales rep,Small,1.0,3,1.0,1,0,0.365
S00310,Fashion,Chile,Falabella Retail,Event,Small,1.0,4,2.0,2,0,0.3647
S02720,Beauty,Chile,Sodimac,Referral,Small,11.0,2,3.0,0,1,0.364
S12342,Electronics,Chile,Tottus,Self sign-up,Micro,7.0,1,1.0,4,1,0.3638
S06448,Sports,Chile,Tottus,Sales rep,Small,4.0,5,8.0,4,0,0.3638
S03593,Electronics,Peru,Sodimac,Sales rep,Micro,1.0,1,2.0,6,0,0.3633
S19161,Toys,Colombia,Sodimac,Self sign-up,Small,5.0,5,1.0,0,1,0.3629
S07892,Electronics,Peru,Falabella Retail,Self sign-up,Medium,13.0,0,1.0,2,1,0.3628
S05131,Home,Colombia,Falabella Retail,Sales rep,Small,1.0,3,2.0,3,0,0.3623
S18266,Fashion,Peru,Tottus,Sales rep,Medium,1.0,4,4.0,1,0,0.362
S12885,Hardware,Chile,Falabella Retail,Referral,Micro,4.0,5,4.0,1,0,0.362
S07505,Toys,Colombia,Sodimac,Self sign-up,Medium,3.0,4,3.0,5,0,0.362
S00782,Fashion,Colombia,Falabella Retail,Referral,Micro,12.0,5,1.0,1,1,0.3619
S07376,Electronics,Chile,Marketplace direct,Sales rep,Small,17.0,5,6.0,0,1,0.3617
S17800,Beauty,Colombia,Tottus,Referral,Small,2.0,2,1.0,0,1,0.3615
S00003,Sports,Chile,Falabella Retail,Event,Small,2.0,3,2.0,4,0,0.3613
S01288,Fashion,Chile,Marketplace direct,Sales rep,Micro,5.0,0,4.0,3,1,0.361
S09049,Fashion,Peru,Falabella Retail,Self sign-up,Small,3.0,5,4.0,3,0,0.3606
S00967,Home,Chile,Falabella Retail,Self sign-up,Medium,20.0,2,2.0,0,1,0.3605
S03370,Hardware,Chile,Falabella Retail,Referral,Small,15.0,2,9.0,3,1,0.3604
S06025,Hardware,Peru,Tottus,Sales rep,Small,3.0,1,3.0,5,0,0.3603
S17866,Home,Chile,Falabella Retail,Self sign-up,Micro,3.0,5,3.0,4,0,0.3599
S00028,Electronics,Peru,Sodimac,Referral,Micro,2.0,5,6.0,4,0,0.3599
S17690,Electronics,Chile,Sodimac,Referral,Micro,1.0,5,2.0,0,0,0.3596
S11596,Fashion,Peru,Sodimac,Referral,Small,1.0,2,2.0,4,0,0.3594
S14880,Electronics,Peru,Marketplace direct,Event,Micro,1.0,5,1.0,2,0,0.3593
S05766,Fashion,Colombia,Falabella Retail,Self sign-up,Micro,4.0,5,3.0,2,1,0.3592
S04897,Fashion,Colombia,Falabella Retail,Sales rep,Medium,1.0,4,4.0,1,0,0.3591
S15241,Hardware,Chile,Falabella Retail,Sales rep,Micro,1.0,5,3.0,2,0,0.359
S13339,Electronics,Colombia,Marketplace direct,Self sign-up,Small,14.0,0,4.0,6,1,0.3587
S08718,Beauty,Peru,Falabella Retail,Sales rep,Micro,18.0,4,2.0,1,1,0.3584
S06845,Electronics,Chile,Sodimac,Sales rep,Micro,0.0,4,2.0,3,0,0.3583
S18633,Electronics,Chile,Marketplace direct,Event,Small,1.0,5,2.0,0,0,0.3581
S15114,Electronics,Chile,Falabella Retail,Event,Micro,16.0,1,4.0,4,1,0.3578
S00799,Sports,Chile,Falabella Retail,Sales rep,Small,2.0,5,4.0,0,1,0.3575
S06350,Toys,Chile,Falabella Retail,Sales rep,Micro,0.0,4,1.0,6,0,0.3573
S08379,Fashion,Chile,Tottus,Sales rep,Micro,14.0,0,4.0,4,1,0.357
S19965,Sports,Chile,Sodimac,Self sign-up,Medium,0.0,3,1.0,7,0,0.3559
S17004,Fashion,Chile,Falabella Retail,Referral,Medium,0.0,4,2.0,1,0,0.3554
S00685,Fashion,Chile,Falabella Retail,Self sign-up,Medium,0.0,5,1.0,2,0,0.3553
S10423,Home,Chile,Falabella Retail,Self sign-up,Medium,2.0,2,1.0,3,0,0.3552
S12620,Toys,Chile,Sodimac,Self sign-up,Small,4.0,2,2.0,2,1,0.3551
S19498,Home,Chile,Sodimac,Self sign-up,Small,7.0,2,4.0,0,1,0.3548
S14703,Electronics,Chile,Falabella Retail,Event,Micro,2.0,2,2.0,5,0,0.3547
S05179,Beauty,Chile,Sodimac,Self sign-up,Micro,7.0,5,5.0,1,1,0.3542
S06998,Hardware,Chile,Sodimac,Sales rep,Small,2.0,5,6.0,1,0,0.3541
S11664,Toys,Chile,Falabella Retail,Sales rep,Small,6.0,3,5.0,2,0,0.3537
S19672,Hardware,Chile,Sodimac,Sales rep,Medium,1.0,1,1.0,1,0,0.3534
S03406,Beauty,Peru,Marketplace direct,Sales rep,Micro,20.0,5,3.0,1,1,0.3533
S13509,Hardware,Peru,Falabella Retail,Sales rep,Small,15.0,2,6.0,3,1,0.3532
S15609,Beauty,Peru,Marketplace direct,Sales rep,Medium,0.0,4,1.0,0,0,0.3532
S04038,Fashion,Colombia,Sodimac,Self sign-up,Micro,4.0,4,2.0,4,0,0.3529
S04761,Fashion,Colombia,Sodimac,Sales rep,Micro,2.0,4,3.0,2,0,0.3528
S06603,Electronics,Chile,Tottus,Self sign-up,Medium,23.0,1,5.0,2,1,0.3526
S19158,Electronics,Peru,Marketplace direct,Event,Medium,3.0,2,4.0,3,0,0.3521
S05328,Fashion,Chile,Marketplace direct,Self sign-up,Small,25.0,1,2.0,3,1,0.3521
S06767,Fashion,Peru,Sodimac,Self sign-up,Medium,15.0,3,3.0,1,1,0.3518
S00524,Electronics,Chile,Marketplace direct,Referral,Small,7.0,4,1.0,0,1,0.3514
S15275,Hardware,Chile,Sodimac,Event,Small,5.0,2,2.0,1,0,0.351
S16503,Toys,Chile,Sodimac,Event,Micro,1.0,0,1.0,12,0,0.3509
S09675,Electronics,Peru,Falabella Retail,Self sign-up,Small,0.0,5,1.0,4,0,0.3506
S14458,Beauty,Chile,Sodimac,Sales rep,Micro,5.0,1,9.0,10,0,0.3504
S01843,Food,Peru,Tottus,Self sign-up,Medium,16.0,3,4.0,3,1,0.3499
S08796,Fashion,Peru,Marketplace direct,Sales rep,Medium,0.0,2,2.0,4,0,0.3498
S10993,Home,Chile,Marketplace direct,Sales rep,Small,0.0,5,2.0,1,0,0.3497
S04957,Home,Chile,Marketplace direct,Sales rep,Micro,30.0,1,1.0,2,1,0.3497
S15062,Beauty,Chile,Falabella Retail,Referral,Medium,1.0,3,2.0,0,0,0.3491
S08021,Home,Peru,Falabella Retail,Self sign-up,Micro,6.0,4,2.0,2,1,0.349
S17158,Food,Chile,Falabella Retail,Sales rep,Small,5.0,1,1.0,2,1,0.3489
S02206,Toys,Chile,Sodimac,Event,Small,13.0,3,2.0,1,1,0.3486
S14049,Electronics,Chile,Marketplace direct,Sales rep,Small,2.0,5,6.0,0,0,0.3481
S08142,Home,Peru,Sodimac,Self sign-up,Micro,14.0,4,4.0,5,1,0.3477
S03167,Home,Peru,Falabella Retail,Referral,Micro,0.0,5,2.0,5,0,0.3476
S18286,Fashion,Chile,Marketplace direct,Referral,Small,1.0,3,1.0,1,0,0.3475
S15517,Beauty,Chile,Sodimac,Sales rep,Micro,1.0,2,1.0,3,0,0.3474
S01884,Home,Chile,Falabella Retail,Sales rep,Small,4.0,3,4.0,1,1,0.3474
S02198,Home,Chile,Falabella Retail,Self sign-up,Medium,14.0,4,2.0,1,1,0.3468
S19860,Electronics,Chile,Falabella Retail,Referral,Micro,6.0,4,4.0,3,1,0.3467
S19808,Electronics,Colombia,Falabella Retail,Self sign-up,Small,1.0,5,1.0,2,0,0.3466
S09092,Electronics,Chile,Sodimac,Referral,Micro,2.0,4,4.0,2,0,0.3462
S06296,Hardware,Colombia,Tottus,Self sign-up,Small,21.0,4,1.0,3,1,0.3462
S03410,Sports,Colombia,Sodimac,Self sign-up,Small,3.0,5,3.0,4,0,0.3461
S05568,Home,Chile,Falabella Retail,Self sign-up,Micro,35.0,2,5.0,8,1,0.3455
S06291,Food,Chile,Falabella Retail,Event,Small,2.0,5,2.0,2,0,0.3448
S00658,Beauty,Chile,Tottus,Self sign-up,Small,9.0,4,4.0,2,1,0.3441
S19026,Electronics,Chile,Sodimac,Referral,Small,3.0,4,7.0,2,0,0.344
S01772,Sports,Chile,Sodimac,Referral,Micro,14.0,4,2.0,1,1,0.3439
S05042,Home,Peru,Falabella Retail,Sales rep,Micro,8.0,0,4.0,2,1,0.3438
S03371,Electronics,Chile,Tottus,Self sign-up,Small,24.0,2,2.0,5,1,0.3435
S06233,Home,Colombia,Marketplace direct,Self sign-up,Micro,3.0,4,1.0,5,0,0.3434
S03191,Electronics,Chile,Falabella Retail,Self sign-up,Small,0.0,5,1.0,3,0,0.3432
S09212,Electronics,Chile,Falabella Retail,Self sign-up,Micro,17.0,5,6.0,2,1,0.343
S10289,Electronics,Chile,Tottus,Sales rep,Micro,4.0,5,3.0,0,1,0.343
S06834,Fashion,Chile,Marketplace direct,Sales rep,Small,15.0,1,4.0,1,1,0.3429
S07692,Fashion,Chile,Tottus,Sales rep,Micro,3.0,1,3.0,5,0,0.3427
S10530,Sports,Colombia,Falabella Retail,Self sign-up,Small,7.0,4,7.0,8,0,0.3425
S19872,Toys,Peru,Falabella Retail,Event,Micro,2.0,3,4.0,10,0,0.3422
S01569,Fashion,Colombia,Tottus,Sales rep,Small,0.0,5,1.0,1,0,0.3421
S17000,Beauty,Chile,Tottus,Sales rep,Medium,9.0,1,1.0,2,1,0.3416
S01708,Hardware,Chile,Falabella Retail,Sales rep,Medium,0.0,5,4.0,1,0,0.3413
S14785,Fashion,Peru,Marketplace direct,Sales rep,Micro,6.0,1,2.0,3,1,0.341
S02845,Beauty,Peru,Sodimac,Self sign-up,Micro,19.0,2,2.0,3,1,0.3409
S18113,Fashion,Colombia,Marketplace direct,Sales rep,Medium,2.0,4,7.0,3,0,0.3408
S06769,Fashion,Colombia,Tottus,Sales rep,Small,2.0,1,1.0,3,0,0.3405
S16734,Fashion,Peru,Tottus,Self sign-up,Micro,3.0,5,1.0,2,0,0.3404
S07654,Home,Peru,Falabella Retail,Self sign-up,Small,0.0,5,1.0,5,0,0.3404
S03246,Fashion,Colombia,Marketplace direct,Sales rep,Micro,4.0,3,4.0,2,1,0.3403
S07707,Fashion,Peru,Falabella Retail,Sales rep,Micro,21.0,5,6.0,1,1,0.3401
S09676,Beauty,Peru,Falabella Retail,Self sign-up,Micro,4.0,3,1.0,0,1,0.34
S00072,Hardware,Chile,Marketplace direct,Self sign-up,Micro,7.0,4,4.0,1,1,0.34
S09109,Fashion,Chile,Falabella Retail,Self sign-up,Medium,2.0,0,3.0,5,1,0.339
S02566,Electronics,Chile,Marketplace direct,Self sign-up,Micro,5.0,4,7.0,4,1,0.3389
S19286,Sports,Chile,Marketplace direct,Sales rep,Micro,1.0,2,1.0,2,1,0.3388
S04460,Fashion,Peru,Sodimac,Sales rep,Medium,0.0,3,2.0,1,0,0.3387
S04721,Beauty,Chile,Sodimac,Self sign-up,Medium,2.0,4,3.0,1,0,0.3382
S14456,Home,Chile,Marketplace direct,Sales rep,Micro,4.0,1,2.0,3,0,0.3382
S13692,Electronics,Colombia,Marketplace direct,Self sign-up,Micro,1.0,3,1.0,8,0,0.3379
S00076,Home,Chile,Falabella Retail,Event,Micro,3.0,1,1.0,5,0,0.3371
S14513,Sports,Colombia,Sodimac,Self sign-up,Medium,1.0,5,1.0,2,0,0.3367
S04912,Fashion,Chile,Marketplace direct,Sales rep,Small,2.0,4,6.0,2,0,0.3365
S11220,Fashion,Chile,Falabella Retail,Referral,Small,4.0,4,7.0,2,0,0.3365
S00174,Home,Peru,Sodimac,Sales rep,Micro,10.0,2,6.0,3,1,0.3364
S02740,Electronics,Peru,Sodimac,Event,Micro,24.0,3,2.0,3,1,0.3363
S03634,Beauty,Chile,Falabella Retail,Sales rep,Micro,0.0,5,1.0,1,0,0.3362
S04994,Beauty,Chile,Tottus,Self sign-up,Medium,18.0,3,3.0,2,1,0.3361
S14761,Beauty,Peru,Sodimac,Self sign-up,Micro,12.0,4,2.0,3,1,0.3361
S08582,Beauty,Chile,Sodimac,Self sign-up,Micro,5.0,3,1.0,0,1,0.336
S16808,Sports,Chile,Sodimac,Self sign-up,Small,12.0,5,1.0,2,1,0.3359
S18368,Electronics,Chile,Sodimac,Event,Small,1.0,2,1.0,2,0,0.3359
S16051,Fashion,Chile,Marketplace direct,Sales rep,Small,1.0,5,6.0,2,0,0.3357
S01481,Electronics,Colombia,Falabella Retail,Event,Small,4.0,2,4.0,1,1,0.3348
S15435,Fashion,Peru,Falabella Retail,Referral,Small,0.0,4,1.0,2,0,0.3348
S19994,Hardware,Chile,Sodimac,Self sign-up,Small,4.0,3,2.0,2,0,0.3347
S08069,Food,Colombia,Falabella Retail,Self sign-up,Small,7.0,5,2.0,0,1,0.3346
S13357,Electronics,Colombia,Falabella Retail,Self sign-up,Micro,2.0,4,1.0,4,0,0.3344
S08750,Toys,Chile,Sodimac,Self sign-up,Medium,14.0,4,2.0,1,1,0.3341
S01368,Home,Chile,Marketplace direct,Event,Small,11.0,1,7.0,7,1,0.3341
S08432,Hardware,Peru,Falabella Retail,Referral,Small,0.0,1,1.0,8,0,0.334
S12725,Electronics,Chile,Marketplace direct,Sales rep,Micro,2.0,2,2.0,2,0,0.3339
S18089,Fashion,Peru,Marketplace direct,Self sign-up,Medium,2.0,4,2.0,1,0,0.3337
S15839,Sports,Chile,Sodimac,Sales rep,Micro,1.0,4,1.0,1,0,0.3336
S10077,Home,Colombia,Sodimac,Sales rep,Small,1.0,4,2.0,0,0,0.333
S06784,Sports,Chile,Sodimac,Referral,Micro,2.0,0,4.0,11,0,0.3328
S07827,Electronics,Chile,Tottus,Sales rep,Small,4.0,3,6.0,1,0,0.3325
S15737,Food,Chile,Marketplace direct,Sales rep,Micro,33.0,0,3.0,6,1,0.3325
S02082,Sports,Colombia,Marketplace direct,Event,Micro,8.0,1,6.0,8,1,0.3317
S13393,Electronics,Chile,Marketplace direct,Sales rep,Micro,9.0,1,1.0,1,1,0.3312
S03070,Electronics,Colombia,Marketplace direct,Referral,Medium,14.0,2,5.0,0,1,0.3309
S14302,Sports,Colombia,Sodimac,Self sign-up,Small,7.0,5,9.0,8,0,0.3309
S16190,Home,Chile,Marketplace direct,Sales rep,Small,3.0,4,5.0,0,0,0.3307
S18290,Fashion,Peru,Marketplace direct,Referral,Micro,1.0,4,1.0,2,0,0.3306
S17932,Electronics,Chile,Tottus,Sales rep,Micro,1.0,3,1.0,1,0,0.3303
S13524,Home,Chile,Sodimac,Self sign-up,Medium,3.0,5,7.0,3,0,0.3302
S13976,Home,Peru,Marketplace direct,Sales rep,Small,2.0,2,4.0,4,0,0.3302
S13895,Toys,Peru,Tottus,Event,Small,19.0,5,8.0,3,1,0.33
S04218,Food,Chile,Marketplace direct,Self sign-up,Small,17.0,5,2.0,2,1,0.3299
S10817,Toys,Chile,Sodimac,Self sign-up,Micro,19.0,5,1.0,3,1,0.3299
S15107,Home,Peru,Falabella Retail,Self sign-up,Micro,7.0,5,3.0,0,1,0.3297
S15230,Sports,Chile,Falabella Retail,Event,Medium,3.0,2,1.0,0,1,0.3296
S11055,Toys,Chile,Tottus,Sales rep,Small,23.0,3,5.0,4,1,0.3296
S14509,Food,Chile,Falabella Retail,Self sign-up,Small,1.0,4,1.0,6,0,0.3293
S03808,Food,Chile,Falabella Retail,Sales rep,Medium,0.0,5,2.0,1,0,0.3291
S16223,Hardware,Colombia,Falabella Retail,Sales rep,Micro,23.0,3,2.0,2,1,0.329
S16929,Electronics,Colombia,Sodimac,Self sign-up,Micro,10.0,4,4.0,2,1,0.3288
S02958,Home,Chile,Falabella Retail,Self sign-up,Small,1.0,5,1.0,1,0,0.3286
S01672,Toys,Chile,Tottus,Sales rep,Small,12.0,1,6.0,6,1,0.3285
S13836,Hardware,Chile,Falabella Retail,Event,Small,9.0,4,3.0,1,1,0.3284
S12843,Home,Chile,Sodimac,Event,Small,0.0,5,1.0,1,0,0.3283
S01733,Home,Chile,Tottus,Sales rep,Micro,6.0,3,6.0,1,1,0.3281
S17659,Electronics,Peru,Marketplace direct,Self sign-up,Small,1.0,5,1.0,1,0,0.328
S13530,Toys,Chile,Marketplace direct,Event,Micro,20.0,5,1.0,3,1,0.328
S03670,Fashion,Chile,Tottus,Sales rep,Micro,1.0,4,1.0,0,0,0.3278
S02934,Sports,Chile,Falabella Retail,Sales rep,Small,5.0,1,5.0,4,1,0.3278
S15213,Sports,Chile,Tottus,Event,Small,1.0,4,1.0,0,1,0.3278
S08575,Beauty,Peru,Marketplace direct,Event,Small,2.0,3,4.0,5,0,0.3277
S06874,Home,Peru,Sodimac,Self sign-up,Micro,8.0,2,1.0,4,1,0.3277
S11999,Sports,Peru,Sodimac,Self sign-up,Small,37.0,4,3.0,3,1,0.3274
S09196,Beauty,Chile,Falabella Retail,Sales rep,Micro,0.0,3,1.0,4,0,0.3273
S18303,Fashion,Chile,Marketplace direct,Sales rep,Small,3.0,1,4.0,3,0,0.3273
S11840,Food,Colombia,Tottus,Referral,Micro,22.0,5,2.0,4,1,0.3269
S09421,Electronics,Chile,Falabella Retail,Self sign-up,Micro,30.0,2,3.0,3,1,0.3268
S15747,Sports,Peru,Falabella Retail,Event,Small,2.0,4,2.0,2,0,0.3258
S07181,Fashion,Peru,Sodimac,Sales rep,Small,8.0,0,4.0,1,0,0.3252
S10902,Fashion,Colombia,Marketplace direct,Self sign-up,Medium,1.0,3,2.0,5,0,0.3247
S08611,Toys,Peru,Sodimac,Self sign-up,Micro,5.0,4,2.0,1,1,0.3244
S06731,Beauty,Peru,Falabella Retail,Self sign-up,Small,13.0,3,1.0,2,1,0.3243
S08589,Sports,Colombia,Marketplace direct,Self sign-up,Micro,23.0,4,7.0,7,1,0.3241
S07343,Electronics,Colombia,Falabella Retail,Sales rep,Medium,2.0,2,5.0,2,0,0.324
S09029,Electronics,Chile,Falabella Retail,Referral,Small,2.0,1,3.0,3,0,0.3236
S14830,Fashion,Chile,Sodimac,Event,Micro,8.0,5,7.0,0,1,0.3235
S04817,Fashion,Chile,Marketplace direct,Self sign-up,Micro,18.0,5,4.0,0,1,0.3235
S18314,Electronics,Peru,Sodimac,Referral,Medium,3.0,4,7.0,0,0,0.3234
S13595,Fashion,Colombia,Sodimac,Self sign-up,Medium,5.0,4,1.0,1,1,0.3229
S00338,Electronics,Peru,Marketplace direct,Self sign-up,Medium,3.0,4,6.0,1,1,0.3226
S17012,Food,Chile,Tottus,Self sign-up,Small,2.0,4,1.0,5,0,0.3226
S10290,Home,Chile,Falabella Retail,Self sign-up,Micro,48.0,1,3.0,6,1,0.3218
S03109,Food,Chile,Sodimac,Sales rep,Micro,6.0,2,1.0,0,1,0.3217
S06509,Beauty,Colombia,Tottus,Sales rep,Micro,30.0,1,3.0,0,1,0.3216
S05423,Electronics,Chile,Sodimac,Sales rep,Micro,7.0,2,2.0,1,1,0.3212
S03861,Electronics,Chile,Marketplace direct,Referral,Micro,16.0,0,1.0,2,1,0.3211
S14931,Home,Colombia,Falabella Retail,Self sign-up,Small,6.0,3,1.0,3,1,0.321
S12393,Electronics,Chile,Tottus,Self sign-up,Medium,15.0,2,2.0,4,1,0.3208
S06302,Beauty,Chile,Falabella Retail,Referral,Micro,1.0,5,3.0,1,1,0.3206
S15565,Hardware,Chile,Marketplace direct,Self sign-up,Small,17.0,4,2.0,3,1,0.3206
S11889,Electronics,Colombia,Marketplace direct,Referral,Medium,10.0,0,4.0,3,1,0.3205
S19579,Home,Peru,Falabella Retail,Self sign-up,Small,11.0,2,1.0,1,1,0.3201
S05622,Sports,Chile,Marketplace direct,Sales rep,Small,0.0,4,1.0,2,0,0.32
S04765,Home,Chile,Tottus,Sales rep,Small,2.0,3,5.0,1,1,0.32
S11144,Electronics,Peru,Marketplace direct,Self sign-up,Micro,0.0,5,1.0,6,0,0.3197
S18708,Hardware,Peru,Marketplace direct,Sales rep,Micro,7.0,3,9.0,7,0,0.3194
S08334,Home,Peru,Marketplace direct,Sales rep,Small,1.0,3,1.0,0,0,0.3192
S10174,Home,Chile,Falabella Retail,Self sign-up,Micro,15.0,5,7.0,3,1,0.3189
S05129,Food,Peru,Sodimac,Sales rep,Small,13.0,5,6.0,2,1,0.3186
S11514,Home,Chile,Sodimac,Sales rep,Micro,1.0,5,4.0,1,0,0.3185
S09529,Home,Peru,Sodimac,Self sign-up,Small,1.0,5,1.0,1,0,0.3183
S14337,Hardware,Chile,Falabella Retail,Self sign-up,Small,8.0,1,1.0,1,1,0.3183
S11091,Home,Peru,Marketplace direct,Referral,Micro,17.0,4,5.0,0,1,0.3183
S18677,Electronics,Peru,Falabella Retail,Referral,Small,1.0,4,6.0,4,0,0.3182
S00643,Home,Peru,Marketplace direct,Self sign-up,Micro,5.0,5,6.0,6,0,0.3178
S11812,Food,Colombia,Marketplace direct,Sales rep,Micro,7.0,4,4.0,3,0,0.3177
S04427,Electronics,Chile,Falabella Retail,Referral,Micro,1.0,2,2.0,4,0,0.317
S00969,Home,Chile,Sodimac,Sales rep,Small,0.0,3,1.0,1,0,0.3169
S07419,Electronics,Chile,Sodimac,Self sign-up,Small,0.0,3,1.0,5,0,0.3168
S02222,Fashion,Chile,Sodimac,Self sign-up,Micro,1.0,5,1.0,2,0,0.3168
S18204,Electronics,Peru,Marketplace direct,Self sign-up,Micro,6.0,2,2.0,1,1,0.3167
S08405,Hardware,Chile,Sodimac,Sales rep,Micro,7.0,2,2.0,1,1,0.3166
S19885,Electronics,Peru,Falabella Retail,Sales rep,Micro,0.0,5,1.0,0,0,0.3166
S11632,Home,Chile,Tottus,Referral,Small,1.0,2,3.0,5,0,0.3165
S13909,Fashion,Peru,Falabella Retail,Sales rep,Small,1.0,1,1.0,2,0,0.3157
S18916,Fashion,Chile,Marketplace direct,Self sign-up,Small,1.0,5,3.0,3,0,0.3157
S15544,Hardware,Peru,Marketplace direct,Self sign-up,Medium,1.0,3,3.0,3,1,0.3156
S00690,Home,Colombia,Falabella Retail,Sales rep,Medium,16.0,2,6.0,2,1,0.3156
S01113,Food,Peru,Sodimac,Sales rep,Small,3.0,2,1.0,1,0,0.3156
S17052,Sports,Peru,Falabella Retail,Sales rep,Small,13.0,3,2.0,1,1,0.3154
S14762,Beauty,Chile,Sodimac,Self sign-up,Micro,1.0,4,1.0,4,0,0.3153
S14913,Fashion,Colombia,Falabella Retail,Sales rep,Medium,15.0,3,9.0,2,1,0.3152
S06759,Home,Chile,Falabella Retail,Event,Micro,27.0,3,2.0,2,1,0.3152
S18702,Food,Colombia,Marketplace direct,Sales rep,Medium,1.0,5,2.0,0,0,0.3149
S02521,Beauty,Colombia,Sodimac,Self sign-up,Small,2.0,5,1.0,0,0,0.3148
S17419,Beauty,Peru,Marketplace direct,Referral,Medium,2.0,1,1.0,3,1,0.3148
S04489,Beauty,Chile,Tottus,Self sign-up,Medium,1.0,4,2.0,2,0,0.3147
S12890,Sports,Chile,Sodimac,Self sign-up,Small,0.0,5,2.0,1,1,0.3143
S13154,Hardware,Chile,Sodimac,Self sign-up,Small,2.0,4,3.0,3,0,0.3138
S14911,Fashion,Chile,Tottus,Sales rep,Small,0.0,5,4.0,2,0,0.3137
S09167,Electronics,Colombia,Falabella Retail,Sales rep,Small,3.0,1,4.0,3,0,0.3136
S11988,Food,Peru,Sodimac,Self sign-up,Small,2.0,3,2.0,7,0,0.313
S15340,Home,Peru,Tottus,Sales rep,Medium,2.0,3,4.0,0,0,0.3129
S03943,Beauty,Chile,Sodimac,Self sign-up,Small,10.0,3,1.0,1,1,0.3129
S14984,Hardware,Colombia,Falabella Retail,Sales rep,Small,21.0,3,5.0,1,1,0.3128
S13522,Beauty,Chile,Tottus,Self sign-up,Medium,14.0,1,3.0,3,1,0.3128
S06651,Food,Chile,Falabella Retail,Referral,Small,6.0,2,1.0,0,1,0.3124
S12685,Fashion,Peru,Marketplace direct,Self sign-up,Micro,5.0,5,5.0,4,0,0.3124
S03955,Beauty,Chile,Falabella Retail,Referral,Micro,17.0,1,3.0,2,1,0.3123
S17765,Home,Peru,Sodimac,Self sign-up,Small,6.0,2,2.0,0,1,0.3122
S09832,Sports,Chile,Sodimac,Event,Small,0.0,5,1.0,2,0,0.312
S11062,Home,Peru,Falabella Retail,Self sign-up,Micro,9.0,4,2.0,1,1,0.3119
S07065,Hardware,Chile,Falabella Retail,Self sign-up,Micro,1.0,4,1.0,5,0,0.3117
S14607,Beauty,Chile,Marketplace direct,Event,Micro,4.0,3,4.0,4,0,0.3112
S08860,Home,Chile,Marketplace direct,Self sign-up,Small,1.0,5,1.0,1,0,0.3112
S03230,Fashion,Chile,Falabella Retail,Event,Small,4.0,2,3.0,1,0,0.3104
S19117,Home,Chile,Falabella Retail,Event,Small,12.0,4,6.0,0,1,0.3103
S16243,Electronics,Colombia,Marketplace direct,Sales rep,Micro,2.0,3,5.0,5,0,0.3103
S17420,Beauty,Chile,Falabella Retail,Self sign-up,Micro,6.0,4,5.0,4,0,0.3102
S01020,Hardware,Peru,Falabella Retail,Event,Micro,2.0,5,1.0,0,0,0.3102
S11007,Sports,Colombia,Sodimac,Referral,Medium,1.0,3,3.0,3,0,0.3102
S05942,Electronics,Chile,Marketplace direct,Sales rep,Medium,0.0,2,1.0,0,0,0.3102
S13565,Toys,Colombia,Marketplace direct,Sales rep,Small,16.0,0,4.0,7,1,0.31
S10130,Hardware,Peru,Falabella Retail,Sales rep,Small,1.0,5,4.0,0,0,0.31
S10218,Electronics,Chile,Tottus,Self sign-up,Small,4.0,2,5.0,6,0,0.3099
S10210,Electronics,Peru,Falabella Retail,Sales rep,Micro,0.0,5,2.0,1,0,0.3098
S07076,Home,Colombia,Falabella Retail,Sales rep,Micro,2.0,5,3.0,0,0,0.3098
S06366,Fashion,Chile,Marketplace direct,Self sign-up,Small,2.0,4,4.0,4,0,0.3098
S16027,Food,Peru,Marketplace direct,Referral,Micro,8.0,0,1.0,3,1,0.3096
S18246,Sports,Chile,Sodimac,Self sign-up,Medium,2.0,3,2.0,0,1,0.3096
S02245,Home,Chile,Marketplace direct,Self sign-up,Micro,2.0,4,4.0,7,0,0.3094
S07022,Home,Colombia,Marketplace direct,Self sign-up,Micro,3.0,5,2.0,0,1,0.309
S07387,Electronics,Chile,Marketplace direct,Sales rep,Small,0.0,4,2.0,0,0,0.3089
S02441,Home,Colombia,Falabella Retail,Event,Micro,3.0,2,3.0,4,1,0.3089
S00153,Beauty,Colombia,Tottus,Sales rep,Small,3.0,2,4.0,1,1,0.3087
S03348,Toys,Chile,Sodimac,Self sign-up,Medium,20.0,4,9.0,4,1,0.3083
S16209,Electronics,Colombia,Sodimac,Event,Small,1.0,4,3.0,2,0,0.3082
S12676,Electronics,Peru,Falabella Retail,Sales rep,Micro,10.0,2,3.0,0,1,0.3077
S10383,Hardware,Colombia,Marketplace direct,Sales rep,Medium,0.0,5,3.0,1,0,0.3077
S18321,Beauty,Peru,Tottus,Event,Small,2.0,4,4.0,3,0,0.3074
S13750,Sports,Peru,Marketplace direct,Referral,Micro,1.0,3,1.0,5,0,0.3071
S10343,Food,Chile,Sodimac,Sales rep,Medium,2.0,1,7.0,8,0,0.3068
S13708,Food,Chile,Tottus,Sales rep,Medium,1.0,2,1.0,2,0,0.3067
S11887,Electronics,Peru,Sodimac,Sales rep,Micro,9.0,1,4.0,0,0,0.3066
S04881,Beauty,Colombia,Tottus,Event,Micro,17.0,3,1.0,1,1,0.3066
S16284,Toys,Chile,Tottus,Self sign-up,Medium,1.0,5,3.0,4,0,0.3065
S08236,Food,Colombia,Falabella Retail,Sales rep,Micro,2.0,5,2.0,2,0,0.3065
S07869,Sports,Chile,Falabella Retail,Sales rep,Micro,16.0,0,1.0,4,1,0.3063
S03685,Electronics,Chile,Sodimac,Self sign-up,Small,23.0,0,2.0,3,1,0.3061
S05764,Fashion,Colombia,Falabella Retail,Sales rep,Micro,1.0,3,2.0,3,0,0.3058
S03795,Sports,Peru,Sodimac,Sales rep,Small,1.0,0,1.0,5,0,0.3055
S16662,Home,Peru,Falabella Retail,Self sign-up,Small,10.0,3,6.0,7,1,0.3052
S17484,Food,Chile,Sodimac,Referral,Medium,0.0,5,1.0,0,0,0.3049
S11705,Fashion,Chile,Falabella Retail,Referral,Micro,2.0,3,2.0,1,0,0.3046
S12386,Home,Chile,Sodimac,Self sign-up,Micro,3.0,5,4.0,3,0,0.3044
S00585,Sports,Chile,Marketplace direct,Self sign-up,Micro,11.0,5,6.0,5,1,0.3043
S01129,Food,Chile,Marketplace direct,Self sign-up,Micro,15.0,5,1.0,2,1,0.3043
S00295,Hardware,Chile,Marketplace direct,Self sign-up,Small,1.0,3,3.0,7,0,0.3043
S01405,Home,Chile,Falabella Retail,Sales rep,Small,2.0,1,2.0,1,0,0.3043
S19638,Fashion,Chile,Falabella Retail,Referral,Micro,0.0,5,1.0,1,0,0.3043
S09408,Sports,Chile,Falabella Retail,Referral,Small,0.0,3,1.0,4,0,0.3042
S00389,Hardware,Peru,Tottus,Referral,Medium,7.0,0,6.0,5,0,0.3042
S06605,Electronics,Colombia,Marketplace direct,Sales rep,Small,0.0,3,1.0,2,0,0.304
S15516,Beauty,Chile,Falabella Retail,Self sign-up,Small,3.0,4,2.0,0,0,0.3038
S08171,Sports,Chile,Marketplace direct,Self sign-up,Medium,8.0,3,3.0,5,1,0.3035
S17788,Hardware,Colombia,Sodimac,Self sign-up,Small,4.0,1,2.0,6,0,0.3034
S08141,Home,Chile,Falabella Retail,Event,Medium,2.0,1,3.0,3,0,0.3033
S00819,Home,Colombia,Falabella Retail,Self sign-up,Small,4.0,4,2.0,1,0,0.3032
S13670,Hardware,Peru,Marketplace direct,Self sign-up,Micro,7.0,5,4.0,1,1,0.3031
S12316,Hardware,Chile,Falabella Retail,Self sign-up,Micro,12.0,0,2.0,3,1,0.3028
S03898,Electronics,Chile,Falabella Retail,Self sign-up,Small,19.0,3,1.0,0,1,0.3027
S18629,Hardware,Peru,Sodimac,Sales rep,Micro,1.0,2,1.0,3,0,0.3027
S00841,Hardware,Chile,Marketplace direct,Sales rep,Micro,4.0,1,5.0,6,0,0.3027
S00406,Home,Peru,Sodimac,Self sign-up,Micro,4.0,5,5.0,4,0,0.3022
S19871,Beauty,Chile,Marketplace direct,Self sign-up,Micro,12.0,5,1.0,3,1,0.3021
S03366,Sports,Colombia,Sodimac,Self sign-up,Small,10.0,2,1.0,2,1,0.302
S19275,Electronics,Chile,Tottus,Self sign-up,Small,4.0,4,3.0,0,0,0.302
S13620,Sports,Chile,Falabella Retail,Sales rep,Medium,1.0,1,1.0,4,1,0.3019
S09657,Electronics,Chile,Sodimac,Self sign-up,Micro,1.0,5,2.0,2,0,0.3019
S17831,Electronics,Colombia,Falabella Retail,Sales rep,Small,0.0,2,1.0,3,0,0.3019
S11534,Electronics,Chile,Tottus,Self sign-up,Medium,1.0,5,3.0,0,0,0.3013
S11344,Sports,Chile,Marketplace direct,Sales rep,Micro,2.0,2,3.0,5,0,0.3012
S16102,Home,Chile,Marketplace direct,Sales rep,Small,19.0,1,3.0,1,1,0.3011
S05654,Home,Peru,Falabella Retail,Self sign-up,Micro,40.0,1,2.0,6,1,0.3009
S14795,Sports,Chile,Sodimac,Sales rep,Small,0.0,3,1.0,2,0,0.3009
S17386,Toys,Colombia,Tottus,Self sign-up,Small,5.0,3,1.0,3,1,0.3003
S16552,Toys,Chile,Falabella Retail,Referral,Micro,6.0,2,1.0,2,1,0.3001
S02105,Toys,Colombia,Sodimac,Self sign-up,Micro,45.0,5,4.0,4,1,0.3001
S12970,Electronics,Colombia,Sodimac,Self sign-up,Small,1.0,3,4.0,7,0,0.3
S17098,Hardware,Peru,Sodimac,Referral,Small,2.0,0,3.0,6,0,0.2997
S10116,Food,Chile,Falabella Retail,Referral,Micro,3.0,2,1.0,4,0,0.2997
S17846,Food,Colombia,Sodimac,Referral,Small,4.0,3,4.0,4,0,0.2995
S05026,Fashion,Colombia,Sodimac,Sales rep,Small,2.0,1,4.0,4,0,0.2995
S02010,Electronics,Chile,Falabella Retail,Event,Micro,1.0,3,1.0,2,0,0.2993
S10733,Food,Chile,Tottus,Sales rep,Small,1.0,4,3.0,3,0,0.2988
S11407,Fashion,Chile,Sodimac,Sales rep,Micro,1.0,2,1.0,1,0,0.2987
S19988,Beauty,Chile,Sodimac,Sales rep,Small,0.0,4,3.0,1,0,0.2986
S09237,Sports,Colombia,Sodimac,Event,Micro,12.0,4,4.0,2,1,0.2985
S13881,Home,Peru,Falabella Retail,Self sign-up,Micro,24.0,3,2.0,3,1,0.2985
S16830,Home,Peru,Falabella Retail,Referral,Micro,14.0,0,2.0,2,1,0.2985
S11720,Electronics,Chile,Tottus,Self sign-up,Micro,31.0,3,3.0,2,1,0.2984
S09720,Toys,Peru,Falabella Retail,Sales rep,Micro,2.0,4,4.0,4,0,0.2983
S17712,Food,Chile,Falabella Retail,Self sign-up,Micro,2.0,2,1.0,9,0,0.2982
S17334,Electronics,Chile,Tottus,Sales rep,Small,23.0,1,2.0,0,1,0.2981
S13774,Hardware,Colombia,Marketplace direct,Self sign-up,Medium,4.0,5,6.0,0,1,0.2981
S05600,Beauty,Colombia,Falabella Retail,Referral,Small,14.0,5,4.0,0,1,0.2981
S01621,Beauty,Chile,Sodimac,Self sign-up,Micro,3.0,4,3.0,3,0,0.2977
S06732,Hardware,Chile,Sodimac,Referral,Small,10.0,2,2.0,1,1,0.2974
S14299,Beauty,Chile,Falabella Retail,Self sign-up,Medium,3.0,1,4.0,2,1,0.297
S04464,Home,Chile,Marketplace direct,Self sign-up,Micro,4.0,4,1.0,4,1,0.2966
S05635,Sports,Colombia,Marketplace direct,Referral,Micro,4.0,5,3.0,1,0,0.2963
S19636,Sports,Chile,Falabella Retail,Referral,Micro,1.0,5,1.0,0,0,0.2961
S09825,Electronics,Chile,Marketplace direct,Event,Small,23.0,1,3.0,0,1,0.296
S19764,Fashion,Chile,Sodimac,Self sign-up,Medium,0.0,2,3.0,7,0,0.2958
S18841,Fashion,Peru,Falabella Retail,Self sign-up,Small,10.0,2,2.0,2,1,0.2957
S09143,Sports,Chile,Marketplace direct,Referral,Micro,14.0,4,2.0,0,1,0.2956
S07917,Electronics,Chile,Marketplace direct,Self sign-up,Micro,13.0,2,2.0,0,1,0.2956
S04478,Hardware,Colombia,Sodimac,Sales rep,Small,10.0,2,1.0,0,1,0.2955
S06238,Hardware,Chile,Falabella Retail,Sales rep,Small,1.0,2,1.0,0,0,0.2954
S06423,Toys,Chile,Falabella Retail,Sales rep,Small,1.0,2,1.0,2,0,0.2953
S17560,Electronics,Chile,Marketplace direct,Self sign-up,Small,3.0,5,7.0,1,1,0.2952
S18167,Toys,Chile,Falabella Retail,Sales rep,Small,5.0,5,12.0,6,0,0.2952
S16358,Beauty,Peru,Tottus,Event,Micro,2.0,4,4.0,5,0,0.2952
S13699,Electronics,Peru,Falabella Retail,Sales rep,Micro,3.0,4,9.0,5,0,0.2951
S06087,Home,Chile,Falabella Retail,Sales rep,Small,1.0,0,2.0,4,0,0.2951
S08231,Home,Colombia,Tottus,Self sign-up,Medium,3.0,5,3.0,0,0,0.295
S09753,Electronics,Colombia,Sodimac,Self sign-up,Medium,1.0,1,4.0,8,0,0.2948
S09775,Electronics,Chile,Falabella Retail,Self sign-up,Micro,12.0,3,4.0,3,1,0.2946
S13179,Food,Chile,Falabella Retail,Referral,Micro,14.0,3,2.0,2,1,0.2945
S03113,Sports,Chile,Falabella Retail,Sales rep,Small,1.0,2,1.0,1,0,0.2944
S13193,Fashion,Chile,Falabella Retail,Sales rep,Micro,2.0,4,4.0,0,0,0.2944
S15928,Fashion,Chile,Falabella Retail,Event,Small,13.0,2,11.0,6,0,0.2942
S09669,Hardware,Colombia,Falabella Retail,Event,Micro,4.0,5,4.0,2,0,0.2942
S13112,Electronics,Peru,Sodimac,Event,Small,21.0,0,1.0,3,1,0.294
S14310,Electronics,Peru,Marketplace direct,Event,Micro,11.0,0,1.0,1,1,0.2939
S18719,Electronics,Colombia,Falabella Retail,Sales rep,Micro,11.0,3,3.0,1,1,0.2938
S12517,Home,Colombia,Tottus,Event,Small,23.0,1,5.0,7,1,0.2937
S15161,Home,Colombia,Sodimac,Self sign-up,Small,0.0,5,1.0,4,0,0.2937
S06191,Electronics,Colombia,Tottus,Event,Micro,0.0,5,1.0,4,0,0.2935
S06867,Electronics,Peru,Falabella Retail,Sales rep,Small,4.0,2,5.0,0,0,0.2934
S07087,Home,Chile,Sodimac,Self sign-up,Micro,16.0,4,1.0,2,1,0.2931
S12221,Beauty,Colombia,Falabella Retail,Referral,Small,2.0,3,5.0,4,0,0.2928
S12696,Sports,Colombia,Falabella Retail,Sales rep,Micro,1.0,4,2.0,0,1,0.2928
S10990,Beauty,Chile,Falabella Retail,Self sign-up,Micro,2.0,4,1.0,2,0,0.2927
S19862,Hardware,Peru,Tottus,Self sign-up,Micro,26.0,3,3.0,3,1,0.2924
S12486,Home,Peru,Falabella Retail,Self sign-up,Small,2.0,5,6.0,5,0,0.2922
S03975,Home,Chile,Marketplace direct,Self sign-up,Medium,8.0,2,2.0,1,1,0.2922
S12976,Sports,Colombia,Sodimac,Sales rep,Small,3.0,1,1.0,1,0,0.2914
S07813,Home,Chile,Tottus,Self sign-up,Small,6.0,4,7.0,1,1,0.2911
S06600,Electronics,Peru,Marketplace direct,Sales rep,Micro,0.0,3,1.0,3,0,0.2911
S18732,Hardware,Chile,Marketplace direct,Self sign-up,Small,4.0,3,4.0,4,0,0.2911
S18853,Sports,Chile,Sodimac,Self sign-up,Micro,24.0,2,4.0,3,1,0.291
S08391,Fashion,Chile,Marketplace direct,Self sign-up,Micro,12.0,4,5.0,0,1,0.2908
S15632,Electronics,Chile,Sodimac,Sales rep,Micro,15.0,4,5.0,0,1,0.2907
S12099,Beauty,Peru,Marketplace direct,Self sign-up,Small,4.0,5,5.0,2,0,0.2906
S18085,Home,Peru,Falabella Retail,Referral,Micro,16.0,4,4.0,0,1,0.2905
S17973,Hardware,Chile,Marketplace direct,Event,Micro,2.0,4,2.0,2,0,0.2905
S00064,Sports,Chile,Marketplace direct,Sales rep,Micro,0.0,5,2.0,3,0,0.2905
S09362,Sports,Chile,Tottus,Sales rep,Medium,0.0,0,2.0,7,0,0.2902
S18778,Electronics,Colombia,Falabella Retail,Self sign-up,Small,1.0,4,2.0,3,0,0.2901
S16118,Food,Chile,Sodimac,Self sign-up,Small,5.0,2,3.0,2,1,0.2899
S13415,Home,Peru,Falabella Retail,Sales rep,Small,4.0,3,7.0,2,0,0.2898
S09180,Fashion,Chile,Tottus,Self sign-up,Small,3.0,4,2.0,0,0,0.2897
S09848,Fashion,Chile,Sodimac,Self sign-up,Small,2.0,1,3.0,6,0,0.2892
S02794,Hardware,Chile,Sodimac,Self sign-up,Medium,0.0,3,2.0,5,0,0.2892
S19459,Home,Chile,Tottus,Referral,Small,1.0,4,4.0,2,0,0.2889
S05061,Home,Colombia,Falabella Retail,Sales rep,Small,6.0,1,9.0,3,1,0.2888
S04207,Electronics,Colombia,Falabella Retail,Referral,Small,0.0,2,1.0,4,0,0.2886
S00330,Toys,Chile,Tottus,Referral,Medium,1.0,2,1.0,2,0,0.2885
S04739,Sports,Chile,Sodimac,Self sign-up,Micro,7.0,4,5.0,4,0,0.2885
S09328,Electronics,Chile,Falabella Retail,Self sign-up,Micro,3.0,5,6.0,4,0,0.2881
S09162,Sports,Peru,Marketplace direct,Sales rep,Medium,2.0,2,4.0,2,0,0.2875
S10493,Fashion,Colombia,Falabella Retail,Self sign-up,Micro,11.0,3,6.0,3,1,0.2874
S12071,Electronics,Colombia,Sodimac,Self sign-up,Micro,12.0,4,1.0,0,1,0.2874
S05297,Home,Chile,Falabella Retail,Referral,Micro,2.0,3,2.0,1,0,0.2872
S02695,Home,Chile,Sodimac,Self sign-up,Medium,1.0,2,1.0,2,0,0.2872
S05949,Sports,Chile,Falabella Retail,Self sign-up,Small,3.0,3,2.0,1,1,0.287
S09365,Home,Chile,Falabella Retail,Self sign-up,Micro,4.0,4,1.0,1,1,0.2866
S14022,Toys,Peru,Falabella Retail,Referral,Micro,11.0,3,5.0,5,1,0.2866
S16749,Beauty,Chile,Falabella Retail,Sales rep,Micro,1.0,3,2.0,1,0,0.2866
S19513,Hardware,Chile,Marketplace direct,Sales rep,Medium,3.0,3,7.0,1,0,0.2865
S11332,Fashion,Colombia,Marketplace direct,Self sign-up,Small,1.0,1,1.0,4,1,0.2863
S11274,Electronics,Chile,Falabella Retail,Event,Small,1.0,2,2.0,2,0,0.2863
S03490,Beauty,Colombia,Tottus,Referral,Small,0.0,5,1.0,1,0,0.2862
S19236,Sports,Peru,Marketplace direct,Referral,Small,12.0,3,8.0,3,1,0.2857
S19601,Food,Peru,Falabella Retail,Event,Micro,2.0,5,1.0,2,0,0.2857
S13590,Electronics,Chile,Marketplace direct,Self sign-up,Small,2.0,4,2.0,0,0,0.2855
S05726,Sports,Chile,Marketplace direct,Sales rep,Small,1.0,5,4.0,0,0,0.2854
S08585,Fashion,Chile,Falabella Retail,Event,Micro,4.0,2,5.0,5,0,0.2852
S03534,Sports,Colombia,Falabella Retail,Self sign-up,Medium,16.0,2,2.0,0,1,0.2848
S13066,Toys,Peru,Falabella Retail,Self sign-up,Micro,17.0,1,2.0,3,1,0.2847
S16177,Sports,Peru,Sodimac,Referral,Micro,17.0,4,7.0,1,1,0.2847
S16660,Electronics,Chile,Sodimac,Sales rep,Micro,17.0,1,1.0,1,1,0.2844
S12671,Food,Chile,Falabella Retail,Referral,Micro,6.0,4,6.0,4,0,0.2844
S16850,Toys,Peru,Falabella Retail,Referral,Micro,1.0,5,4.0,5,0,0.2844
S00580,Fashion,Chile,Marketplace direct,Event,Medium,0.0,3,5.0,6,0,0.2842
S15344,Beauty,Chile,Marketplace direct,Event,Small,3.0,2,3.0,2,0,0.2842
S02632,Hardware,Chile,Marketplace direct,Self sign-up,Small,7.0,1,8.0,10,0,0.2841
S05932,Home,Chile,Marketplace direct,Self sign-up,Small,8.0,3,2.0,2,1,0.2837
S13054,Home,Peru,Marketplace direct,Referral,Micro,7.0,0,6.0,8,0,0.2836
S10926,Beauty,Colombia,Falabella Retail,Self sign-up,Micro,5.0,4,5.0,2,1,0.2833
S17598,Electronics,Chile,Tottus,Sales rep,Micro,2.0,4,5.0,1,0,0.2833
S00447,Sports,Chile,Falabella Retail,Self sign-up,Micro,14.0,4,3.0,2,1,0.2831
S09443,Home,Chile,Falabella Retail,Sales rep,Micro,25.0,1,2.0,2,1,0.2831
S03477,Hardware,Chile,Sodimac,Referral,Micro,4.0,1,1.0,2,1,0.283
S17795,Beauty,Colombia,Falabella Retail,Referral,Small,0.0,5,1.0,0,0,0.2829
S15818,Electronics,Colombia,Marketplace direct,Sales rep,Small,2.0,4,5.0,0,0,0.2829
S11608,Electronics,Chile,Marketplace direct,Event,Micro,1.0,3,1.0,2,0,0.2828
S00657,Home,Chile,Marketplace direct,Event,Medium,0.0,4,1.0,0,0,0.2825
S14759,Fashion,Chile,Tottus,Referral,Micro,22.0,4,7.0,0,1,0.2825
S10591,Hardware,Chile,Falabella Retail,Sales rep,Small,14.0,5,8.0,1,1,0.2823
S08186,Fashion,Peru,Falabella Retail,Sales rep,Small,5.0,1,4.0,0,0,0.2821
S06501,Home,Peru,Sodimac,Event,Small,2.0,4,4.0,1,0,0.2821
S03576,Hardware,Chile,Sodimac,Sales rep,Micro,0.0,1,1.0,6,0,0.2817
S03282,Home,Peru,Sodimac,Referral,Small,2.0,5,9.0,4,0,0.2817
S04837,Electronics,Colombia,Marketplace direct,Self sign-up,Small,3.0,5,3.0,0,0,0.2815
S17241,Beauty,Chile,Marketplace direct,Sales rep,Small,1.0,4,5.0,1,0,0.2814
S07513,Sports,Peru,Sodimac,Sales rep,Micro,2.0,4,4.0,2,0,0.281
S15193,Home,Chile,Falabella Retail,Self sign-up,Medium,7.0,0,4.0,0,1,0.2808
S12199,Toys,Chile,Falabella Retail,Self sign-up,Medium,1.0,5,2.0,1,0,0.2807
S10412,Electronics,Chile,Sodimac,Self sign-up,Small,1.0,2,3.0,5,0,0.2806
S13487,Electronics,Chile,Marketplace direct,Event,Small,0.0,2,1.0,4,0,0.2805
S12892,Home,Chile,Sodimac,Referral,Micro,1.0,3,2.0,2,0,0.2805
S08570,Sports,Peru,Sodimac,Referral,Medium,1.0,3,3.0,1,0,0.2804
S13195,Fashion,Peru,Sodimac,Self sign-up,Small,1.0,5,5.0,4,0,0.2803
S17234,Beauty,Colombia,Tottus,Sales rep,Micro,13.0,3,6.0,1,1,0.2803
S17107,Electronics,Chile,Falabella Retail,Self sign-up,Micro,4.0,4,4.0,2,0,0.2802
S01636,Fashion,Chile,Falabella Retail,Sales rep,Micro,0.0,3,1.0,2,0,0.2802
S16010,Fashion,Peru,Sodimac,Self sign-up,Micro,0.0,4,1.0,6,0,0.2798
S08929,Fashion,Chile,Sodimac,Self sign-up,Small,3.0,4,5.0,2,0,0.2797
S03160,Food,Chile,Marketplace direct,Self sign-up,Small,5.0,5,5.0,1,1,0.2797
S14199,Beauty,Chile,Falabella Retail,Sales rep,Medium,3.0,1,8.0,4,0,0.2795
S06574,Fashion,Chile,Marketplace direct,Referral,Micro,0.0,3,1.0,4,0,0.2794
S07536,Fashion,Chile,Marketplace direct,Referral,Micro,7.0,3,8.0,4,0,0.2793
S12950,Fashion,Chile,Tottus,Self sign-up,Small,28.0,1,3.0,0,1,0.2792
S14859,Fashion,Chile,Falabella Retail,Self sign-up,Medium,1.0,2,3.0,4,0,0.2791
S06713,Sports,Colombia,Falabella Retail,Sales rep,Small,8.0,1,7.0,5,0,0.279
S00414,Electronics,Chile,Falabella Retail,Referral,Medium,1.0,4,7.0,1,0,0.2787
S02174,Fashion,Chile,Marketplace direct,Self sign-up,Small,0.0,4,2.0,5,0,0.2785
S17203,Electronics,Chile,Sodimac,Referral,Medium,0.0,1,1.0,1,0,0.2784
S19791,Sports,Colombia,Falabella Retail,Self sign-up,Micro,11.0,3,2.0,2,1,0.2783
S02655,Food,Colombia,Tottus,Self sign-up,Medium,2.0,3,2.0,6,0,0.2783
S02902,Electronics,Chile,Falabella Retail,Self sign-up,Micro,3.0,1,5.0,9,0,0.2782
S11315,Home,Chile,Marketplace direct,Self sign-up,Micro,17.0,4,1.0,1,1,0.2782
S03338,Home,Colombia,Tottus,Referral,Small,3.0,3,5.0,2,1,0.278
S07096,Fashion,Peru,Sodimac,Event,Medium,3.0,5,5.0,1,1,0.2779
S00113,Beauty,Chile,Marketplace direct,Self sign-up,Micro,5.0,5,3.0,0,0,0.2778
S12476,Sports,Chile,Sodimac,Self sign-up,Micro,37.0,1,5.0,7,1,0.2775
S03647,Fashion,Colombia,Marketplace direct,Self sign-up,Medium,9.0,3,4.0,2,1,0.2774
S05358,Fashion,Peru,Marketplace direct,Self sign-up,Small,1.0,5,1.0,0,0,0.2771
S08253,Hardware,Chile,Falabella Retail,Self sign-up,Micro,5.0,2,2.0,2,1,0.277
S08965,Home,Colombia,Marketplace direct,Referral,Small,3.0,2,2.0,1,0,0.277
S17736,Electronics,Colombia,Sodimac,Referral,Micro,15.0,3,6.0,1,1,0.2769
S01268,Fashion,Colombia,Falabella Retail,Self sign-up,Small,12.0,5,3.0,0,1,0.2767
S05168,Electronics,Chile,Falabella Retail,Self sign-up,Small,1.0,4,3.0,2,0,0.2765
S05187,Beauty,Peru,Sodimac,Self sign-up,Medium,1.0,3,3.0,3,0,0.2764
S18644,Beauty,Chile,Falabella Retail,Referral,Micro,2.0,4,3.0,0,0,0.2762
S09986,Hardware,Chile,Sodimac,Event,Micro,2.0,2,3.0,5,0,0.2762
S04801,Home,Chile,Sodimac,Self sign-up,Small,1.0,5,2.0,0,0,0.2759
S07156,Hardware,Peru,Tottus,Self sign-up,Small,1.0,4,1.0,3,0,0.2757
S10685,Beauty,Chile,Falabella Retail,Self sign-up,Micro,1.0,1,1.0,8,0,0.2757
S14637,Beauty,Chile,Tottus,Event,Small,6.0,1,2.0,0,1,0.2757
S08915,Home,Chile,Marketplace direct,Self sign-up,Small,3.0,4,3.0,1,0,0.2753
S11537,Home,Chile,Tottus,Event,Small,18.0,3,6.0,1,1,0.2751
S00642,Electronics,Peru,Falabella Retail,Referral,Micro,18.0,4,4.0,1,1,0.2748
S07465,Electronics,Peru,Marketplace direct,Referral,Micro,3.0,5,6.0,1,0,0.2747
S11689,Sports,Peru,Marketplace direct,Sales rep,Micro,1.0,4,2.0,2,0,0.2746
S19106,Sports,Chile,Tottus,Self sign-up,Small,6.0,1,1.0,3,0,0.2746
S05877,Home,Chile,Falabella Retail,Self sign-up,Micro,9.0,4,3.0,1,1,0.2746
S03793,Electronics,Chile,Tottus,Event,Micro,6.0,4,9.0,5,0,0.2744
S19718,Food,Chile,Sodimac,Event,Small,0.0,3,2.0,7,0,0.274
S12491,Home,Chile,Marketplace direct,Referral,Small,1.0,2,2.0,2,0,0.274
S12979,Hardware,Chile,Sodimac,Sales rep,Small,17.0,0,1.0,0,1,0.2737
S03055,Fashion,Peru,Tottus,Referral,Micro,2.0,2,1.0,2,0,0.2737
S00332,Sports,Chile,Marketplace direct,Event,Medium,2.0,3,4.0,2,0,0.2734
S04670,Electronics,Peru,Marketplace direct,Self sign-up,Micro,13.0,5,7.0,2,1,0.2732
S14262,Home,Peru,Sodimac,Self sign-up,Micro,0.0,3,1.0,8,0,0.2731
S11071,Electronics,Peru,Falabella Retail,Self sign-up,Micro,3.0,3,2.0,0,1,0.273
S17467,Fashion,Chile,Sodimac,Self sign-up,Micro,1.0,3,2.0,5,0,0.2729
S02205,Beauty,Colombia,Marketplace direct,Event,Medium,1.0,3,1.0,0,0,0.2728
S11478,Hardware,Colombia,Falabella Retail,Referral,Micro,40.0,3,5.0,3,1,0.2726
S01869,Hardware,Chile,Sodimac,Self sign-up,Small,0.0,5,1.0,2,0,0.2723
S08465,Fashion,Chile,Tottus,Sales rep,Small,1.0,3,4.0,1,0,0.2722
S00582,Electronics,Chile,Marketplace direct,Event,Micro,1.0,5,4.0,2,0,0.272
S07228,Home,Chile,Sodimac,Self sign-up,Small,3.0,2,1.0,1,1,0.2719
S11582,Home,Chile,Falabella Retail,Event,Micro,28.0,3,3.0,2,1,0.2719
S16133,Home,Peru,Marketplace direct,Event,Micro,5.0,5,6.0,2,0,0.2716
S12808,Food,Chile,Falabella Retail,Event,Micro,2.0,3,1.0,4,0,0.2712
S16459,Home,Colombia,Marketplace direct,Referral,Small,1.0,3,2.0,2,0,0.2711
S04590,Home,Chile,Falabella Retail,Referral,Medium,1.0,3,4.0,0,0,0.2705
S15724,Food,Chile,Sodimac,Self sign-up,Micro,6.0,2,5.0,9,0,0.2705
S12720,Home,Chile,Falabella Retail,Self sign-up,Medium,5.0,3,7.0,3,0,0.2701
S05683,Beauty,Chile,Sodimac,Referral,Micro,0.0,5,2.0,1,0,0.27
S19410,Hardware,Chile,Sodimac,Event,Micro,1.0,2,1.0,4,0,0.27
S18039,Beauty,Colombia,Marketplace direct,Referral,Small,5.0,2,7.0,5,0,0.2699
S08400,Fashion,Peru,Sodimac,Self sign-up,Small,21.0,1,3.0,4,1,0.2698
S12366,Food,Colombia,Falabella Retail,Event,Micro,22.0,5,3.0,3,1,0.2696
S11611,Beauty,Peru,Falabella Retail,Event,Small,0.0,5,1.0,0,0,0.2695
S14558,Electronics,Chile,Sodimac,Self sign-up,Micro,0.0,3,2.0,7,0,0.2694
S01554,Home,Chile,Sodimac,Self sign-up,Micro,7.0,4,6.0,3,0,0.2691
S11700,Fashion,Chile,Tottus,Self sign-up,Micro,2.0,5,1.0,0,0,0.269
S05637,Toys,Chile,Sodimac,Referral,Medium,0.0,4,3.0,2,0,0.269
S05474,Sports,Colombia,Sodimac,Self sign-up,Micro,2.0,5,3.0,5,0,0.269
S08492,Fashion,Chile,Falabella Retail,Self sign-up,Medium,12.0,0,3.0,2,1,0.2689
S13535,Fashion,Chile,Sodimac,Self sign-up,Small,0.0,5,2.0,2,0,0.2688
S09497,Electronics,Chile,Marketplace direct,Referral,Micro,2.0,2,1.0,0,0,0.2684
S00449,Sports,Chile,Marketplace direct,Self sign-up,Micro,4.0,4,4.0,5,0,0.2683
S07424,Toys,Chile,Tottus,Referral,Medium,2.0,5,7.0,2,0,0.2677
S00623,Fashion,Peru,Falabella Retail,Event,Small,21.0,1,4.0,4,1,0.2676
S06960,Fashion,Peru,Marketplace direct,Referral,Small,1.0,0,1.0,4,0,0.2675
S18997,Fashion,Peru,Falabella Retail,Self sign-up,Small,1.0,2,1.0,4,0,0.2673
S00343,Beauty,Chile,Sodimac,Event,Small,0.0,3,1.0,2,0,0.2671
S06853,Fashion,Colombia,Sodimac,Self sign-up,Micro,2.0,4,1.0,2,0,0.2671
S18957,Electronics,Colombia,Falabella Retail,Self sign-up,Micro,5.0,1,2.0,5,0,0.2669
S18418,Hardware,Peru,Falabella Retail,Self sign-up,Small,0.0,5,1.0,3,0,0.2668
S02529,Sports,Chile,Sodimac,Referral,Micro,1.0,2,1.0,0,1,0.2668
S07968,Electronics,Chile,Sodimac,Self sign-up,Micro,28.0,2,4.0,2,1,0.2666
S00087,Fashion,Chile,Tottus,Event,Micro,22.0,3,5.0,3,1,0.2666
S15744,Electronics,Chile,Falabella Retail,Sales rep,Small,2.0,0,2.0,0,0,0.2666
S11655,Beauty,Chile,Marketplace direct,Sales rep,Small,0.0,0,1.0,5,0,0.2665
S18777,Home,Colombia,Sodimac,Sales rep,Small,0.0,3,1.0,1,0,0.2665
S00284,Beauty,Peru,Falabella Retail,Self sign-up,Micro,0.0,3,1.0,8,0,0.2664
S01313,Electronics,Chile,Marketplace direct,Referral,Medium,0.0,1,2.0,1,1,0.2663
S07429,Food,Peru,Sodimac,Sales rep,Micro,9.0,3,7.0,1,1,0.2662
S10195,Food,Colombia,Falabella Retail,Referral,Micro,12.0,3,2.0,0,1,0.2662
S12155,Electronics,Peru,Falabella Retail,Self sign-up,Micro,0.0,0,2.0,13,0,0.2658
S04940,Hardware,Colombia,Marketplace direct,Event,Medium,0.0,5,1.0,0,0,0.2658
S01173,Toys,Colombia,Falabella Retail,Referral,Small,2.0,5,3.0,0,0,0.2657
S05048,Electronics,Colombia,Marketplace direct,Self sign-up,Micro,3.0,2,4.0,8,0,0.2657
S14132,Hardware,Chile,Falabella Retail,Self sign-up,Small,8.0,2,2.0,0,1,0.2655
S18530,Food,Chile,Marketplace direct,Event,Small,8.0,1,4.0,3,1,0.2653
S14534,Food,Colombia,Tottus,Referral,Small,3.0,2,1.0,3,0,0.2652
S15094,Beauty,Peru,Sodimac,Sales rep,Small,6.0,3,11.0,4,0,0.265
S00066,Beauty,Chile,Sodimac,Referral,Micro,2.0,2,1.0,0,0,0.265
S10344,Fashion,Colombia,Tottus,Referral,Medium,3.0,4,7.0,1,0,0.2648
S05695,Home,Chile,Marketplace direct,Sales rep,Small,0.0,4,3.0,1,0,0.2647
S13589,Beauty,Chile,Tottus,Self sign-up,Medium,4.0,2,3.0,1,0,0.2647
S01624,Fashion,Colombia,Falabella Retail,Event,Micro,8.0,0,2.0,1,1,0.2647
S14501,Food,Colombia,Marketplace direct,Sales rep,Small,13.0,3,2.0,3,1,0.2645
S09337,Beauty,Chile,Falabella Retail,Sales rep,Micro,8.0,4,8.0,0,1,0.2644
S14642,Sports,Chile,Falabella Retail,Self sign-up,Micro,3.0,5,6.0,6,0,0.2642
S04639,Home,Chile,Sodimac,Sales rep,Micro,8.0,2,6.0,1,1,0.264
S12102,Fashion,Peru,Tottus,Self sign-up,Micro,21.0,5,1.0,1,1,0.264
S11967,Home,Peru,Falabella Retail,Referral,Micro,3.0,4,6.0,3,0,0.2639
S12152,Hardware,Peru,Marketplace direct,Referral,Medium,0.0,3,2.0,2,0,0.2638
S18386,Food,Chile,Marketplace direct,Self sign-up,Micro,4.0,4,1.0,2,1,0.2636
S09326,Beauty,Colombia,Falabella Retail,Sales rep,Medium,4.0,0,4.0,1,0,0.2635
S06155,Electronics,Peru,Marketplace direct,Event,Micro,1.0,0,1.0,7,0,0.2634
S06221,Home,Chile,Falabella Retail,Sales rep,Micro,1.0,2,2.0,2,0,0.2633
S19581,Fashion,Colombia,Falabella Retail,Referral,Medium,7.0,0,8.0,5,0,0.2632
S02106,Toys,Peru,Marketplace direct,Sales rep,Small,2.0,3,6.0,5,0,0.2631
S11909,Beauty,Chile,Sodimac,Self sign-up,Micro,8.0,4,2.0,0,1,0.2631
S03890,Electronics,Peru,Sodimac,Sales rep,Micro,1.0,2,2.0,1,0,0.2629
S05762,Toys,Chile,Sodimac,Sales rep,Micro,3.0,3,4.0,2,0,0.2628
S00069,Fashion,Chile,Falabella Retail,Self sign-up,Micro,3.0,4,4.0,3,0,0.2624
S12543,Beauty,Peru,Sodimac,Event,Micro,3.0,4,7.0,5,0,0.2624
S02466,Hardware,Colombia,Sodimac,Event,Micro,9.0,5,2.0,0,1,0.2622
S18335,Fashion,Peru,Marketplace direct,Sales rep,Micro,13.0,4,6.0,2,1,0.2621
S06760,Electronics,Peru,Marketplace direct,Event,Medium,1.0,1,2.0,2,0,0.2618
S12272,Home,Colombia,Marketplace direct,Referral,Small,0.0,5,1.0,0,0,0.2617
S06428,Fashion,Chile,Sodimac,Self sign-up,Micro,5.0,1,1.0,2,1,0.2616
S18135,Home,Chile,Sodimac,Sales rep,Micro,0.0,1,2.0,6,0,0.2616
S14010,Hardware,Chile,Falabella Retail,Sales rep,Micro,0.0,4,2.0,2,0,0.2616
S12477,Beauty,Chile,Tottus,Sales rep,Micro,3.0,2,3.0,1,0,0.2615
S13081,Fashion,Chile,Tottus,Self sign-up,Micro,8.0,4,6.0,2,1,0.2615
S01870,Home,Colombia,Sodimac,Sales rep,Small,3.0,3,5.0,0,0,0.2614
S17246,Electronics,Chile,Falabella Retail,Self sign-up,Micro,1.0,5,2.0,1,0,0.2614
S00477,Sports,Peru,Tottus,Event,Small,16.0,4,4.0,0,1,0.2613
S18939,Food,Colombia,Tottus,Sales rep,Micro,2.0,2,1.0,5,0,0.2612
S03512,Food,Chile,Sodimac,Referral,Micro,3.0,3,3.0,3,0,0.261
S00030,Toys,Chile,Falabella Retail,Referral,Micro,3.0,1,8.0,12,0,0.261
S04636,Fashion,Chile,Falabella Retail,Event,Micro,19.0,0,8.0,4,1,0.2609
S13004,Fashion,Colombia,Marketplace direct,Referral,Micro,2.0,3,3.0,3,0,0.2609
S16619,Toys,Colombia,Falabella Retail,Sales rep,Micro,1.0,5,1.0,0,0,0.2608
S12083,Sports,Colombia,Falabella Retail,Referral,Small,1.0,2,1.0,3,0,0.2607
S17824,Beauty,Colombia,Marketplace direct,Sales rep,Small,2.0,0,1.0,2,0,0.2604
S14853,Home,Chile,Falabella Retail,Event,Micro,2.0,1,3.0,6,0,0.2603
S18985,Fashion,Peru,Sodimac,Sales rep,Small,0.0,4,3.0,0,0,0.2603
S11096,Electronics,Chile,Marketplace direct,Event,Micro,3.0,3,4.0,2,0,0.2602
S02686,Home,Chile,Marketplace direct,Referral,Micro,6.0,0,5.0,1,1,0.2601
S01044,Electronics,Colombia,Falabella Retail,Referral,Small,5.0,0,6.0,5,0,0.26
S07400,Beauty,Chile,Sodimac,Self sign-up,Micro,9.0,5,1.0,2,1,0.26
S12138,Hardware,Peru,Falabella Retail,Self sign-up,Medium,21.0,0,1.0,1,1,0.2598
S01450,Hardware,Chile,Falabella Retail,Referral,Micro,25.0,1,3.0,1,1,0.2597
S11278,Fashion,Colombia,Sodimac,Referral,Micro,10.0,4,6.0,1,1,0.2597
S02376,Hardware,Chile,Tottus,Referral,Micro,1.0,5,3.0,1,0,0.2597
S05203,Fashion,Peru,Falabella Retail,Sales rep,Small,1.0,4,5.0,0,0,0.2595
S01759,Food,Colombia,Sodimac,Self sign-up,Small,4.0,3,2.0,4,0,0.2595
S15716,Electronics,Colombia,Marketplace direct,Sales rep,Medium,1.0,2,5.0,2,0,0.2594
S00270,Electronics,Colombia,Falabella Retail,Self sign-up,Small,3.0,2,5.0,6,0,0.2593
S04021,Home,Chile,Sodimac,Referral,Micro,4.0,2,7.0,3,1,0.2591
S09724,Beauty,Chile,Marketplace direct,Sales rep,Micro,1.0,2,1.0,1,0,0.259
S10958,Fashion,Peru,Sodimac,Sales rep,Micro,2.0,1,4.0,4,0,0.259
S10205,Beauty,Peru,Sodimac,Self sign-up,Small,3.0,5,6.0,2,0,0.259
S02344,Toys,Chile,Falabella Retail,Event,Micro,3.0,4,6.0,6,0,0.2588
S03204,Food,Colombia,Tottus,Sales rep,Small,5.0,5,4.0,2,1,0.2588
S06644,Sports,Colombia,Marketplace direct,Sales rep,Micro,8.0,3,4.0,1,1,0.2587
S13064,Fashion,Colombia,Falabella Retail,Sales rep,Micro,6.0,0,6.0,6,0,0.2587
S10443,Sports,Colombia,Sodimac,Referral,Small,1.0,5,3.0,0,0,0.2585
S07037,Toys,Chile,Tottus,Self sign-up,Medium,8.0,5,7.0,1,0,0.2584
S06016,Electronics,Chile,Sodimac,Event,Micro,2.0,3,8.0,7,0,0.2583
S15888,Food,Chile,Sodimac,Sales rep,Micro,4.0,0,1.0,3,0,0.2581
S17525,Fashion,Chile,Falabella Retail,Referral,Micro,0.0,4,1.0,1,0,0.2579
S12236,Sports,Peru,Tottus,Sales rep,Micro,3.0,1,3.0,5,0,0.2579
S07055,Fashion,Chile,Marketplace direct,Referral,Micro,1.0,2,1.0,2,0,0.2577
S15889,Electronics,Chile,Falabella Retail,Self sign-up,Micro,14.0,3,1.0,2,1,0.2577
S17259,Sports,Chile,Falabella Retail,Self sign-up,Medium,12.0,4,5.0,0,1,0.2575
S19702,Sports,Chile,Marketplace direct,Self sign-up,Micro,9.0,5,3.0,0,1,0.2574
S06309,Sports,Peru,Sodimac,Referral,Medium,1.0,1,1.0,1,0,0.2573
S00916,Electronics,Colombia,Falabella Retail,Self sign-up,Small,37.0,2,6.0,4,1,0.2573
S07732,Home,Chile,Falabella Retail,Event,Micro,9.0,4,4.0,0,1,0.2569
S15996,Food,Chile,Sodimac,Sales rep,Micro,5.0,5,10.0,5,0,0.2569
S13547,Home,Peru,Falabella Retail,Referral,Medium,4.0,1,5.0,1,0,0.2568
S02353,Beauty,Colombia,Sodimac,Sales rep,Medium,1.0,1,2.0,0,0,0.2567
S10505,Toys,Chile,Falabella Retail,Referral,Small,1.0,4,2.0,0,0,0.2565
S19062,Fashion,Peru,Tottus,Self sign-up,Medium,35.0,1,7.0,6,1,0.2564
S03859,Electronics,Colombia,Sodimac,Sales rep,Small,3.0,5,11.0,2,1,0.2564
S07634,Electronics,Chile,Marketplace direct,Self sign-up,Small,3.0,5,6.0,1,0,0.2561
S04498,Hardware,Chile,Falabella Retail,Self sign-up,Small,2.0,3,3.0,0,1,0.256
S15021,Hardware,Chile,Falabella Retail,Referral,Small,3.0,4,6.0,0,0,0.2555
S06162,Fashion,Chile,Falabella Retail,Self sign-up,Micro,1.0,2,1.0,3,1,0.2554
S00771,Beauty,Chile,Falabella Retail,Self sign-up,Small,1.0,3,3.0,4,0,0.2554
S01059,Sports,Chile,Sodimac,Referral,Micro,1.0,5,5.0,3,0,0.2554
S05963,Home,Chile,Marketplace direct,Self sign-up,Micro,2.0,5,2.0,1,0,0.2553
S02029,Beauty,Peru,Marketplace direct,Sales rep,Micro,3.0,2,2.0,0,0,0.2553
S01394,Hardware,Chile,Falabella Retail,Self sign-up,Medium,2.0,4,2.0,0,1,0.2553
S11671,Sports,Chile,Falabella Retail,Event,Micro,5.0,1,4.0,1,1,0.2551
S14224,Fashion,Colombia,Sodimac,Self sign-up,Medium,0.0,4,3.0,4,0,0.2551
S02049,Home,Colombia,Sodimac,Sales rep,Small,5.0,2,9.0,2,1,0.2549
S01941,Fashion,Peru,Marketplace direct,Sales rep,Micro,0.0,4,2.0,2,0,0.2549
S02412,Fashion,Colombia,Sodimac,Self sign-up,Small,6.0,3,7.0,2,1,0.2549
S02335,Sports,Chile,Falabella Retail,Referral,Micro,0.0,4,1.0,3,0,0.2544
S11182,Sports,Colombia,Sodimac,Self sign-up,Medium,2.0,3,2.0,2,0,0.2543
S04851,Toys,Chile,Marketplace direct,Sales rep,Medium,0.0,4,3.0,1,0,0.2541
S10317,Fashion,Chile,Marketplace direct,Self sign-up,Micro,2.0,4,2.0,2,0,0.2541
S11715,Hardware,Chile,Falabella Retail,Referral,Micro,2.0,0,1.0,4,0,0.254
S05448,Beauty,Chile,Falabella Retail,Self sign-up,Medium,4.0,0,3.0,3,0,0.254
S10414,Home,Colombia,Sodimac,Referral,Micro,1.0,3,3.0,4,0,0.254
S01973,Fashion,Chile,Falabella Retail,Referral,Micro,2.0,4,4.0,0,0,0.2539
S16156,Home,Chile,Falabella Retail,Sales rep,Micro,1.0,3,2.0,0,0,0.2537
S13404,Electronics,Chile,Falabella Retail,Self sign-up,Micro,1.0,3,2.0,4,0,0.2537
S12937,Home,Chile,Marketplace direct,Self sign-up,Micro,0.0,4,1.0,2,1,0.2536
S15307,Hardware,Chile,Falabella Retail,Event,Small,3.0,2,3.0,1,0,0.2535
S05888,Hardware,Chile,Sodimac,Self sign-up,Small,1.0,1,1.0,5,0,0.2528
S04733,Home,Peru,Tottus,Self sign-up,Medium,1.0,4,3.0,2,0,0.2528
S13417,Fashion,Peru,Sodimac,Self sign-up,Small,2.0,1,1.0,3,0,0.2527
S17859,Toys,Chile,Tottus,Referral,Micro,11.0,1,5.0,8,1,0.2526
S01655,Fashion,Chile,Marketplace direct,Event,Small,1.0,4,3.0,0,0,0.2523
S14274,Fashion,Chile,Falabella Retail,Self sign-up,Micro,2.0,3,2.0,3,0,0.2522
S17453,Electronics,Peru,Marketplace direct,Referral,Medium,3.0,1,5.0,1,0,0.2522
S07969,Electronics,Chile,Falabella Retail,Self sign-up,Small,1.0,4,7.0,6,0,0.2522
S13863,Fashion,Colombia,Tottus,Self sign-up,Micro,4.0,4,7.0,8,0,0.2522
S12283,Home,Chile,Tottus,Self sign-up,Small,2.0,5,3.0,0,0,0.2521
S03299,Electronics,Colombia,Sodimac,Self sign-up,Medium,8.0,2,4.0,1,1,0.2521
S10378,Beauty,Chile,Marketplace direct,Self sign-up,Small,2.0,3,4.0,4,0,0.252
S12728,Fashion,Chile,Falabella Retail,Self sign-up,Micro,12.0,2,4.0,3,1,0.252
S13856,Food,Chile,Falabella Retail,Sales rep,Micro,30.0,1,1.0,1,1,0.2519
S02897,Home,Chile,Falabella Retail,Sales rep,Small,0.0,2,2.0,2,0,0.2516
S01678,Hardware,Chile,Marketplace direct,Sales rep,Micro,3.0,2,3.0,1,0,0.2515
S19197,Beauty,Peru,Marketplace direct,Sales rep,Micro,11.0,3,7.0,3,1,0.2512
S08325,Home,Chile,Sodimac,Referral,Micro,0.0,3,3.0,5,0,0.2511
S13698,Home,Chile,Sodimac,Self sign-up,Medium,10.0,3,3.0,1,1,0.2508
S19007,Beauty,Chile,Falabella Retail,Self sign-up,Small,3.0,4,6.0,3,0,0.2508
S08947,Toys,Chile,Marketplace direct,Sales rep,Small,23.0,2,5.0,3,1,0.2508
S19600,Fashion,Chile,Falabella Retail,Event,Micro,1.0,4,4.0,3,0,0.2506
S11987,Home,Chile,Tottus,Self sign-up,Micro,2.0,4,3.0,4,0,0.2506
S00615,Toys,Chile,Marketplace direct,Referral,Micro,3.0,3,4.0,4,0,0.2505
S01412,Hardware,Colombia,Sodimac,Self sign-up,Small,18.0,4,4.0,1,1,0.2505
S00924,Home,Peru,Sodimac,Sales rep,Micro,0.0,5,3.0,1,0,0.2504
S16049,Toys,Peru,Tottus,Referral,Micro,4.0,1,2.0,5,0,0.2504
S00828,Hardware,Chile,Sodimac,Event,Small,0.0,5,2.0,0,0,0.2504
S16702,Electronics,Colombia,Falabella Retail,Event,Small,0.0,4,2.0,2,0,0.2503
S15821,Home,Colombia,Tottus,Self sign-up,Small,5.0,3,7.0,7,0,0.2502
S17509,Electronics,Chile,Falabella Retail,Self sign-up,Micro,2.0,4,4.0,3,0,0.2502
S09138,Home,Chile,Tottus,Self sign-up,Small,0.0,5,1.0,2,0,0.2502
S11384,Home,Chile,Sodimac,Self sign-up,Small,1.0,3,5.0,6,0,0.25
S19333,Fashion,Colombia,Falabella Retail,Referral,Micro,7.0,0,1.0,2,1,0.25
S02978,Toys,Chile,Falabella Retail,Sales rep,Micro,1.0,2,2.0,4,0,0.2499
S17995,Electronics,Peru,Tottus,Self sign-up,Micro,1.0,5,1.0,1,0,0.2499
S02175,Beauty,Chile,Falabella Retail,Self sign-up,Small,9.0,5,17.0,11,0,0.2498
S04939,Home,Chile,Marketplace direct,Sales rep,Micro,1.0,4,3.0,0,0,0.2497
S12681,Home,Colombia,Marketplace direct,Self sign-up,Micro,6.0,3,5.0,6,0,0.2497
S07416,Home,Chile,Sodimac,Event,Micro,18.0,5,4.0,0,1,0.2495
S06043,Food,Colombia,Falabella Retail,Event,Micro,4.0,5,3.0,2,0,0.2495
S12956,Home,Peru,Tottus,Self sign-up,Micro,18.0,3,2.0,2,1,0.2494
S12856,Electronics,Colombia,Falabella Retail,Event,Small,3.0,3,7.0,4,0,0.2489
S13838,Fashion,Chile,Sodimac,Self sign-up,Small,9.0,0,3.0,4,1,0.2487
S15158,Sports,Peru,Sodimac,Self sign-up,Small,20.0,3,6.0,3,1,0.2486
S19370,Beauty,Chile,Sodimac,Event,Micro,23.0,4,5.0,0,1,0.2483
S17352,Beauty,Peru,Sodimac,Self sign-up,Micro,14.0,4,3.0,1,1,0.2483
S01093,Home,Peru,Falabella Retail,Sales rep,Micro,3.0,3,5.0,0,1,0.2482
S08156,Hardware,Chile,Marketplace direct,Self sign-up,Small,10.0,4,4.0,2,1,0.248
S03013,Sports,Peru,Marketplace direct,Sales rep,Micro,0.0,5,1.0,1,0,0.248
S17889,Fashion,Peru,Falabella Retail,Event,Micro,2.0,4,4.0,2,0,0.248
S05035,Home,Peru,Falabella Retail,Event,Micro,6.0,4,8.0,4,0,0.2479
S00956,Toys,Chile,Falabella Retail,Self sign-up,Small,32.0,1,4.0,3,1,0.2479
S17959,Beauty,Chile,Marketplace direct,Referral,Small,1.0,4,4.0,0,0,0.2479
S14562,Food,Peru,Sodimac,Sales rep,Micro,2.0,3,3.0,3,0,0.2478
S00308,Home,Colombia,Sodimac,Self sign-up,Micro,26.0,4,2.0,1,1,0.2476
S00203,Electronics,Colombia,Sodimac,Referral,Small,0.0,4,2.0,0,0,0.2474
S12334,Electronics,Colombia,Marketplace direct,Event,Small,10.0,1,1.0,2,1,0.2473
S08895,Electronics,Chile,Falabella Retail,Self sign-up,Micro,4.0,3,6.0,1,1,0.2473
S00360,Food,Chile,Sodimac,Referral,Micro,11.0,2,2.0,2,1,0.2473
S00889,Sports,Peru,Sodimac,Self sign-up,Medium,7.0,4,3.0,2,1,0.2473
S10011,Fashion,Chile,Marketplace direct,Event,Micro,10.0,3,5.0,0,1,0.2472
S11081,Sports,Peru,Falabella Retail,Self sign-up,Medium,5.0,3,5.0,2,0,0.2472
S07828,Hardware,Chile,Marketplace direct,Self sign-up,Medium,2.0,1,3.0,1,1,0.2471
S03992,Electronics,Colombia,Sodimac,Self sign-up,Small,1.0,4,2.0,1,0,0.247
S15824,Fashion,Chile,Sodimac,Event,Micro,0.0,2,2.0,1,1,0.247
S13776,Fashion,Chile,Falabella Retail,Sales rep,Micro,5.0,0,4.0,2,0,0.247
S07309,Fashion,Chile,Marketplace direct,Sales rep,Micro,1.0,1,2.0,3,0,0.2468
S13805,Electronics,Chile,Falabella Retail,Sales rep,Small,4.0,3,12.0,1,1,0.2468
S02030,Electronics,Colombia,Falabella Retail,Event,Small,4.0,3,7.0,3,0,0.2468
S02760,Sports,Peru,Marketplace direct,Sales rep,Micro,3.0,4,6.0,3,0,0.2466
S01771,Toys,Chile,Falabella Retail,Event,Medium,5.0,4,8.0,0,1,0.2466
S10986,Electronics,Peru,Marketplace direct,Self sign-up,Small,1.0,4,2.0,1,0,0.2463
S17351,Beauty,Colombia,Sodimac,Self sign-up,Small,16.0,2,3.0,1,1,0.2461
S00392,Beauty,Chile,Falabella Retail,Self sign-up,Small,8.0,1,7.0,3,1,0.2459
S05471,Electronics,Chile,Falabella Retail,Self sign-up,Micro,21.0,2,2.0,2,1,0.2456
S07874,Beauty,Chile,Falabella Retail,Self sign-up,Micro,15.0,2,6.0,6,1,0.2456
S17368,Beauty,Peru,Falabella Retail,Referral,Micro,4.0,5,8.0,2,0,0.2455
S14229,Fashion,Peru,Falabella Retail,Event,Small,3.0,5,10.0,4,0,0.2455
S11821,Home,Chile,Falabella Retail,Referral,Small,7.0,2,8.0,2,0,0.2455
S06023,Hardware,Chile,Falabella Retail,Event,Micro,2.0,4,3.0,1,0,0.2453
S04444,Electronics,Peru,Falabella Retail,Referral,Micro,1.0,2,1.0,1,0,0.2453
S04423,Home,Peru,Marketplace direct,Sales rep,Micro,0.0,4,1.0,1,0,0.2451
S10820,Food,Colombia,Tottus,Sales rep,Small,1.0,3,1.0,2,0,0.2451
S17504,Fashion,Peru,Falabella Retail,Sales rep,Micro,17.0,4,6.0,1,1,0.2451
S11263,Home,Chile,Marketplace direct,Self sign-up,Micro,7.0,4,2.0,1,1,0.245
S15843,Electronics,Chile,Falabella Retail,Self sign-up,Micro,5.0,1,4.0,1,1,0.2449
S05376,Home,Chile,Marketplace direct,Sales rep,Micro,2.0,3,6.0,0,1,0.2449
S14349,Hardware,Chile,Sodimac,Self sign-up,Small,3.0,3,3.0,1,0,0.2448
S19773,Sports,Chile,Marketplace direct,Self sign-up,Small,2.0,3,2.0,3,0,0.2447
S11354,Fashion,Colombia,Tottus,Event,Small,5.0,3,8.0,5,0,0.2446
S14964,Beauty,Colombia,Sodimac,Referral,Micro,1.0,3,1.0,1,0,0.2445
S02607,Home,Colombia,Falabella Retail,Sales rep,Micro,2.0,1,2.0,3,0,0.2442
S01363,Electronics,Peru,Falabella Retail,Sales rep,Small,6.0,0,9.0,5,0,0.2441
S18628,Home,Chile,Tottus,Referral,Small,10.0,3,8.0,1,1,0.2441
S10307,Electronics,Colombia,Falabella Retail,Self sign-up,Micro,19.0,1,1.0,2,1,0.2441
S09464,Food,Peru,Falabella Retail,Event,Micro,14.0,3,4.0,4,1,0.2439
S14767,Fashion,Colombia,Falabella Retail,Sales rep,Small,2.0,2,5.0,2,0,0.2439
S07081,Hardware,Chile,Falabella Retail,Event,Small,1.0,5,5.0,1,0,0.2439
S05862,Sports,Peru,Marketplace direct,Self sign-up,Medium,1.0,5,2.0,0,0,0.2436
S14465,Sports,Chile,Sodimac,Referral,Micro,4.0,5,6.0,0,0,0.2435
S04635,Electronics,Chile,Sodimac,Sales rep,Small,9.0,2,8.0,1,1,0.2435
S07101,Home,Chile,Marketplace direct,Sales rep,Small,0.0,5,5.0,1,0,0.2435
S16969,Beauty,Chile,Marketplace direct,Self sign-up,Medium,38.0,0,3.0,0,1,0.2434
S18832,Hardware,Peru,Falabella Retail,Sales rep,Small,11.0,3,6.0,0,1,0.2431
S05768,Fashion,Colombia,Tottus,Sales rep,Micro,8.0,3,9.0,4,0,0.2431
S08888,Toys,Peru,Sodimac,Sales rep,Small,0.0,4,1.0,0,0,0.2431
S00887,Electronics,Chile,Sodimac,Event,Small,1.0,3,5.0,2,0,0.243
S19414,Home,Colombia,Sodimac,Referral,Small,1.0,1,1.0,2,0,0.2429
S11309,Home,Colombia,Falabella Retail,Sales rep,Medium,8.0,0,2.0,0,1,0.2428
S13910,Sports,Chile,Marketplace direct,Self sign-up,Micro,2.0,3,5.0,9,0,0.2425
S02735,Fashion,Peru,Marketplace direct,Self sign-up,Medium,8.0,1,5.0,3,1,0.2424
S11564,Electronics,Peru,Falabella Retail,Event,Small,20.0,2,5.0,0,1,0.242
S03202,Food,Chile,Falabella Retail,Referral,Small,0.0,3,3.0,6,0,0.242
S02851,Fashion,Chile,Sodimac,Self sign-up,Micro,1.0,5,4.0,3,0,0.2419
S12886,Home,Chile,Tottus,Self sign-up,Small,5.0,5,1.0,0,1,0.2416
S11693,Home,Chile,Falabella Retail,Sales rep,Small,5.0,1,7.0,2,0,0.2416
S14724,Home,Colombia,Marketplace direct,Sales rep,Micro,5.0,3,5.0,1,0,0.2416
S18394,Fashion,Chile,Falabella Retail,Sales rep,Micro,2.0,1,4.0,3,0,0.2416
S05812,Sports,Peru,Falabella Retail,Event,Micro,2.0,5,3.0,1,0,0.2412
S04591,Fashion,Chile,Marketplace direct,Event,Medium,6.0,1,4.0,0,1,0.2412
S16879,Sports,Chile,Marketplace direct,Event,Medium,0.0,4,1.0,0,0,0.2411
S19836,Food,Chile,Falabella Retail,Sales rep,Small,0.0,5,2.0,0,0,0.2411
S15145,Electronics,Colombia,Marketplace direct,Sales rep,Micro,7.0,2,9.0,5,0,0.2408
S01576,Hardware,Chile,Falabella Retail,Event,Small,4.0,5,9.0,2,0,0.2407
S00211,Beauty,Peru,Tottus,Referral,Small,1.0,3,2.0,0,0,0.2407
S14653,Sports,Chile,Falabella Retail,Sales rep,Medium,0.0,2,2.0,1,0,0.2405
S15455,Food,Colombia,Sodimac,Event,Micro,6.0,2,5.0,5,1,0.2405
S02261,Food,Colombia,Falabella Retail,Referral,Small,3.0,4,6.0,4,0,0.2403
S17992,Sports,Colombia,Falabella Retail,Sales rep,Medium,13.0,2,8.0,2,1,0.2402
S02399,Beauty,Chile,Tottus,Referral,Micro,11.0,0,4.0,4,1,0.2402
S10498,Sports,Peru,Marketplace direct,Sales rep,Small,1.0,1,1.0,2,0,0.2401
S16460,Home,Colombia,Marketplace direct,Event,Small,12.0,2,9.0,3,1,0.2401
S04150,Home,Chile,Marketplace direct,Self sign-up,Medium,16.0,2,7.0,3,1,0.24
S05289,Beauty,Colombia,Falabella Retail,Referral,Small,2.0,5,6.0,0,0,0.2399
S18481,Fashion,Colombia,Falabella Retail,Sales rep,Micro,1.0,5,5.0,1,0,0.2399
S07945,Home,Colombia,Falabella Retail,Sales rep,Small,0.0,4,2.0,0,0,0.2397
S04918,Food,Chile,Falabella Retail,Self sign-up,Small,3.0,5,4.0,2,0,0.2395
S01871,Fashion,Colombia,Marketplace direct,Sales rep,Small,3.0,3,9.0,1,1,0.2393
S09423,Home,Colombia,Falabella Retail,Referral,Micro,1.0,4,2.0,1,0,0.2392
S07961,Home,Colombia,Sodimac,Event,Medium,5.0,0,4.0,2,0,0.2392
S08362,Fashion,Chile,Marketplace direct,Sales rep,Micro,2.0,0,4.0,0,1,0.2392
S05895,Toys,Colombia,Sodimac,Sales rep,Micro,5.0,1,1.0,4,1,0.2392
S18751,Hardware,Colombia,Sodimac,Self sign-up,Medium,3.0,4,4.0,0,0,0.2391
S13145,Electronics,Chile,Sodimac,Event,Micro,5.0,0,2.0,1,0,0.239
S15285,Home,Chile,Falabella Retail,Self sign-up,Small,11.0,3,5.0,1,1,0.2389
S11001,Electronics,Peru,Tottus,Referral,Micro,0.0,5,3.0,2,0,0.2387
S10912,Sports,Peru,Sodimac,Self sign-up,Micro,4.0,5,4.0,2,0,0.2387
S15651,Toys,Chile,Marketplace direct,Self sign-up,Small,14.0,3,1.0,2,1,0.2386
S09379,Home,Chile,Falabella Retail,Self sign-up,Micro,2.0,5,3.0,1,0,0.2384
S04574,Hardware,Chile,Marketplace direct,Referral,Small,2.0,0,3.0,4,0,0.2383
S09567,Hardware,Colombia,Marketplace direct,Sales rep,Micro,1.0,3,1.0,1,0,0.2383
S10725,Food,Chile,Falabella Retail,Self sign-up,Micro,25.0,5,2.0,2,1,0.2382
S18453,Hardware,Colombia,Sodimac,Self sign-up,Small,14.0,2,5.0,6,1,0.238
S04756,Fashion,Colombia,Sodimac,Self sign-up,Medium,4.0,2,3.0,0,0,0.2379
S03368,Electronics,Colombia,Falabella Retail,Referral,Micro,10.0,4,1.0,0,1,0.2378
S09916,Beauty,Peru,Falabella Retail,Event,Micro,2.0,4,4.0,2,0,0.2376
S18488,Beauty,Colombia,Tottus,Referral,Medium,2.0,0,2.0,2,0,0.2373
S12313,Fashion,Peru,Falabella Retail,Self sign-up,Micro,25.0,3,2.0,0,1,0.2372
S09119,Hardware,Colombia,Marketplace direct,Self sign-up,Small,4.0,4,8.0,7,0,0.237
S15710,Food,Colombia,Sodimac,Sales rep,Micro,9.0,3,8.0,5,1,0.2368
S01261,Fashion,Chile,Sodimac,Self sign-up,Micro,5.0,3,6.0,4,0,0.2366
S05948,Fashion,Chile,Sodimac,Self sign-up,Small,3.0,2,2.0,0,0,0.2365
S16732,Sports,Chile,Falabella Retail,Self sign-up,Medium,0.0,5,1.0,0,0,0.2362
S05205,Electronics,Chile,Marketplace direct,Self sign-up,Small,9.0,2,3.0,3,1,0.236
S00844,Electronics,Chile,Falabella Retail,Self sign-up,Medium,0.0,4,2.0,0,0,0.2359
S05867,Toys,Colombia,Falabella Retail,Sales rep,Micro,4.0,3,3.0,1,0,0.2357
S00106,Fashion,Chile,Sodimac,Sales rep,Micro,10.0,0,4.0,1,1,0.2356
S07466,Home,Chile,Marketplace direct,Self sign-up,Small,1.0,3,3.0,4,0,0.2356
S15215,Fashion,Chile,Tottus,Sales rep,Small,2.0,1,3.0,0,0,0.2353
S15954,Fashion,Chile,Falabella Retail,Referral,Small,1.0,5,9.0,3,0,0.2352
S17737,Sports,Colombia,Marketplace direct,Event,Medium,10.0,1,2.0,1,1,0.2352
S09804,Home,Chile,Sodimac,Self sign-up,Small,11.0,2,4.0,5,1,0.235
S06058,Hardware,Colombia,Marketplace direct,Referral,Small,6.0,5,4.0,0,1,0.2349
S11749,Toys,Chile,Sodimac,Sales rep,Micro,10.0,3,6.0,2,1,0.2348
S18371,Home,Colombia,Falabella Retail,Sales rep,Micro,0.0,4,1.0,1,0,0.2348
S00886,Fashion,Chile,Marketplace direct,Self sign-up,Small,3.0,2,1.0,0,1,0.2347
S13785,Sports,Chile,Falabella Retail,Self sign-up,Micro,6.0,2,1.0,0,1,0.2346
S17115,Hardware,Chile,Marketplace direct,Referral,Micro,2.0,3,6.0,5,0,0.2344
S15088,Home,Peru,Sodimac,Self sign-up,Small,25.0,0,1.0,3,1,0.2341
S12038,Toys,Peru,Falabella Retail,Sales rep,Micro,2.0,5,4.0,0,0,0.2341
S17165,Sports,Chile,Marketplace direct,Self sign-up,Small,5.0,5,9.0,5,0,0.234
S10160,Electronics,Chile,Falabella Retail,Self sign-up,Micro,5.0,2,5.0,4,0,0.2333
S08031,Fashion,Chile,Sodimac,Self sign-up,Small,0.0,1,1.0,6,0,0.2333
S08539,Home,Chile,Falabella Retail,Event,Small,3.0,0,3.0,3,0,0.2332
S06852,Sports,Chile,Tottus,Self sign-up,Micro,16.0,0,9.0,9,1,0.2331
S18632,Toys,Chile,Falabella Retail,Self sign-up,Small,3.0,4,6.0,5,0,0.233
S15262,Fashion,Chile,Sodimac,Sales rep,Micro,4.0,2,8.0,2,1,0.233
S14185,Electronics,Peru,Falabella Retail,Self sign-up,Micro,3.0,3,6.0,6,0,0.2329
S13273,Home,Chile,Marketplace direct,Event,Micro,2.0,1,2.0,0,1,0.2328
S00492,Sports,Chile,Tottus,Self sign-up,Micro,4.0,4,4.0,3,1,0.2328
S01828,Food,Peru,Falabella Retail,Referral,Micro,4.0,4,5.0,3,0,0.2328
S03416,Sports,Chile,Falabella Retail,Referral,Small,1.0,4,6.0,3,0,0.2326
S08685,Electronics,Chile,Sodimac,Self sign-up,Micro,4.0,4,5.0,1,0,0.2326
S16555,Electronics,Chile,Tottus,Referral,Micro,1.0,4,4.0,1,0,0.2326
S05156,Home,Chile,Falabella Retail,Sales rep,Micro,1.0,5,7.0,2,0,0.2324
S14613,Home,Chile,Falabella Retail,Referral,Micro,3.0,5,9.0,0,1,0.2322
S05504,Hardware,Chile,Sodimac,Self sign-up,Micro,4.0,3,3.0,2,0,0.2322
S08932,Electronics,Peru,Sodimac,Self sign-up,Micro,4.0,5,9.0,5,0,0.2321
S19235,Electronics,Chile,Falabella Retail,Referral,Micro,8.0,3,4.0,0,1,0.2321
S13873,Hardware,Chile,Marketplace direct,Referral,Medium,2.0,1,3.0,0,0,0.232
S19261,Beauty,Chile,Falabella Retail,Referral,Small,2.0,3,5.0,0,0,0.2319
S14831,Beauty,Chile,Falabella Retail,Self sign-up,Small,2.0,4,4.0,1,0,0.2319
S07248,Toys,Chile,Marketplace direct,Sales rep,Micro,1.0,3,1.0,1,0,0.2319
S14573,Home,Chile,Falabella Retail,Self sign-up,Medium,12.0,3,3.0,0,1,0.2317
S18352,Beauty,Colombia,Sodimac,Referral,Medium,11.0,2,5.0,0,1,0.2316
S08511,Beauty,Chile,Tottus,Self sign-up,Micro,8.0,3,5.0,5,1,0.2315
S15532,Electronics,Colombia,Marketplace direct,Sales rep,Small,1.0,1,2.0,1,0,0.2314
S02191,Beauty,Chile,Marketplace direct,Referral,Medium,0.0,0,1.0,3,0,0.2313
S14605,Hardware,Chile,Sodimac,Self sign-up,Micro,1.0,5,1.0,0,0,0.2312
S08315,Beauty,Chile,Marketplace direct,Self sign-up,Small,3.0,3,4.0,2,0,0.2311
S02609,Fashion,Chile,Sodimac,Self sign-up,Small,5.0,0,3.0,0,1,0.2311
S14567,Electronics,Chile,Falabella Retail,Self sign-up,Micro,13.0,4,5.0,2,1,0.2309
S07336,Sports,Peru,Sodimac,Self sign-up,Micro,7.0,3,4.0,0,1,0.2309
S00719,Food,Chile,Tottus,Self sign-up,Micro,20.0,5,1.0,1,1,0.2308
S16789,Home,Peru,Falabella Retail,Event,Medium,1.0,1,4.0,4,0,0.2308
S10514,Food,Peru,Sodimac,Event,Micro,13.0,1,2.0,5,1,0.2307
S17452,Food,Peru,Sodimac,Self sign-up,Micro,2.0,4,3.0,6,0,0.2305
S14406,Home,Colombia,Marketplace direct,Self sign-up,Micro,2.0,5,3.0,3,0,0.2304
S16344,Sports,Peru,Tottus,Referral,Micro,2.0,5,3.0,0,0,0.2304
S00151,Hardware,Chile,Tottus,Self sign-up,Micro,14.0,5,19.0,15,0,0.2301
S14091,Beauty,Peru,Tottus,Self sign-up,Small,11.0,3,3.0,3,1,0.2301
S02090,Fashion,Peru,Falabella Retail,Sales rep,Small,5.0,2,8.0,2,1,0.2301
S11061,Beauty,Chile,Marketplace direct,Self sign-up,Micro,11.0,3,3.0,1,1,0.2301
S10144,Beauty,Colombia,Marketplace direct,Referral,Micro,0.0,5,1.0,1,0,0.23
S10164,Electronics,Chile,Sodimac,Self sign-up,Small,4.0,0,2.0,0,1,0.2298
S03596,Hardware,Peru,Marketplace direct,Self sign-up,Micro,18.0,2,4.0,3,1,0.2296
S11257,Fashion,Peru,Marketplace direct,Self sign-up,Medium,6.0,3,9.0,4,0,0.2294
S03863,Fashion,Peru,Falabella Retail,Self sign-up,Small,9.0,5,10.0,2,0,0.2293
S02270,Sports,Chile,Marketplace direct,Self sign-up,Micro,3.0,5,5.0,4,0,0.2292
S15247,Home,Colombia,Falabella Retail,Event,Micro,9.0,5,8.0,1,1,0.2291
S10061,Fashion,Colombia,Falabella Retail,Self sign-up,Micro,1.0,5,1.0,1,0,0.2291
S05342,Hardware,Chile,Sodimac,Event,Small,7.0,2,1.0,0,1,0.2287
S12079,Fashion,Colombia,Sodimac,Self sign-up,Small,1.0,4,2.0,1,0,0.2287
S00023,Hardware,Chile,Falabella Retail,Self sign-up,Small,1.0,4,3.0,2,0,0.2286
S11459,Electronics,Peru,Tottus,Self sign-up,Small,3.0,5,6.0,1,0,0.2283
S19560,Electronics,Chile,Sodimac,Self sign-up,Small,18.0,2,11.0,3,1,0.2283
S18831,Hardware,Chile,Sodimac,Self sign-up,Micro,4.0,5,5.0,1,0,0.2282
S17053,Home,Colombia,Sodimac,Self sign-up,Small,0.0,5,3.0,4,0,0.2279
S08853,Beauty,Colombia,Marketplace direct,Sales rep,Micro,7.0,4,12.0,6,0,0.2279
S07648,Home,Colombia,Tottus,Self sign-up,Small,7.0,2,2.0,2,1,0.2278
S00535,Home,Chile,Sodimac,Self sign-up,Micro,1.0,4,1.0,1,0,0.2276
S18198,Hardware,Colombia,Sodimac,Sales rep,Small,6.0,3,10.0,3,0,0.2276
S00988,Fashion,Peru,Sodimac,Sales rep,Micro,1.0,1,2.0,2,0,0.2275
S13820,Food,Peru,Marketplace direct,Referral,Micro,16.0,5,10.0,1,1,0.2274
S14397,Electronics,Chile,Marketplace direct,Event,Micro,1.0,2,3.0,4,0,0.2274
S11619,Home,Peru,Sodimac,Self sign-up,Small,3.0,2,2.0,1,0,0.2274
S12330,Home,Chile,Falabella Retail,Self sign-up,Micro,1.0,5,2.0,1,0,0.2273
S12421,Home,Chile,Falabella Retail,Self sign-up,Micro,1.0,5,2.0,1,0,0.2273
S19520,Home,Chile,Falabella Retail,Self sign-up,Small,2.0,4,4.0,1,0,0.2272
S01781,Hardware,Chile,Falabella Retail,Event,Micro,4.0,1,7.0,8,0,0.2271
S08016,Toys,Peru,Sodimac,Sales rep,Micro,1.0,3,2.0,0,1,0.2271
S07894,Fashion,Peru,Marketplace direct,Referral,Small,2.0,0,2.0,2,0,0.2271
S06949,Hardware,Chile,Marketplace direct,Sales rep,Medium,0.0,2,2.0,0,0,0.227
S13217,Beauty,Peru,Falabella Retail,Self sign-up,Medium,10.0,3,12.0,5,1,0.227
S17850,Fashion,Colombia,Sodimac,Self sign-up,Micro,34.0,2,4.0,3,1,0.2269
S01830,Fashion,Chile,Falabella Retail,Sales rep,Small,0.0,3,3.0,0,0,0.2266
S01926,Fashion,Chile,Marketplace direct,Sales rep,Micro,10.0,1,7.0,2,1,0.2265
S11577,Home,Chile,Falabella Retail,Self sign-up,Small,3.0,4,5.0,1,0,0.2262
S01798,Beauty,Chile,Falabella Retail,Referral,Micro,5.0,3,8.0,3,0,0.2262
S08496,Electronics,Peru,Sodimac,Self sign-up,Small,2.0,5,7.0,2,0,0.2262
S08531,Electronics,Peru,Sodimac,Event,Micro,1.0,5,4.0,0,0,0.226
S11711,Electronics,Chile,Marketplace direct,Sales rep,Micro,2.0,1,3.0,1,0,0.2259
S18102,Electronics,Chile,Tottus,Event,Micro,2.0,1,2.0,3,0,0.2258
S06271,Home,Chile,Falabella Retail,Self sign-up,Micro,1.0,3,1.0,3,0,0.2257
S07908,Fashion,Chile,Tottus,Self sign-up,Small,41.0,1,4.0,1,1,0.2257
S09425,Toys,Chile,Falabella Retail,Self sign-up,Micro,9.0,3,4.0,2,1,0.2257
S07391,Electronics,Chile,Sodimac,Self sign-up,Micro,6.0,4,8.0,3,0,0.2255
S18507,Home,Chile,Tottus,Referral,Micro,2.0,2,5.0,1,1,0.2255
S05282,Food,Chile,Sodimac,Sales rep,Small,0.0,3,1.0,1,0,0.2253
S06976,Hardware,Colombia,Tottus,Sales rep,Micro,0.0,4,1.0,2,0,0.2253
S02440,Food,Chile,Sodimac,Self sign-up,Medium,3.0,1,1.0,0,1,0.2252
S03274,Sports,Peru,Marketplace direct,Self sign-up,Medium,3.0,2,5.0,5,0,0.2248
S13484,Fashion,Chile,Tottus,Sales rep,Micro,0.0,3,2.0,2,0,0.2247
S11002,Hardware,Colombia,Marketplace direct,Event,Medium,2.0,5,6.0,0,0,0.2246
S15031,Fashion,Colombia,Falabella Retail,Referral,Small,6.0,3,7.0,0,0,0.2245
S08408,Hardware,Colombia,Marketplace direct,Sales rep,Micro,0.0,5,1.0,0,0,0.2242
S14648,Hardware,Colombia,Falabella Retail,Referral,Micro,6.0,3,2.0,1,1,0.2242
S11839,Electronics,Chile,Marketplace direct,Event,Micro,1.0,3,2.0,1,0,0.2241
S18121,Home,Chile,Sodimac,Self sign-up,Micro,8.0,4,7.0,2,0,0.224
S17109,Beauty,Chile,Sodimac,Sales rep,Small,9.0,5,16.0,3,0,0.2239
S02267,Fashion,Chile,Marketplace direct,Self sign-up,Small,12.0,2,9.0,2,1,0.2239
S06047,Electronics,Colombia,Sodimac,Referral,Micro,8.0,4,9.0,1,0,0.2239
S01045,Home,Colombia,Falabella Retail,Sales rep,Micro,0.0,4,3.0,3,0,0.2238
S07768,Food,Chile,Tottus,Referral,Micro,7.0,2,4.0,4,1,0.2237
S15558,Electronics,Peru,Marketplace direct,Self sign-up,Small,2.0,0,2.0,5,0,0.2236
S17324,Home,Colombia,Sodimac,Self sign-up,Micro,2.0,3,3.0,5,0,0.2235
S03905,Sports,Chile,Sodimac,Self sign-up,Micro,1.0,3,1.0,4,0,0.2233
S07900,Fashion,Peru,Falabella Retail,Sales rep,Medium,0.0,0,1.0,1,0,0.223
S07881,Electronics,Chile,Falabella Retail,Self sign-up,Small,0.0,3,1.0,2,0,0.2229
S08481,Home,Colombia,Tottus,Self sign-up,Medium,10.0,0,5.0,2,1,0.2227
S11089,Beauty,Chile,Sodimac,Self sign-up,Micro,3.0,5,5.0,1,0,0.2226
S11995,Hardware,Peru,Marketplace direct,Referral,Micro,2.0,5,6.0,2,0,0.2225
S05549,Fashion,Peru,Sodimac,Self sign-up,Micro,5.0,4,8.0,5,0,0.2224
S12400,Sports,Chile,Tottus,Sales rep,Small,3.0,2,4.0,0,0,0.2223
S19464,Electronics,Chile,Sodimac,Referral,Small,10.0,0,4.0,0,1,0.2217
S10545,Hardware,Peru,Sodimac,Referral,Small,18.0,0,1.0,0,1,0.2217
S04825,Fashion,Chile,Sodimac,Self sign-up,Medium,0.0,2,2.0,3,0,0.2216
S17133,Electronics,Peru,Falabella Retail,Self sign-up,Micro,10.0,3,9.0,7,1,0.2216
S01029,Fashion,Peru,Falabella Retail,Self sign-up,Micro,1.0,3,1.0,3,0,0.2216
S03686,Fashion,Colombia,Marketplace direct,Referral,Small,1.0,1,3.0,4,0,0.2216
S18844,Home,Colombia,Marketplace direct,Self sign-up,Micro,0.0,3,1.0,8,0,0.2215
S00620,Toys,Chile,Sodimac,Self sign-up,Micro,10.0,3,4.0,1,1,0.2214
S19438,Home,Chile,Sodimac,Sales rep,Micro,1.0,3,5.0,1,1,0.2214
S00481,Home,Chile,Sodimac,Event,Micro,6.0,1,5.0,3,0,0.2213
S00884,Home,Peru,Tottus,Self sign-up,Small,8.0,2,6.0,1,1,0.2213
S19155,Hardware,Peru,Sodimac,Sales rep,Small,2.0,2,6.0,2,0,0.2212
S07539,Home,Chile,Falabella Retail,Referral,Micro,7.0,2,6.0,1,0,0.2212
S17606,Hardware,Chile,Falabella Retail,Self sign-up,Medium,0.0,4,1.0,0,0,0.2212
S11296,Toys,Chile,Sodimac,Sales rep,Micro,1.0,3,3.0,2,0,0.2211
S06924,Home,Chile,Tottus,Referral,Medium,17.0,0,3.0,1,1,0.2209
S17370,Fashion,Chile,Tottus,Self sign-up,Medium,0.0,4,2.0,1,0,0.2209
S02527,Hardware,Peru,Marketplace direct,Event,Small,2.0,2,2.0,1,0,0.2206
S06582,Toys,Chile,Marketplace direct,Event,Micro,16.0,2,10.0,8,1,0.2205
S10436,Home,Colombia,Marketplace direct,Self sign-up,Medium,2.0,2,3.0,3,0,0.2204
S19282,Toys,Chile,Falabella Retail,Sales rep,Small,3.0,2,4.0,0,0,0.2203
S14479,Fashion,Chile,Tottus,Referral,Micro,12.0,0,9.0,4,1,0.2203
S04063,Beauty,Chile,Sodimac,Self sign-up,Medium,4.0,4,9.0,2,0,0.2203
S05680,Hardware,Chile,Sodimac,Self sign-up,Micro,2.0,5,6.0,4,0,0.2203
S09962,Electronics,Chile,Marketplace direct,Self sign-up,Micro,3.0,5,6.0,2,0,0.2202
S07293,Electronics,Chile,Falabella Retail,Self sign-up,Medium,2.0,2,5.0,0,1,0.2201
S18595,Electronics,Chile,Sodimac,Referral,Micro,0.0,3,1.0,0,0,0.2201
S19016,Sports,Chile,Falabella Retail,Referral,Micro,0.0,5,1.0,0,0,0.2201
S02565,Fashion,Chile,Sodimac,Event,Small,1.0,2,3.0,1,0,0.22
S02765,Food,Peru,Marketplace direct,Sales rep,Small,5.0,1,4.0,2,1,0.2198
S05141,Beauty,Chile,Tottus,Self sign-up,Small,5.0,5,9.0,3,0,0.2195
S18647,Hardware,Chile,Falabella Retail,Sales rep,Small,17.0,0,1.0,0,1,0.2194
S02369,Beauty,Colombia,Sodimac,Self sign-up,Small,0.0,5,1.0,1,0,0.2191
S06999,Toys,Colombia,Marketplace direct,Referral,Medium,12.0,2,6.0,2,1,0.2191
S01600,Food,Chile,Falabella Retail,Self sign-up,Micro,11.0,3,3.0,1,1,0.219
S03821,Sports,Chile,Falabella Retail,Referral,Micro,2.0,1,1.0,2,0,0.2189
S05849,Toys,Colombia,Falabella Retail,Self sign-up,Medium,23.0,1,2.0,2,1,0.2186
S11950,Hardware,Chile,Marketplace direct,Self sign-up,Micro,6.0,1,2.0,3,1,0.2186
S07428,Beauty,Colombia,Falabella Retail,Self sign-up,Micro,6.0,1,1.0,1,1,0.2183
S13319,Electronics,Chile,Falabella Retail,Sales rep,Small,1.0,0,3.0,1,0,0.2181
S12088,Electronics,Peru,Sodimac,Referral,Micro,8.0,5,6.0,1,1,0.218
S06926,Home,Peru,Sodimac,Referral,Medium,1.0,0,3.0,2,0,0.2179
S01416,Beauty,Peru,Sodimac,Event,Micro,23.0,3,6.0,2,1,0.2179
S03522,Electronics,Chile,Falabella Retail,Self sign-up,Micro,9.0,5,3.0,0,1,0.2177
S09188,Toys,Chile,Sodimac,Referral,Small,27.0,0,6.0,1,1,0.2175
S17879,Fashion,Chile,Falabella Retail,Event,Medium,2.0,2,5.0,0,0,0.2175
S02289,Home,Colombia,Sodimac,Event,Small,0.0,3,1.0,2,0,0.2175
S08901,Hardware,Peru,Falabella Retail,Self sign-up,Small,13.0,3,2.0,0,1,0.2173
S18478,Toys,Colombia,Marketplace direct,Self sign-up,Micro,3.0,5,4.0,5,0,0.2173
S11620,Toys,Chile,Tottus,Self sign-up,Small,1.0,5,4.0,4,0,0.2172
S17813,Fashion,Peru,Sodimac,Event,Small,1.0,3,3.0,0,0,0.217
S02721,Hardware,Peru,Falabella Retail,Self sign-up,Medium,2.0,1,1.0,1,0,0.217
S00997,Electronics,Colombia,Falabella Retail,Sales rep,Micro,2.0,0,1.0,1,0,0.217
S13117,Food,Peru,Falabella Retail,Self sign-up,Small,2.0,4,3.0,0,1,0.217
S13878,Toys,Chile,Sodimac,Event,Small,4.0,3,5.0,1,0,0.217
S17397,Hardware,Peru,Falabella Retail,Sales rep,Medium,0.0,2,3.0,1,0,0.2169
S19030,Sports,Chile,Marketplace direct,Self sign-up,Small,29.0,3,9.0,5,1,0.2169
S19677,Beauty,Colombia,Tottus,Referral,Small,0.0,4,1.0,0,0,0.2169
S14814,Electronics,Colombia,Marketplace direct,Self sign-up,Micro,3.0,3,2.0,2,0,0.2169
S10297,Fashion,Chile,Marketplace direct,Event,Small,2.0,3,5.0,1,0,0.2167
S09540,Food,Colombia,Sodimac,Self sign-up,Medium,19.0,5,8.0,3,1,0.2166
S13877,Home,Chile,Falabella Retail,Self sign-up,Micro,1.0,5,4.0,3,0,0.2165
S13490,Home,Chile,Falabella Retail,Self sign-up,Micro,1.0,5,4.0,3,0,0.2165
S05643,Fashion,Peru,Falabella Retail,Sales rep,Small,3.0,2,9.0,1,1,0.2165
S17188,Electronics,Peru,Sodimac,Self sign-up,Micro,3.0,3,2.0,0,0,0.2165
S07593,Hardware,Colombia,Tottus,Self sign-up,Medium,2.0,3,3.0,2,0,0.2164
S11778,Fashion,Colombia,Tottus,Sales rep,Small,1.0,2,3.0,1,0,0.2164
S09957,Electronics,Peru,Marketplace direct,Referral,Micro,0.0,5,4.0,2,0,0.2164
S17861,Hardware,Colombia,Falabella Retail,Self sign-up,Small,0.0,5,1.0,2,0,0.2162
S15586,Electronics,Chile,Falabella Retail,Sales rep,Micro,19.0,2,7.0,2,1,0.2162
S13211,Fashion,Peru,Marketplace direct,Self sign-up,Medium,9.0,0,1.0,2,1,0.2161
S09596,Home,Colombia,Falabella Retail,Sales rep,Medium,1.0,5,9.0,1,0,0.2161
S11520,Fashion,Peru,Tottus,Event,Micro,3.0,5,5.0,0,0,0.216
S05172,Hardware,Chile,Sodimac,Self sign-up,Micro,5.0,2,2.0,1,0,0.2159
S00216,Electronics,Colombia,Marketplace direct,Referral,Micro,4.0,5,7.0,0,0,0.2158
S03755,Fashion,Colombia,Tottus,Self sign-up,Small,1.0,4,3.0,3,0,0.2156
S17565,Fashion,Peru,Marketplace direct,Sales rep,Micro,0.0,5,3.0,0,0,0.2152
S01465,Sports,Chile,Falabella Retail,Event,Micro,4.0,2,3.0,2,0,0.2151
S07517,Sports,Peru,Falabella Retail,Referral,Micro,3.0,2,2.0,1,0,0.215
S16296,Electronics,Chile,Sodimac,Self sign-up,Micro,0.0,4,1.0,2,0,0.2148
S12176,Fashion,Colombia,Sodimac,Referral,Micro,1.0,5,5.0,1,0,0.2148
S12585,Home,Chile,Sodimac,Event,Small,0.0,2,2.0,3,0,0.2146
S17208,Hardware,Peru,Tottus,Sales rep,Small,15.0,1,9.0,3,1,0.2145
S01090,Home,Colombia,Marketplace direct,Self sign-up,Small,0.0,5,1.0,2,0,0.2144
S03783,Home,Colombia,Tottus,Event,Micro,7.0,3,4.0,1,1,0.2143
S17135,Food,Chile,Falabella Retail,Sales rep,Small,3.0,1,3.0,1,0,0.2143
S05303,Home,Chile,Sodimac,Referral,Micro,12.0,4,10.0,1,1,0.2141
S07893,Electronics,Peru,Tottus,Self sign-up,Small,0.0,5,1.0,0,0,0.2141
S10355,Sports,Peru,Sodimac,Self sign-up,Small,4.0,0,1.0,3,1,0.2141
S15251,Electronics,Peru,Marketplace direct,Self sign-up,Small,12.0,3,2.0,1,1,0.2139
S15913,Sports,Chile,Falabella Retail,Sales rep,Micro,1.0,1,1.0,2,0,0.2138
S11481,Sports,Chile,Falabella Retail,Event,Small,0.0,5,2.0,0,0,0.2138
S11485,Beauty,Colombia,Falabella Retail,Event,Micro,2.0,4,4.0,2,0,0.2137
S10255,Home,Colombia,Tottus,Event,Small,1.0,4,7.0,6,0,0.2137
S14584,Toys,Chile,Sodimac,Referral,Small,0.0,2,2.0,4,0,0.2136
S04972,Home,Colombia,Sodimac,Sales rep,Small,1.0,0,1.0,1,0,0.2136
S02741,Hardware,Chile,Falabella Retail,Referral,Micro,13.0,2,12.0,4,1,0.2135
S03450,Sports,Peru,Falabella Retail,Self sign-up,Micro,0.0,4,1.0,6,0,0.2135
S18183,Hardware,Chile,Sodimac,Self sign-up,Small,1.0,2,2.0,3,0,0.2134
S18486,Hardware,Peru,Sodimac,Self sign-up,Micro,2.0,4,1.0,0,0,0.2132
S08500,Electronics,Chile,Sodimac,Self sign-up,Micro,11.0,2,10.0,6,0,0.2132
S08636,Home,Colombia,Sodimac,Self sign-up,Micro,0.0,4,1.0,5,0,0.2132
S14162,Hardware,Chile,Sodimac,Self sign-up,Small,13.0,2,9.0,3,1,0.2132
S18826,Beauty,Peru,Sodimac,Self sign-up,Small,1.0,4,3.0,1,0,0.213
S19870,Fashion,Chile,Marketplace direct,Referral,Micro,3.0,5,8.0,1,0,0.213
S09662,Home,Chile,Sodimac,Sales rep,Micro,3.0,4,9.0,2,0,0.2129
S03176,Hardware,Chile,Falabella Retail,Event,Micro,1.0,3,3.0,3,0,0.2129
S15140,Beauty,Chile,Marketplace direct,Self sign-up,Small,1.0,4,2.0,0,0,0.2127
S08480,Electronics,Chile,Falabella Retail,Self sign-up,Small,20.0,0,1.0,3,1,0.2126
S15749,Fashion,Peru,Falabella Retail,Event,Micro,5.0,2,4.0,1,0,0.2125
S15341,Food,Chile,Marketplace direct,Sales rep,Micro,14.0,2,1.0,3,1,0.2125
S02373,Home,Chile,Sodimac,Sales rep,Micro,1.0,2,4.0,2,0,0.2124
S16093,Electronics,Colombia,Tottus,Event,Micro,0.0,4,3.0,5,0,0.2124
S15421,Home,Chile,Marketplace direct,Event,Micro,0.0,3,4.0,2,1,0.2123
S09198,Home,Peru,Marketplace direct,Event,Micro,1.0,2,3.0,2,1,0.2122
S07215,Electronics,Chile,Tottus,Self sign-up,Micro,1.0,3,1.0,2,0,0.2122
S12061,Toys,Chile,Marketplace direct,Self sign-up,Medium,3.0,2,2.0,1,0,0.2122
S00209,Fashion,Peru,Falabella Retail,Sales rep,Micro,0.0,2,2.0,3,0,0.2121
S09664,Electronics,Peru,Sodimac,Sales rep,Medium,1.0,1,6.0,1,0,0.212
S19134,Home,Colombia,Sodimac,Self sign-up,Small,3.0,2,5.0,5,0,0.2119
S16684,Fashion,Colombia,Sodimac,Event,Small,2.0,0,2.0,1,1,0.2118
S00035,Home,Chile,Falabella Retail,Self sign-up,Small,2.0,3,4.0,2,0,0.2118
S04835,Hardware,Peru,Sodimac,Sales rep,Micro,0.0,3,2.0,2,0,0.2117
S08053,Sports,Peru,Tottus,Sales rep,Small,0.0,1,1.0,4,0,0.2116
S17081,Fashion,Colombia,Falabella Retail,Self sign-up,Micro,18.0,2,3.0,2,1,0.2116
S19497,Hardware,Chile,Falabella Retail,Self sign-up,Small,34.0,1,2.0,1,1,0.2115
S09629,Sports,Colombia,Marketplace direct,Self sign-up,Small,1.0,5,3.0,3,0,0.2115
S18426,Food,Colombia,Falabella Retail,Event,Micro,5.0,3,3.0,3,0,0.2115
S02779,Electronics,Peru,Falabella Retail,Event,Micro,7.0,2,4.0,1,1,0.2114
S15990,Home,Chile,Tottus,Self sign-up,Small,2.0,4,3.0,0,0,0.2113
S13384,Sports,Peru,Falabella Retail,Sales rep,Medium,1.0,0,2.0,1,0,0.2111
S06064,Home,Chile,Tottus,Event,Medium,0.0,4,3.0,0,0,0.2111
S10253,Home,Peru,Sodimac,Self sign-up,Micro,10.0,5,12.0,2,1,0.2111
S07638,Beauty,Peru,Sodimac,Referral,Micro,3.0,2,8.0,6,0,0.2107
S19307,Home,Chile,Tottus,Sales rep,Micro,0.0,3,2.0,2,0,0.2105
S09459,Food,Chile,Marketplace direct,Sales rep,Small,4.0,2,5.0,2,1,0.2104
S18497,Sports,Peru,Tottus,Sales rep,Micro,4.0,5,8.0,2,1,0.21
S09169,Home,Colombia,Falabella Retail,Sales rep,Micro,0.0,5,4.0,2,0,0.21
S17970,Hardware,Colombia,Falabella Retail,Self sign-up,Micro,3.0,5,8.0,7,0,0.2098
S09530,Beauty,Colombia,Sodimac,Sales rep,Medium,1.0,5,13.0,5,0,0.2098
S05188,Hardware,Colombia,Sodimac,Self sign-up,Medium,1.0,5,4.0,0,0,0.2097
S14030,Fashion,Chile,Marketplace direct,Event,Micro,19.0,5,7.0,1,1,0.2096
S13551,Toys,Peru,Falabella Retail,Self sign-up,Micro,11.0,4,2.0,1,1,0.2096
S17766,Fashion,Colombia,Falabella Retail,Sales rep,Micro,0.0,3,1.0,1,0,0.2095
S15580,Electronics,Chile,Falabella Retail,Self sign-up,Micro,13.0,2,1.0,2,1,0.2095
S15801,Beauty,Peru,Falabella Retail,Referral,Micro,10.0,1,1.0,1,1,0.2095
S12466,Home,Peru,Marketplace direct,Self sign-up,Micro,4.0,3,6.0,6,0,0.2094
S11179,Beauty,Chile,Marketplace direct,Event,Micro,11.0,5,7.0,1,1,0.2094
S09291,Hardware,Chile,Falabella Retail,Sales rep,Micro,3.0,4,10.0,4,0,0.2094
S07661,Food,Chile,Falabella Retail,Sales rep,Micro,5.0,2,8.0,6,0,0.2091
S11559,Beauty,Chile,Sodimac,Self sign-up,Medium,8.0,4,13.0,4,0,0.2091
S02074,Fashion,Peru,Sodimac,Sales rep,Micro,1.0,1,1.0,0,0,0.209
S19244,Beauty,Peru,Falabella Retail,Referral,Small,4.0,4,9.0,0,1,0.209
S07118,Home,Peru,Marketplace direct,Self sign-up,Medium,12.0,4,3.0,0,1,0.209
S07349,Electronics,Colombia,Sodimac,Referral,Micro,2.0,4,5.0,0,0,0.209
S05125,Electronics,Chile,Sodimac,Sales rep,Micro,0.0,0,1.0,3,0,0.2089
S16632,Electronics,Colombia,Falabella Retail,Self sign-up,Small,4.0,4,6.0,1,0,0.2088
S06096,Electronics,Colombia,Marketplace direct,Self sign-up,Micro,2.0,5,4.0,2,0,0.2088
S06968,Beauty,Chile,Marketplace direct,Self sign-up,Medium,0.0,3,1.0,1,0,0.2088
S17011,Home,Chile,Sodimac,Referral,Medium,2.0,2,8.0,2,0,0.2087
S01408,Hardware,Chile,Tottus,Self sign-up,Medium,0.0,3,1.0,2,0,0.2087
S15066,Hardware,Peru,Tottus,Self sign-up,Micro,0.0,5,1.0,4,0,0.2086
S08441,Home,Chile,Falabella Retail,Self sign-up,Micro,0.0,5,3.0,0,1,0.2086
S00015,Home,Chile,Tottus,Self sign-up,Small,3.0,3,6.0,4,0,0.2083
S04465,Electronics,Peru,Falabella Retail,Self sign-up,Micro,1.0,1,1.0,5,0,0.2083
S03081,Electronics,Chile,Falabella Retail,Sales rep,Micro,8.0,3,6.0,0,1,0.2083
S07038,Hardware,Chile,Marketplace direct,Referral,Medium,2.0,5,10.0,1,0,0.2082
S15224,Beauty,Chile,Sodimac,Self sign-up,Small,2.0,3,3.0,0,0,0.2082
S01567,Electronics,Peru,Falabella Retail,Self sign-up,Small,2.0,0,3.0,5,0,0.2082
S19145,Hardware,Chile,Tottus,Referral,Micro,9.0,2,4.0,0,1,0.2081
S04990,Electronics,Colombia,Marketplace direct,Sales rep,Small,2.0,0,2.0,0,0,0.2081
S06594,Food,Chile,Marketplace direct,Sales rep,Micro,2.0,5,6.0,2,0,0.208
S03564,Food,Colombia,Falabella Retail,Sales rep,Small,4.0,1,5.0,4,0,0.2079
S11026,Electronics,Colombia,Falabella Retail,Self sign-up,Micro,5.0,1,8.0,10,0,0.2079
S06980,Food,Chile,Marketplace direct,Self sign-up,Small,31.0,5,7.0,0,1,0.2078
S04774,Electronics,Colombia,Marketplace direct,Sales rep,Small,0.0,2,1.0,0,0,0.2078
S12532,Fashion,Chile,Marketplace direct,Self sign-up,Micro,0.0,5,2.0,3,0,0.2075
S02559,Electronics,Colombia,Marketplace direct,Self sign-up,Medium,21.0,0,9.0,3,1,0.2073
S13399,Home,Chile,Sodimac,Referral,Small,0.0,2,1.0,0,0,0.2072
S04447,Fashion,Colombia,Falabella Retail,Self sign-up,Micro,12.0,3,7.0,3,0,0.2071
S02742,Home,Colombia,Sodimac,Sales rep,Micro,2.0,4,6.0,1,0,0.2069
S11455,Electronics,Colombia,Marketplace direct,Sales rep,Small,1.0,2,5.0,2,0,0.2069
S18203,Electronics,Chile,Falabella Retail,Event,Micro,4.0,5,2.0,0,1,0.2067
S19852,Fashion,Chile,Marketplace direct,Event,Micro,5.0,2,6.0,3,0,0.2067
S04538,Electronics,Chile,Sodimac,Self sign-up,Micro,0.0,5,1.0,0,0,0.2065
S04958,Fashion,Peru,Falabella Retail,Referral,Micro,1.0,1,2.0,3,0,0.2064
S00100,Hardware,Chile,Marketplace direct,Self sign-up,Small,1.0,5,3.0,0,0,0.2064
S07993,Hardware,Colombia,Marketplace direct,Self sign-up,Micro,2.0,3,4.0,7,0,0.2064
S07912,Fashion,Colombia,Tottus,Self sign-up,Small,3.0,5,7.0,3,0,0.2063
S19241,Hardware,Chile,Falabella Retail,Self sign-up,Micro,2.0,3,1.0,1,0,0.2061
S06915,Hardware,Chile,Marketplace direct,Sales rep,Small,0.0,2,1.0,0,0,0.2061
S01511,Home,Peru,Sodimac,Event,Micro,5.0,3,2.0,0,1,0.206
S09206,Sports,Colombia,Marketplace direct,Self sign-up,Micro,8.0,5,4.0,3,1,0.206
S02163,Fashion,Peru,Sodimac,Self sign-up,Micro,4.0,2,2.0,1,0,0.206
S08357,Electronics,Chile,Sodimac,Event,Micro,12.0,4,16.0,7,0,0.2059
S19347,Electronics,Peru,Tottus,Referral,Micro,4.0,4,9.0,3,0,0.2059
S04202,Electronics,Chile,Tottus,Self sign-up,Micro,6.0,2,1.0,1,1,0.2059
S13545,Hardware,Colombia,Sodimac,Referral,Small,1.0,2,4.0,3,0,0.2058
S13560,Electronics,Peru,Tottus,Self sign-up,Micro,1.0,1,2.0,7,0,0.2058
S17490,Toys,Peru,Sodimac,Self sign-up,Small,12.0,3,7.0,0,1,0.2057
S13683,Toys,Chile,Tottus,Event,Small,5.0,0,4.0,3,1,0.2057
S10831,Electronics,Chile,Falabella Retail,Sales rep,Small,5.0,2,9.0,0,0,0.2057
S11379,Home,Peru,Sodimac,Event,Micro,1.0,0,1.0,5,0,0.2055
S08910,Fashion,Chile,Falabella Retail,Sales rep,Micro,0.0,0,1.0,4,0,0.2053
S05769,Toys,Chile,Tottus,Sales rep,Small,2.0,3,5.0,1,0,0.2051
S04593,Home,Colombia,Sodimac,Sales rep,Small,0.0,3,3.0,1,0,0.2051
S13619,Sports,Chile,Falabella Retail,Self sign-up,Medium,10.0,2,6.0,1,1,0.205
S17387,Sports,Chile,Tottus,Sales rep,Micro,0.0,5,2.0,0,0,0.2048
S09833,Toys,Chile,Sodimac,Referral,Small,3.0,1,4.0,2,0,0.2048
S15682,Electronics,Chile,Falabella Retail,Self sign-up,Micro,0.0,4,1.0,2,0,0.2048
S18917,Sports,Chile,Falabella Retail,Referral,Micro,1.0,3,2.0,1,0,0.2047
S18549,Sports,Chile,Falabella Retail,Sales rep,Small,21.0,0,1.0,0,1,0.2047
S02306,Beauty,Chile,Falabella Retail,Event,Micro,20.0,3,5.0,0,1,0.2045
S05864,Sports,Chile,Marketplace direct,Self sign-up,Small,0.0,4,1.0,3,0,0.2045
S06869,Beauty,Peru,Marketplace direct,Self sign-up,Micro,6.0,1,1.0,0,1,0.2044
S15798,Electronics,Chile,Falabella Retail,Sales rep,Small,3.0,0,5.0,0,0,0.2043
S18626,Fashion,Chile,Falabella Retail,Self sign-up,Micro,10.0,0,2.0,3,1,0.2042
S14921,Toys,Peru,Sodimac,Sales rep,Small,19.0,2,3.0,0,1,0.2042
S07358,Home,Chile,Sodimac,Self sign-up,Small,6.0,4,8.0,1,0,0.2042
S14312,Hardware,Peru,Sodimac,Self sign-up,Medium,1.0,5,5.0,0,0,0.2041
S10173,Home,Chile,Marketplace direct,Event,Small,8.0,5,6.0,1,1,0.204
S19153,Sports,Colombia,Marketplace direct,Event,Medium,2.0,3,4.0,1,0,0.204
S09015,Hardware,Chile,Falabella Retail,Event,Micro,3.0,4,7.0,3,0,0.2038
S15457,Fashion,Chile,Sodimac,Self sign-up,Micro,2.0,2,1.0,1,0,0.2035
S00668,Home,Chile,Sodimac,Event,Micro,0.0,5,2.0,0,0,0.2034
S06793,Beauty,Chile,Falabella Retail,Referral,Micro,16.0,2,5.0,1,1,0.2032
S07140,Fashion,Colombia,Marketplace direct,Sales rep,Small,9.0,2,4.0,0,1,0.2031
S14952,Fashion,Chile,Falabella Retail,Self sign-up,Micro,0.0,5,1.0,1,0,0.2029
S13502,Beauty,Chile,Falabella Retail,Event,Small,4.0,2,6.0,1,0,0.2029
S04019,Toys,Chile,Marketplace direct,Event,Micro,12.0,4,6.0,1,1,0.2029
S10471,Beauty,Colombia,Tottus,Self sign-up,Micro,1.0,5,3.0,1,1,0.2028
S09893,Hardware,Peru,Sodimac,Referral,Micro,0.0,5,3.0,1,0,0.2027
S14315,Electronics,Chile,Falabella Retail,Referral,Micro,6.0,1,4.0,1,1,0.2026
S15162,Toys,Peru,Falabella Retail,Referral,Micro,1.0,4,2.0,1,0,0.2026
S11844,Fashion,Chile,Falabella Retail,Self sign-up,Micro,1.0,4,2.0,1,0,0.2026
S09623,Toys,Peru,Sodimac,Event,Small,2.0,2,1.0,0,0,0.2025
S04236,Fashion,Peru,Sodimac,Referral,Small,1.0,2,5.0,2,0,0.2024
S08203,Beauty,Chile,Falabella Retail,Sales rep,Micro,1.0,1,2.0,1,0,0.2023
S00759,Fashion,Chile,Sodimac,Referral,Micro,2.0,3,8.0,4,0,0.2023
S09811,Fashion,Chile,Falabella Retail,Self sign-up,Small,0.0,5,3.0,1,0,0.2022
S04180,Toys,Colombia,Falabella Retail,Sales rep,Micro,0.0,3,2.0,5,0,0.2022
S18668,Beauty,Peru,Falabella Retail,Self sign-up,Small,4.0,5,3.0,0,1,0.2021
S07212,Sports,Chile,Sodimac,Sales rep,Micro,8.0,1,7.0,0,1,0.2021
S14817,Food,Peru,Falabella Retail,Referral,Small,4.0,1,4.0,3,0,0.2021
S01272,Fashion,Colombia,Falabella Retail,Referral,Small,0.0,1,1.0,3,0,0.2021
S10203,Fashion,Chile,Falabella Retail,Referral,Micro,10.0,1,1.0,2,1,0.2021
S01468,Toys,Colombia,Falabella Retail,Sales rep,Micro,14.0,2,3.0,2,1,0.202
S11011,Hardware,Chile,Marketplace direct,Self sign-up,Micro,2.0,5,5.0,3,0,0.202
S03981,Fashion,Peru,Tottus,Self sign-up,Micro,3.0,4,3.0,1,0,0.202
S06447,Fashion,Peru,Marketplace direct,Referral,Micro,0.0,1,1.0,5,0,0.2018
S15676,Hardware,Chile,Sodimac,Sales rep,Small,1.0,4,7.0,0,0,0.2017
S01993,Electronics,Chile,Falabella Retail,Sales rep,Medium,5.0,0,9.0,1,0,0.2016
S18299,Home,Chile,Sodimac,Event,Small,2.0,1,4.0,2,0,0.2016
S11981,Home,Peru,Marketplace direct,Self sign-up,Medium,0.0,4,1.0,0,0,0.2015
S02227,Electronics,Peru,Sodimac,Referral,Small,0.0,3,3.0,0,0,0.2015
S06542,Food,Peru,Tottus,Event,Small,1.0,2,2.0,5,0,0.2015
S03640,Home,Chile,Falabella Retail,Event,Small,1.0,2,2.0,0,0,0.2013
S14787,Hardware,Peru,Sodimac,Self sign-up,Micro,27.0,2,5.0,5,1,0.2013
S00054,Sports,Colombia,Sodimac,Referral,Small,3.0,3,7.0,3,0,0.2011
S14252,Sports,Chile,Falabella Retail,Referral,Small,2.0,4,6.0,0,0,0.201
S10145,Food,Colombia,Marketplace direct,Referral,Micro,2.0,5,2.0,0,0,0.201
S06326,Hardware,Chile,Falabella Retail,Self sign-up,Small,3.0,5,6.0,0,0,0.2009
S07872,Home,Chile,Tottus,Self sign-up,Micro,16.0,4,7.0,5,1,0.2009
S18061,Electronics,Peru,Sodimac,Self sign-up,Micro,4.0,0,5.0,7,0,0.2007
S07710,Fashion,Colombia,Sodimac,Self sign-up,Micro,1.0,4,1.0,1,0,0.2006
S13983,Sports,Colombia,Falabella Retail,Event,Small,3.0,4,6.0,2,0,0.2006
S15248,Beauty,Chile,Falabella Retail,Self sign-up,Small,5.0,2,8.0,5,0,0.2005
S00195,Home,Peru,Falabella Retail,Referral,Small,1.0,0,4.0,5,0,0.2003
S12373,Electronics,Chile,Falabella Retail,Referral,Micro,1.0,5,8.0,2,0,0.2003
S09963,Food,Chile,Falabella Retail,Self sign-up,Small,3.0,4,4.0,2,0,0.2001
S01739,Toys,Colombia,Marketplace direct,Sales rep,Small,2.0,4,6.0,0,1,0.2001
S03488,Home,Peru,Marketplace direct,Sales rep,Micro,0.0,3,2.0,2,0,0.2001
S13008,Toys,Chile,Falabella Retail,Self sign-up,Micro,23.0,3,9.0,3,1,0.2
S04894,Sports,Chile,Falabella Retail,Referral,Micro,0.0,4,2.0,2,0,0.2
S11814,Fashion,Peru,Marketplace direct,Self sign-up,Small,2.0,3,3.0,1,0,0.1998
S03643,Home,Chile,Marketplace direct,Sales rep,Micro,7.0,3,8.0,0,0,0.1998
S14207,Food,Chile,Sodimac,Self sign-up,Small,0.0,2,1.0,3,1,0.1998
S09570,Electronics,Chile,Falabella Retail,Self sign-up,Small,0.0,3,1.0,1,0,0.1996
S12442,Fashion,Chile,Tottus,Sales rep,Micro,24.0,0,4.0,2,1,0.1995
S10914,Food,Colombia,Marketplace direct,Sales rep,Micro,9.0,0,3.0,2,1,0.1994
S15055,Hardware,Chile,Tottus,Sales rep,Micro,2.0,1,3.0,2,0,0.1994
S02223,Home,Chile,Falabella Retail,Event,Medium,10.0,1,4.0,1,1,0.1993
S18362,Electronics,Colombia,Marketplace direct,Self sign-up,Small,10.0,3,3.0,2,1,0.1993
S18360,Beauty,Peru,Falabella Retail,Self sign-up,Medium,0.0,3,2.0,2,0,0.1993
S13082,Home,Colombia,Sodimac,Self sign-up,Small,3.0,2,3.0,2,0,0.1992
S18311,Home,Colombia,Marketplace direct,Referral,Micro,3.0,2,5.0,4,0,0.1992
S05686,Electronics,Colombia,Tottus,Referral,Micro,3.0,0,1.0,0,1,0.199
S16642,Fashion,Chile,Sodimac,Sales rep,Micro,0.0,2,1.0,0,0,0.199
S13712,Food,Chile,Falabella Retail,Event,Micro,1.0,3,2.0,4,0,0.1989
S08907,Hardware,Peru,Falabella Retail,Referral,Micro,5.0,5,8.0,0,0,0.1988
S19584,Home,Chile,Marketplace direct,Self sign-up,Micro,2.0,4,5.0,4,0,0.1988
S05628,Electronics,Chile,Falabella Retail,Self sign-up,Small,1.0,3,5.0,3,0,0.1987
S11148,Electronics,Chile,Marketplace direct,Event,Small,1.0,1,3.0,2,0,0.1986
S08727,Fashion,Chile,Marketplace direct,Self sign-up,Small,6.0,2,6.0,2,0,0.1986
S01316,Beauty,Chile,Sodimac,Self sign-up,Micro,0.0,5,2.0,2,0,0.1985
S02952,Electronics,Colombia,Sodimac,Sales rep,Micro,0.0,2,1.0,1,0,0.1985
S09554,Electronics,Colombia,Falabella Retail,Sales rep,Medium,0.0,1,3.0,1,0,0.1985
S11865,Beauty,Chile,Marketplace direct,Self sign-up,Micro,0.0,5,2.0,3,0,0.1984
S08608,Home,Chile,Falabella Retail,Event,Micro,2.0,4,5.0,1,0,0.1984
S07379,Fashion,Peru,Sodimac,Self sign-up,Small,0.0,3,1.0,2,0,0.1983
S19476,Sports,Peru,Sodimac,Sales rep,Medium,1.0,0,2.0,0,0,0.1982
S12439,Fashion,Peru,Marketplace direct,Referral,Small,1.0,1,5.0,1,1,0.1981
S00262,Home,Chile,Marketplace direct,Event,Micro,27.0,1,5.0,3,1,0.1981
S06252,Fashion,Chile,Sodimac,Sales rep,Small,4.0,0,7.0,1,1,0.1981
S11966,Toys,Peru,Tottus,Self sign-up,Medium,2.0,3,2.0,1,0,0.198
S04158,Fashion,Peru,Marketplace direct,Referral,Micro,1.0,2,4.0,4,0,0.1979
S06747,Beauty,Colombia,Falabella Retail,Self sign-up,Medium,2.0,5,6.0,0,0,0.1979
S17751,Fashion,Peru,Falabella Retail,Event,Micro,0.0,4,2.0,2,0,0.1978
S05807,Hardware,Peru,Falabella Retail,Self sign-up,Medium,3.0,2,4.0,1,0,0.1976
S06947,Toys,Peru,Sodimac,Sales rep,Micro,31.0,1,6.0,3,1,0.1976
S01248,Hardware,Chile,Marketplace direct,Sales rep,Micro,0.0,5,5.0,2,0,0.1976
S03220,Home,Chile,Falabella Retail,Self sign-up,Medium,1.0,1,3.0,3,0,0.1975
S06772,Fashion,Chile,Marketplace direct,Self sign-up,Micro,5.0,2,6.0,5,0,0.1974
S05791,Sports,Colombia,Falabella Retail,Self sign-up,Small,1.0,4,1.0,1,0,0.1973
S13964,Hardware,Peru,Falabella Retail,Sales rep,Micro,7.0,2,7.0,1,0,0.1973
S00614,Home,Chile,Marketplace direct,Event,Small,11.0,1,3.0,2,1,0.1972
S11973,Home,Chile,Tottus,Referral,Micro,4.0,2,7.0,4,0,0.1971
S09217,Food,Chile,Sodimac,Event,Medium,12.0,1,5.0,1,1,0.197
S15555,Beauty,Chile,Marketplace direct,Event,Micro,3.0,3,6.0,3,0,0.197
S17974,Food,Chile,Sodimac,Sales rep,Micro,6.0,4,12.0,6,0,0.1969
S00377,Fashion,Colombia,Tottus,Self sign-up,Medium,2.0,5,13.0,9,0,0.1969
S00678,Electronics,Peru,Falabella Retail,Self sign-up,Small,0.0,4,1.0,0,0,0.1968
S11704,Electronics,Chile,Falabella Retail,Self sign-up,Micro,0.0,5,1.0,0,0,0.1967
S06585,Home,Colombia,Sodimac,Self sign-up,Micro,1.0,5,2.0,1,0,0.1966
S05109,Hardware,Chile,Sodimac,Event,Micro,1.0,5,5.0,1,0,0.1964
S19502,Beauty,Peru,Sodimac,Sales rep,Micro,2.0,3,6.0,1,0,0.1962
S07437,Fashion,Chile,Falabella Retail,Event,Micro,4.0,1,2.0,1,1,0.1962
S18803,Fashion,Colombia,Falabella Retail,Self sign-up,Medium,2.0,2,4.0,2,0,0.1962
S03961,Electronics,Chile,Marketplace direct,Referral,Micro,1.0,3,5.0,2,0,0.196
S08751,Fashion,Peru,Falabella Retail,Event,Micro,3.0,5,6.0,1,1,0.196
S05959,Home,Chile,Tottus,Self sign-up,Micro,13.0,4,7.0,1,1,0.196
S10707,Beauty,Peru,Marketplace direct,Self sign-up,Micro,18.0,4,4.0,3,1,0.196
S00268,Electronics,Chile,Marketplace direct,Event,Micro,11.0,4,12.0,3,0,0.196
S17714,Sports,Chile,Falabella Retail,Referral,Micro,8.0,4,12.0,5,0,0.1958
S12787,Toys,Peru,Sodimac,Self sign-up,Medium,2.0,2,1.0,0,0,0.1958
S06293,Food,Chile,Falabella Retail,Referral,Small,23.0,2,9.0,4,1,0.1957
S02613,Toys,Colombia,Falabella Retail,Self sign-up,Micro,10.0,4,4.0,5,1,0.1957
S18840,Sports,Chile,Tottus,Sales rep,Micro,0.0,4,1.0,0,0,0.1954
S13709,Electronics,Chile,Tottus,Self sign-up,Small,7.0,5,6.0,0,1,0.1953
S12094,Fashion,Chile,Marketplace direct,Sales rep,Micro,0.0,4,3.0,0,0,0.1953
S14968,Hardware,Chile,Falabella Retail,Referral,Medium,0.0,1,3.0,1,1,0.1951
S17642,Fashion,Peru,Sodimac,Self sign-up,Micro,1.0,4,2.0,1,0,0.1951
S04501,Fashion,Peru,Falabella Retail,Self sign-up,Micro,1.0,5,3.0,1,0,0.1948
S11400,Toys,Colombia,Marketplace direct,Sales rep,Micro,6.0,2,5.0,2,1,0.1948
S04262,Home,Peru,Tottus,Self sign-up,Small,3.0,3,1.0,0,1,0.1946
S14743,Beauty,Peru,Falabella Retail,Referral,Medium,1.0,0,2.0,0,0,0.1946
S05647,Electronics,Chile,Marketplace direct,Self sign-up,Small,1.0,1,2.0,3,0,0.1945
S17037,Electronics,Chile,Falabella Retail,Event,Micro,0.0,3,2.0,2,0,0.1945
S01930,Sports,Chile,Marketplace direct,Self sign-up,Micro,3.0,2,1.0,2,1,0.1944
S01574,Electronics,Colombia,Tottus,Sales rep,Micro,10.0,0,1.0,0,1,0.1943
S11057,Home,Colombia,Tottus,Self sign-up,Micro,14.0,2,4.0,2,1,0.1943
S17953,Fashion,Chile,Sodimac,Self sign-up,Micro,7.0,3,2.0,1,1,0.1943
S17121,Home,Peru,Tottus,Sales rep,Micro,2.0,4,7.0,2,0,0.1942
S07106,Sports,Peru,Falabella Retail,Self sign-up,Small,9.0,4,9.0,0,1,0.1942
S13312,Electronics,Colombia,Falabella Retail,Self sign-up,Medium,3.0,2,4.0,0,0,0.1941
S01541,Home,Chile,Marketplace direct,Self sign-up,Micro,0.0,5,2.0,3,0,0.1941
S17343,Beauty,Chile,Falabella Retail,Sales rep,Micro,5.0,1,6.0,1,0,0.1941
S15994,Fashion,Chile,Sodimac,Self sign-up,Micro,3.0,4,5.0,1,0,0.1941
S08565,Fashion,Chile,Sodimac,Self sign-up,Micro,3.0,4,5.0,1,0,0.1941
S01956,Beauty,Peru,Falabella Retail,Self sign-up,Medium,1.0,2,4.0,3,0,0.194
S12468,Home,Chile,Falabella Retail,Referral,Micro,0.0,5,4.0,1,0,0.194
S04120,Food,Chile,Sodimac,Sales rep,Micro,0.0,5,2.0,0,0,0.194
S08091,Electronics,Peru,Sodimac,Self sign-up,Micro,2.0,4,4.0,1,0,0.194
S12107,Electronics,Peru,Falabella Retail,Self sign-up,Small,10.0,1,9.0,5,1,0.1939
S11517,Fashion,Chile,Falabella Retail,Self sign-up,Medium,0.0,2,1.0,1,0,0.1938
S13841,Beauty,Peru,Tottus,Self sign-up,Medium,1.0,3,3.0,1,0,0.1936
S07385,Toys,Chile,Falabella Retail,Sales rep,Micro,0.0,4,1.0,0,0,0.1936
S11165,Beauty,Colombia,Marketplace direct,Self sign-up,Small,19.0,1,1.0,0,1,0.1935
S08208,Sports,Colombia,Tottus,Referral,Small,1.0,1,2.0,4,0,0.1935
S11869,Home,Peru,Tottus,Event,Micro,1.0,5,3.0,0,0,0.1932
S12579,Fashion,Peru,Tottus,Self sign-up,Micro,2.0,4,4.0,3,0,0.193
S11670,Fashion,Peru,Falabella Retail,Self sign-up,Micro,3.0,4,9.0,4,1,0.1929
S08740,Electronics,Peru,Marketplace direct,Event,Small,2.0,3,5.0,0,0,0.1929
S13970,Hardware,Peru,Sodimac,Event,Micro,2.0,3,4.0,2,0,0.1928
S06072,Electronics,Chile,Tottus,Referral,Micro,2.0,1,6.0,5,0,0.1927
S04237,Hardware,Colombia,Sodimac,Event,Small,1.0,3,3.0,1,0,0.1926
S03929,Hardware,Chile,Marketplace direct,Referral,Small,0.0,4,3.0,0,0,0.1924
S09106,Home,Chile,Falabella Retail,Event,Micro,0.0,3,1.0,2,0,0.1924
S08073,Fashion,Chile,Tottus,Self sign-up,Micro,2.0,5,6.0,3,0,0.1922
S03164,Beauty,Chile,Falabella Retail,Self sign-up,Micro,2.0,2,4.0,5,0,0.1922
S11397,Toys,Chile,Sodimac,Sales rep,Micro,2.0,0,3.0,4,0,0.1922
S15791,Hardware,Peru,Falabella Retail,Sales rep,Micro,3.0,0,5.0,1,1,0.1921
S12797,Electronics,Peru,Marketplace direct,Self sign-up,Small,2.0,2,4.0,1,1,0.1921
S16421,Toys,Colombia,Falabella Retail,Sales rep,Micro,19.0,3,2.0,0,1,0.1921
S17540,Food,Peru,Sodimac,Sales rep,Small,0.0,3,4.0,4,0,0.1921
S06523,Home,Colombia,Sodimac,Event,Medium,0.0,3,2.0,0,0,0.1921
S06507,Electronics,Chile,Sodimac,Sales rep,Micro,1.0,2,5.0,1,0,0.192
S10446,Hardware,Chile,Sodimac,Self sign-up,Micro,6.0,3,8.0,5,0,0.1918
S03556,Fashion,Peru,Tottus,Referral,Micro,4.0,0,1.0,1,1,0.1918
S07141,Toys,Chile,Tottus,Self sign-up,Micro,5.0,5,5.0,2,0,0.1918
S19715,Home,Colombia,Tottus,Self sign-up,Small,10.0,5,3.0,0,1,0.1916
S04034,Electronics,Peru,Falabella Retail,Self sign-up,Micro,3.0,3,5.0,3,0,0.1914
S19000,Electronics,Colombia,Falabella Retail,Event,Small,1.0,3,5.0,2,0,0.1913
S06566,Beauty,Chile,Sodimac,Sales rep,Micro,2.0,3,6.0,0,0,0.1912
S05897,Hardware,Colombia,Sodimac,Sales rep,Micro,0.0,5,3.0,0,0,0.1911
S09707,Food,Chile,Tottus,Event,Medium,8.0,2,2.0,2,1,0.1911
S02909,Beauty,Chile,Sodimac,Self sign-up,Small,9.0,5,12.0,2,0,0.1911
S04322,Sports,Peru,Falabella Retail,Sales rep,Micro,5.0,0,6.0,5,0,0.1911
S09927,Electronics,Colombia,Falabella Retail,Sales rep,Micro,1.0,1,6.0,6,0,0.1911
S02637,Home,Chile,Marketplace direct,Sales rep,Small,2.0,3,7.0,0,0,0.191
S14571,Home,Chile,Marketplace direct,Self sign-up,Micro,1.0,5,2.0,0,0,0.1909
S12064,Home,Chile,Marketplace direct,Sales rep,Medium,0.0,0,1.0,0,0,0.1909
S05455,Beauty,Peru,Falabella Retail,Self sign-up,Micro,1.0,5,2.0,0,0,0.1909
S10415,Food,Chile,Marketplace direct,Self sign-up,Micro,27.0,0,4.0,8,1,0.1908
S13898,Fashion,Chile,Tottus,Sales rep,Micro,9.0,2,7.0,2,1,0.1905
S19692,Sports,Chile,Sodimac,Event,Medium,0.0,1,2.0,3,0,0.1905
S18813,Electronics,Peru,Marketplace direct,Event,Micro,9.0,1,2.0,1,1,0.1904
S08861,Fashion,Peru,Marketplace direct,Self sign-up,Micro,0.0,5,2.0,3,0,0.1904
S05629,Home,Peru,Falabella Retail,Sales rep,Micro,1.0,2,3.0,1,0,0.1904
S12690,Home,Chile,Sodimac,Referral,Micro,3.0,3,1.0,0,1,0.1901
S17506,Sports,Chile,Tottus,Referral,Micro,1.0,3,1.0,0,0,0.19
S17325,Beauty,Chile,Falabella Retail,Self sign-up,Small,2.0,5,6.0,0,0,0.19
S17323,Electronics,Peru,Sodimac,Self sign-up,Micro,4.0,2,4.0,2,0,0.19
S15326,Home,Peru,Sodimac,Referral,Micro,1.0,2,3.0,2,0,0.1899
S09068,Sports,Colombia,Marketplace direct,Self sign-up,Micro,1.0,5,1.0,2,0,0.1897
S09989,Home,Colombia,Falabella Retail,Self sign-up,Small,3.0,2,3.0,2,0,0.1897
S02091,Hardware,Colombia,Falabella Retail,Sales rep,Micro,0.0,4,3.0,2,0,0.1895
S19861,Fashion,Chile,Sodimac,Self sign-up,Micro,2.0,1,1.0,2,0,0.1893
S04360,Home,Peru,Tottus,Self sign-up,Micro,5.0,3,12.0,12,0,0.1893
S12587,Fashion,Chile,Marketplace direct,Event,Micro,1.0,4,4.0,1,0,0.1891
S08920,Fashion,Chile,Marketplace direct,Self sign-up,Medium,4.0,4,8.0,0,0,0.189
S06390,Electronics,Colombia,Sodimac,Event,Micro,4.0,3,4.0,0,1,0.1889
S17551,Electronics,Chile,Falabella Retail,Sales rep,Medium,5.0,1,10.0,0,0,0.1888
S10624,Fashion,Colombia,Marketplace direct,Self sign-up,Micro,13.0,3,3.0,2,1,0.1887
S03245,Beauty,Colombia,Falabella Retail,Self sign-up,Small,7.0,3,5.0,0,1,0.1887
S11875,Fashion,Chile,Falabella Retail,Event,Micro,5.0,4,9.0,2,0,0.1887
S00811,Electronics,Colombia,Sodimac,Self sign-up,Small,8.0,3,11.0,5,0,0.1887
S17975,Hardware,Colombia,Marketplace direct,Self sign-up,Small,1.0,3,2.0,3,0,0.1885
S17320,Electronics,Colombia,Tottus,Self sign-up,Medium,2.0,1,2.0,1,0,0.1884
S16717,Home,Colombia,Tottus,Referral,Micro,1.0,2,2.0,3,0,0.1883
S05733,Hardware,Chile,Falabella Retail,Self sign-up,Micro,2.0,4,3.0,1,0,0.1883
S17536,Toys,Chile,Marketplace direct,Event,Small,1.0,5,4.0,0,0,0.1883
S15485,Hardware,Chile,Sodimac,Self sign-up,Micro,16.0,2,3.0,2,1,0.1883
S16670,Food,Peru,Falabella Retail,Self sign-up,Small,7.0,2,10.0,10,0,0.1883
S03083,Toys,Chile,Marketplace direct,Self sign-up,Small,15.0,3,1.0,0,1,0.1883
S04336,Electronics,Chile,Falabella Retail,Event,Small,5.0,0,7.0,2,1,0.1882
S05176,Home,Peru,Marketplace direct,Self sign-up,Micro,6.0,5,9.0,1,1,0.1881
S19014,Home,Chile,Falabella Retail,Sales rep,Micro,3.0,0,5.0,3,0,0.188
S10220,Hardware,Peru,Falabella Retail,Sales rep,Micro,12.0,0,3.0,1,1,0.1879
S12347,Electronics,Peru,Tottus,Sales rep,Micro,2.0,2,4.0,0,0,0.1878
S01754,Fashion,Peru,Tottus,Referral,Micro,5.0,1,4.0,0,1,0.1876
S06230,Hardware,Chile,Sodimac,Self sign-up,Micro,16.0,0,3.0,4,1,0.1875
S13697,Fashion,Colombia,Sodimac,Self sign-up,Micro,12.0,1,1.0,0,1,0.1875
S03201,Food,Peru,Falabella Retail,Event,Small,13.0,3,6.0,4,1,0.1875
S06919,Beauty,Colombia,Sodimac,Self sign-up,Small,3.0,0,5.0,7,0,0.1874
S10764,Sports,Peru,Tottus,Self sign-up,Micro,7.0,0,2.0,4,1,0.1874
S10828,Sports,Chile,Sodimac,Self sign-up,Small,12.0,5,6.0,0,1,0.1873
S09399,Sports,Chile,Marketplace direct,Sales rep,Small,2.0,2,7.0,3,0,0.1873
S15734,Hardware,Peru,Falabella Retail,Referral,Small,2.0,4,8.0,1,1,0.1871
S14897,Electronics,Chile,Sodimac,Referral,Micro,1.0,2,4.0,1,0,0.1871
S10438,Food,Peru,Marketplace direct,Self sign-up,Micro,11.0,5,13.0,10,0,0.187
S11319,Home,Chile,Falabella Retail,Event,Micro,22.0,3,9.0,1,1,0.187
S14388,Home,Peru,Marketplace direct,Self sign-up,Small,2.0,3,3.0,1,0,0.1868
S05384,Home,Peru,Falabella Retail,Self sign-up,Micro,1.0,5,2.0,0,0,0.1868
S04597,Home,Peru,Falabella Retail,Self sign-up,Micro,11.0,3,6.0,4,1,0.1866
S17781,Hardware,Chile,Sodimac,Self sign-up,Micro,22.0,1,2.0,4,1,0.1864
S07547,Electronics,Chile,Marketplace direct,Self sign-up,Micro,7.0,1,5.0,3,0,0.1863
S11226,Home,Chile,Tottus,Self sign-up,Micro,7.0,2,3.0,0,1,0.1863
S09792,Electronics,Chile,Falabella Retail,Sales rep,Micro,1.0,0,3.0,2,0,0.1862
S00944,Fashion,Colombia,Sodimac,Self sign-up,Small,0.0,4,2.0,2,0,0.1862
S18031,Food,Colombia,Marketplace direct,Referral,Micro,5.0,4,6.0,3,0,0.1861
S00297,Hardware,Colombia,Falabella Retail,Referral,Small,0.0,0,1.0,5,0,0.186
S00566,Toys,Peru,Marketplace direct,Sales rep,Micro,1.0,3,2.0,1,0,0.1859
S16544,Food,Chile,Tottus,Sales rep,Micro,7.0,0,4.0,0,1,0.1858
S08744,Beauty,Peru,Falabella Retail,Referral,Medium,1.0,3,8.0,2,0,0.1858
S09356,Food,Colombia,Falabella Retail,Self sign-up,Small,23.0,1,1.0,1,1,0.1856
S09831,Home,Colombia,Sodimac,Self sign-up,Small,1.0,2,2.0,3,0,0.1855
S17159,Beauty,Colombia,Sodimac,Self sign-up,Micro,1.0,2,1.0,4,0,0.1855
S15964,Fashion,Chile,Falabella Retail,Self sign-up,Small,0.0,0,1.0,6,0,0.1854
S14015,Fashion,Chile,Marketplace direct,Self sign-up,Small,0.0,4,1.0,0,0,0.1854
S05940,Sports,Peru,Falabella Retail,Event,Micro,13.0,5,5.0,0,1,0.1853
S08502,Home,Peru,Sodimac,Self sign-up,Micro,11.0,5,11.0,3,1,0.1852
S03504,Toys,Colombia,Sodimac,Sales rep,Micro,5.0,2,2.0,0,1,0.1849
S09398,Toys,Colombia,Marketplace direct,Self sign-up,Small,4.0,1,1.0,3,1,0.1849
S03571,Electronics,Colombia,Falabella Retail,Self sign-up,Small,0.0,5,2.0,0,0,0.1848
S02088,Toys,Chile,Sodimac,Event,Micro,0.0,1,1.0,7,0,0.1848
S13161,Home,Chile,Sodimac,Self sign-up,Micro,3.0,2,3.0,2,0,0.1847
S07497,Fashion,Peru,Tottus,Referral,Micro,7.0,2,2.0,0,1,0.1847
S08673,Home,Colombia,Marketplace direct,Self sign-up,Micro,2.0,5,3.0,1,0,0.1845
S10550,Food,Chile,Tottus,Sales rep,Small,8.0,1,3.0,0,1,0.1845
S18182,Fashion,Chile,Marketplace direct,Self sign-up,Micro,2.0,1,2.0,4,0,0.1844
S08353,Home,Colombia,Falabella Retail,Self sign-up,Micro,3.0,4,3.0,2,1,0.1844
S11980,Beauty,Colombia,Sodimac,Event,Small,3.0,0,3.0,2,0,0.1843
S17624,Food,Chile,Sodimac,Self sign-up,Micro,16.0,4,1.0,1,1,0.1843
S12663,Sports,Chile,Tottus,Referral,Micro,21.0,0,7.0,2,1,0.1842
S11943,Home,Chile,Falabella Retail,Self sign-up,Small,6.0,1,6.0,3,0,0.1841
S14989,Hardware,Colombia,Marketplace direct,Event,Micro,24.0,2,2.0,1,1,0.1841
S19108,Hardware,Peru,Sodimac,Referral,Micro,1.0,2,2.0,1,0,0.1841
S09271,Toys,Colombia,Falabella Retail,Event,Micro,1.0,3,1.0,3,0,0.184
S06231,Fashion,Chile,Falabella Retail,Self sign-up,Small,0.0,3,1.0,1,0,0.1839
S13967,Sports,Chile,Sodimac,Event,Medium,0.0,5,6.0,1,0,0.1837
S19629,Toys,Peru,Marketplace direct,Event,Micro,3.0,5,8.0,5,0,0.1836
S09077,Sports,Colombia,Falabella Retail,Self sign-up,Micro,1.0,4,2.0,4,0,0.1835
S18665,Fashion,Chile,Sodimac,Event,Small,0.0,2,2.0,1,0,0.1834
S16594,Beauty,Colombia,Falabella Retail,Event,Small,0.0,1,1.0,4,0,0.1833
S10316,Fashion,Chile,Marketplace direct,Self sign-up,Micro,1.0,3,5.0,6,0,0.1833
S10829,Fashion,Colombia,Falabella Retail,Event,Small,3.0,1,6.0,4,0,0.1832
S13015,Home,Colombia,Falabella Retail,Self sign-up,Micro,28.0,0,4.0,7,1,0.1832
S01827,Fashion,Chile,Sodimac,Self sign-up,Micro,17.0,5,6.0,0,1,0.1832
S13646,Sports,Chile,Sodimac,Self sign-up,Medium,0.0,3,3.0,3,0,0.1831
S05349,Home,Colombia,Falabella Retail,Self sign-up,Micro,2.0,4,3.0,2,0,0.1831
S09689,Electronics,Colombia,Tottus,Event,Small,19.0,2,3.0,0,1,0.183
S16533,Hardware,Chile,Falabella Retail,Self sign-up,Small,1.0,4,3.0,0,0,0.183
S02563,Beauty,Chile,Tottus,Self sign-up,Small,1.0,5,5.0,1,0,0.183
S13950,Hardware,Chile,Sodimac,Self sign-up,Small,0.0,5,4.0,2,0,0.183
S18419,Electronics,Chile,Sodimac,Event,Micro,2.0,5,10.0,3,0,0.1829
S16366,Fashion,Peru,Sodimac,Sales rep,Small,2.0,3,8.0,0,0,0.1828
S06990,Electronics,Chile,Falabella Retail,Sales rep,Small,3.0,4,12.0,1,0,0.1827
S00961,Fashion,Chile,Marketplace direct,Referral,Micro,4.0,3,8.0,2,0,0.1827
S13436,Home,Colombia,Marketplace direct,Referral,Small,1.0,2,2.0,0,0,0.1826
S00147,Beauty,Chile,Tottus,Referral,Micro,0.0,3,2.0,2,0,0.1826
S11569,Beauty,Colombia,Marketplace direct,Referral,Micro,1.0,2,1.0,1,0,0.1826
S09932,Fashion,Colombia,Sodimac,Self sign-up,Small,1.0,5,5.0,1,0,0.1825
S02192,Toys,Chile,Marketplace direct,Self sign-up,Small,4.0,4,4.0,0,0,0.1824
S11262,Beauty,Chile,Marketplace direct,Self sign-up,Micro,16.0,4,6.0,2,1,0.1823
S19080,Beauty,Chile,Falabella Retail,Self sign-up,Micro,21.0,5,8.0,2,1,0.1823
S18817,Electronics,Chile,Tottus,Self sign-up,Medium,0.0,4,4.0,1,0,0.1822
S05798,Sports,Chile,Marketplace direct,Referral,Micro,8.0,2,11.0,7,0,0.1822
S00616,Toys,Chile,Marketplace direct,Sales rep,Micro,5.0,4,7.0,0,0,0.1821
S00978,Beauty,Chile,Marketplace direct,Sales rep,Micro,3.0,5,10.0,1,0,0.1821
S01836,Electronics,Peru,Tottus,Sales rep,Micro,1.0,4,8.0,3,0,0.182
S12086,Sports,Chile,Sodimac,Event,Small,0.0,4,3.0,1,0,0.182
S18459,Beauty,Chile,Sodimac,Sales rep,Medium,2.0,1,9.0,2,0,0.1819
S09969,Beauty,Chile,Marketplace direct,Self sign-up,Micro,2.0,3,2.0,1,0,0.1819
S06613,Electronics,Chile,Marketplace direct,Event,Small,1.0,1,2.0,0,0,0.1819
S00252,Fashion,Chile,Marketplace direct,Sales rep,Small,6.0,0,2.0,0,1,0.1819
S12309,Fashion,Peru,Sodimac,Self sign-up,Medium,12.0,1,3.0,0,1,0.1816
S18389,Hardware,Chile,Falabella Retail,Self sign-up,Micro,3.0,2,4.0,4,0,0.1815
S12162,Home,Chile,Marketplace direct,Self sign-up,Medium,3.0,2,6.0,2,0,0.1815
S07853,Fashion,Chile,Sodimac,Self sign-up,Medium,1.0,1,2.0,0,0,0.1814
S08505,Home,Peru,Falabella Retail,Self sign-up,Small,1.0,5,5.0,1,0,0.1814
S10459,Sports,Chile,Marketplace direct,Event,Small,25.0,2,5.0,0,1,0.1813
S00989,Hardware,Chile,Tottus,Referral,Micro,1.0,3,3.0,1,0,0.1813
S18236,Sports,Colombia,Marketplace direct,Sales rep,Micro,0.0,4,2.0,2,0,0.1813
S16463,Electronics,Peru,Falabella Retail,Self sign-up,Small,5.0,3,4.0,0,1,0.1813
S10962,Food,Peru,Marketplace direct,Referral,Micro,1.0,5,3.0,1,0,0.1812
S02370,Fashion,Chile,Marketplace direct,Self sign-up,Micro,18.0,2,1.0,2,1,0.1812
S19499,Hardware,Chile,Sodimac,Self sign-up,Micro,15.0,1,5.0,1,1,0.1811
S13690,Electronics,Chile,Tottus,Self sign-up,Small,13.0,3,2.0,0,1,0.181
S08922,Electronics,Chile,Falabella Retail,Self sign-up,Small,9.0,1,3.0,0,1,0.1808
S09103,Toys,Peru,Tottus,Self sign-up,Small,7.0,3,4.0,1,1,0.1807
S04690,Fashion,Peru,Tottus,Self sign-up,Micro,4.0,3,4.0,1,1,0.1807
S02584,Electronics,Chile,Sodimac,Sales rep,Small,1.0,2,5.0,0,1,0.1806
S14618,Fashion,Chile,Falabella Retail,Self sign-up,Small,0.0,5,3.0,0,0,0.1806
S06838,Food,Chile,Tottus,Event,Small,4.0,0,3.0,4,0,0.1806
S09977,Hardware,Peru,Marketplace direct,Sales rep,Micro,2.0,0,2.0,2,0,0.1805
S12488,Hardware,Chile,Falabella Retail,Self sign-up,Micro,4.0,5,8.0,3,0,0.1805
S14980,Electronics,Chile,Falabella Retail,Sales rep,Micro,6.0,0,4.0,1,1,0.1805
S15872,Electronics,Chile,Marketplace direct,Self sign-up,Small,7.0,2,11.0,6,0,0.1805
S03158,Food,Chile,Sodimac,Referral,Micro,2.0,2,1.0,0,0,0.1804
S07125,Food,Chile,Tottus,Event,Micro,10.0,1,2.0,1,1,0.1803
S11471,Fashion,Colombia,Tottus,Referral,Small,3.0,3,6.0,0,0,0.1803
S14847,Fashion,Peru,Sodimac,Self sign-up,Small,1.0,4,7.0,4,0,0.1802
S13317,Home,Colombia,Marketplace direct,Sales rep,Micro,2.0,4,7.0,2,0,0.1801
S06929,Food,Colombia,Falabella Retail,Event,Micro,2.0,4,4.0,4,0,0.18
S17489,Toys,Peru,Sodimac,Event,Micro,6.0,2,6.0,4,0,0.1799
S07035,Sports,Chile,Tottus,Sales rep,Small,5.0,2,11.0,5,0,0.1799
S11847,Beauty,Colombia,Falabella Retail,Sales rep,Micro,8.0,1,4.0,2,1,0.1799
S08573,Fashion,Colombia,Falabella Retail,Self sign-up,Small,3.0,2,2.0,0,1,0.1798
S08667,Sports,Peru,Tottus,Event,Medium,0.0,0,1.0,5,0,0.1797
S02819,Food,Chile,Sodimac,Sales rep,Micro,11.0,1,8.0,3,0,0.1795
S17999,Home,Colombia,Sodimac,Self sign-up,Small,3.0,3,2.0,1,1,0.1794
S05012,Home,Colombia,Falabella Retail,Self sign-up,Micro,12.0,3,5.0,1,1,0.1794
S13005,Beauty,Chile,Sodimac,Sales rep,Micro,0.0,0,2.0,4,0,0.1794
S06678,Electronics,Chile,Sodimac,Self sign-up,Micro,3.0,3,4.0,0,0,0.1793
S13721,Home,Chile,Sodimac,Sales rep,Micro,1.0,0,5.0,5,0,0.1792
S15505,Hardware,Chile,Sodimac,Sales rep,Small,6.0,2,5.0,2,1,0.179
S01404,Home,Chile,Marketplace direct,Self sign-up,Small,9.0,2,3.0,1,1,0.179
S13689,Home,Colombia,Marketplace direct,Sales rep,Small,0.0,2,1.0,0,0,0.179
S00271,Home,Peru,Tottus,Self sign-up,Micro,11.0,3,13.0,6,1,0.1789
S10351,Fashion,Chile,Tottus,Self sign-up,Small,4.0,2,7.0,4,0,0.1788
S06516,Toys,Colombia,Falabella Retail,Sales rep,Micro,2.0,5,6.0,1,0,0.1788
S01751,Home,Chile,Falabella Retail,Event,Micro,0.0,2,1.0,3,0,0.1788
S02241,Electronics,Peru,Marketplace direct,Event,Small,1.0,3,5.0,1,0,0.1788
S03228,Sports,Colombia,Falabella Retail,Referral,Small,3.0,5,11.0,4,0,0.1788
S05545,Home,Peru,Marketplace direct,Self sign-up,Medium,18.0,5,12.0,1,1,0.1786
S13002,Toys,Peru,Sodimac,Sales rep,Micro,2.0,4,5.0,0,0,0.1786
S10510,Beauty,Peru,Sodimac,Sales rep,Micro,2.0,0,5.0,0,1,0.1785
S19486,Sports,Chile,Sodimac,Event,Small,4.0,0,4.0,2,0,0.1785
S19434,Hardware,Chile,Falabella Retail,Event,Micro,8.0,2,8.0,3,0,0.1785
S17508,Toys,Chile,Falabella Retail,Self sign-up,Micro,4.0,0,3.0,7,0,0.1784
S15348,Fashion,Chile,Sodimac,Sales rep,Medium,2.0,2,10.0,1,0,0.1783
S19229,Electronics,Chile,Sodimac,Sales rep,Micro,3.0,0,6.0,2,0,0.1782
S16318,Fashion,Chile,Tottus,Sales rep,Medium,0.0,0,5.0,4,0,0.1781
S10784,Food,Chile,Sodimac,Self sign-up,Micro,1.0,3,2.0,5,0,0.178
S13793,Sports,Chile,Falabella Retail,Self sign-up,Micro,3.0,3,3.0,2,0,0.178
S17077,Hardware,Chile,Falabella Retail,Self sign-up,Micro,4.0,1,6.0,7,0,0.1779
S14865,Electronics,Chile,Falabella Retail,Self sign-up,Medium,15.0,1,12.0,1,1,0.1779
S15593,Fashion,Chile,Marketplace direct,Sales rep,Micro,2.0,0,2.0,0,0,0.1777
S13937,Home,Peru,Falabella Retail,Self sign-up,Micro,3.0,3,2.0,0,0,0.1777
S12299,Electronics,Chile,Falabella Retail,Sales rep,Micro,0.0,0,1.0,2,0,0.1777
S09516,Hardware,Chile,Sodimac,Self sign-up,Small,17.0,5,9.0,0,1,0.1777
S15509,Home,Chile,Sodimac,Event,Micro,4.0,2,6.0,2,0,0.1776
S18646,Home,Colombia,Sodimac,Event,Micro,1.0,4,5.0,3,0,0.1774
S00613,Food,Chile,Falabella Retail,Referral,Micro,13.0,0,5.0,2,1,0.1774
S11441,Home,Colombia,Marketplace direct,Self sign-up,Micro,4.0,5,5.0,1,0,0.1774
S08305,Electronics,Peru,Marketplace direct,Event,Small,11.0,2,14.0,4,1,0.1774
S12857,Electronics,Colombia,Sodimac,Event,Micro,5.0,2,1.0,0,1,0.1773
S12046,Beauty,Chile,Marketplace direct,Self sign-up,Small,2.0,2,2.0,0,0,0.1772
S18324,Fashion,Chile,Marketplace direct,Self sign-up,Small,1.0,5,5.0,0,0,0.1772
S04247,Electronics,Colombia,Falabella Retail,Self sign-up,Micro,11.0,3,1.0,0,1,0.1771
S12718,Fashion,Peru,Marketplace direct,Referral,Micro,16.0,0,2.0,2,1,0.177
S10285,Home,Chile,Marketplace direct,Event,Micro,0.0,5,3.0,1,0,0.1769
S01374,Food,Chile,Sodimac,Sales rep,Micro,4.0,5,9.0,1,1,0.1769
S00002,Hardware,Chile,Falabella Retail,Event,Small,1.0,1,2.0,1,0,0.1768
S09801,Beauty,Chile,Falabella Retail,Sales rep,Micro,1.0,4,7.0,1,0,0.1768
S14374,Home,Chile,Marketplace direct,Referral,Small,2.0,3,8.0,2,0,0.1768
S13851,Fashion,Chile,Tottus,Event,Small,10.0,4,10.0,1,1,0.1768
S09507,Home,Chile,Sodimac,Self sign-up,Medium,0.0,1,1.0,2,0,0.1768
S05189,Beauty,Chile,Falabella Retail,Self sign-up,Micro,1.0,5,4.0,1,0,0.1766
S06612,Fashion,Chile,Marketplace direct,Self sign-up,Micro,1.0,3,2.0,2,0,0.1765
S18343,Beauty,Chile,Falabella Retail,Sales rep,Micro,0.0,2,2.0,1,0,0.1764
S04309,Sports,Peru,Marketplace direct,Self sign-up,Micro,2.0,3,1.0,2,0,0.1763
S06632,Hardware,Colombia,Marketplace direct,Referral,Medium,0.0,0,1.0,3,0,0.1762
S03592,Hardware,Chile,Falabella Retail,Self sign-up,Micro,2.0,5,4.0,0,0,0.1762
S10479,Hardware,Peru,Marketplace direct,Self sign-up,Small,0.0,5,2.0,1,0,0.1762
S19878,Electronics,Colombia,Falabella Retail,Referral,Micro,0.0,4,3.0,1,0,0.1762
S10456,Beauty,Colombia,Falabella Retail,Self sign-up,Small,3.0,0,1.0,2,0,0.1762
S08911,Fashion,Chile,Sodimac,Sales rep,Micro,3.0,0,6.0,0,1,0.1762
S09522,Electronics,Colombia,Falabella Retail,Self sign-up,Small,0.0,4,1.0,0,0,0.1761
S14773,Home,Colombia,Falabella Retail,Referral,Micro,6.0,5,9.0,0,0,0.176
S18126,Home,Colombia,Tottus,Referral,Micro,2.0,3,4.0,1,1,0.176
S10190,Food,Peru,Marketplace direct,Self sign-up,Micro,26.0,5,3.0,0,1,0.1756
S04191,Toys,Chile,Falabella Retail,Self sign-up,Small,1.0,5,3.0,0,0,0.1756
S05216,Fashion,Peru,Marketplace direct,Self sign-up,Micro,4.0,5,8.0,3,0,0.1755
S14581,Home,Colombia,Sodimac,Self sign-up,Micro,2.0,5,5.0,2,0,0.1754
S13447,Electronics,Peru,Sodimac,Referral,Small,0.0,3,4.0,0,0,0.1754
S05142,Home,Colombia,Marketplace direct,Self sign-up,Micro,2.0,5,5.0,3,0,0.1753
S13580,Fashion,Peru,Tottus,Sales rep,Micro,0.0,3,4.0,3,0,0.1753
S01011,Beauty,Colombia,Falabella Retail,Event,Micro,1.0,3,6.0,6,0,0.1752
S18127,Home,Chile,Falabella Retail,Event,Small,1.0,2,3.0,0,0,0.1752
S13686,Beauty,Peru,Sodimac,Self sign-up,Micro,4.0,3,5.0,2,0,0.1751
S06207,Home,Peru,Sodimac,Referral,Micro,2.0,4,6.0,0,0,0.175
S16948,Home,Chile,Sodimac,Self sign-up,Micro,10.0,5,5.0,1,1,0.1749
S04760,Fashion,Chile,Tottus,Self sign-up,Medium,1.0,1,2.0,1,0,0.1749
S14590,Food,Peru,Sodimac,Event,Small,5.0,1,4.0,2,0,0.1748
S14128,Hardware,Chile,Falabella Retail,Event,Micro,2.0,2,2.0,0,0,0.1747
S03537,Beauty,Chile,Falabella Retail,Self sign-up,Micro,4.0,4,5.0,0,0,0.1747
S12115,Home,Colombia,Falabella Retail,Sales rep,Micro,1.0,2,2.0,0,0,0.1746
S18502,Toys,Chile,Marketplace direct,Self sign-up,Small,14.0,3,2.0,0,1,0.1746
S17169,Electronics,Chile,Tottus,Self sign-up,Medium,2.0,4,8.0,1,0,0.1746
S08646,Sports,Peru,Tottus,Sales rep,Micro,0.0,4,2.0,1,0,0.1745
S04224,Home,Peru,Falabella Retail,Self sign-up,Medium,1.0,5,7.0,1,0,0.1745
S12553,Fashion,Chile,Tottus,Referral,Micro,16.0,0,2.0,1,1,0.1744
S13549,Home,Colombia,Tottus,Event,Small,0.0,2,1.0,3,0,0.1744
S11916,Hardware,Chile,Falabella Retail,Self sign-up,Small,1.0,3,2.0,0,0,0.1744
S05707,Hardware,Chile,Marketplace direct,Self sign-up,Micro,5.0,4,3.0,0,1,0.1743
S05004,Electronics,Peru,Falabella Retail,Sales rep,Small,1.0,0,4.0,1,0,0.1743
S04395,Fashion,Peru,Falabella Retail,Sales rep,Micro,0.0,5,5.0,0,0,0.1743
S13572,Food,Colombia,Tottus,Self sign-up,Small,30.0,2,3.0,4,1,0.1742
S04815,Electronics,Chile,Marketplace direct,Self sign-up,Medium,0.0,1,3.0,4,0,0.1741
S17890,Electronics,Chile,Marketplace direct,Referral,Micro,8.0,3,15.0,7,0,0.1741
S19280,Fashion,Peru,Falabella Retail,Sales rep,Micro,1.0,4,6.0,0,0,0.174
S06354,Home,Chile,Sodimac,Sales rep,Micro,8.0,0,7.0,1,0,0.174
S00901,Home,Peru,Falabella Retail,Self sign-up,Medium,0.0,3,2.0,1,0,0.174
S05487,Electronics,Chile,Falabella Retail,Sales rep,Micro,3.0,0,5.0,1,0,0.1739
S02380,Hardware,Chile,Falabella Retail,Referral,Micro,1.0,4,7.0,3,0,0.1739
S10083,Food,Peru,Falabella Retail,Referral,Micro,1.0,2,3.0,5,0,0.1739
S10005,Electronics,Chile,Sodimac,Self sign-up,Micro,10.0,2,12.0,7,0,0.1739
S06703,Electronics,Chile,Marketplace direct,Self sign-up,Micro,0.0,3,2.0,4,0,0.1739
S15902,Hardware,Chile,Sodimac,Sales rep,Small,0.0,0,2.0,2,0,0.1738
S13403,Sports,Colombia,Marketplace direct,Sales rep,Micro,1.0,4,3.0,0,0,0.1738
S05457,Sports,Chile,Falabella Retail,Event,Micro,0.0,4,1.0,1,0,0.1738
S14655,Electronics,Chile,Marketplace direct,Self sign-up,Micro,1.0,2,3.0,4,0,0.1736
S06484,Food,Chile,Falabella Retail,Self sign-up,Micro,36.0,2,4.0,3,1,0.1736
S04963,Home,Peru,Marketplace direct,Self sign-up,Micro,1.0,3,1.0,2,0,0.1736
S02291,Sports,Peru,Falabella Retail,Self sign-up,Small,1.0,3,4.0,2,1,0.1735
S15536,Beauty,Colombia,Falabella Retail,Self sign-up,Small,0.0,4,1.0,1,0,0.1735
S03827,Home,Chile,Marketplace direct,Referral,Micro,3.0,5,9.0,1,0,0.1734
S10884,Hardware,Peru,Sodimac,Self sign-up,Micro,8.0,1,5.0,5,1,0.1732
S16258,Hardware,Chile,Sodimac,Self sign-up,Micro,7.0,3,10.0,6,0,0.1731
S01302,Toys,Peru,Marketplace direct,Referral,Micro,3.0,4,5.0,1,0,0.173
S06780,Fashion,Chile,Falabella Retail,Self sign-up,Small,10.0,2,2.0,0,1,0.173
S14329,Home,Colombia,Tottus,Sales rep,Micro,3.0,4,8.0,2,0,0.1729
S06778,Fashion,Chile,Falabella Retail,Sales rep,Micro,0.0,3,3.0,0,0,0.1728
S07360,Fashion,Peru,Falabella Retail,Referral,Micro,0.0,3,2.0,1,0,0.1728
S02349,Electronics,Peru,Falabella Retail,Sales rep,Micro,18.0,0,5.0,1,1,0.1728
S04181,Electronics,Peru,Falabella Retail,Self sign-up,Micro,2.0,5,5.0,0,0,0.1728
S17733,Home,Chile,Falabella Retail,Sales rep,Micro,2.0,0,3.0,1,0,0.1727
S15139,Fashion,Peru,Falabella Retail,Event,Medium,3.0,3,10.0,2,0,0.1725
S13375,Hardware,Peru,Falabella Retail,Self sign-up,Micro,2.0,4,3.0,1,0,0.1724
S16542,Fashion,Colombia,Sodimac,Self sign-up,Micro,6.0,1,8.0,8,0,0.1723
S02777,Beauty,Peru,Falabella Retail,Referral,Small,18.0,0,4.0,2,1,0.1722
S19794,Hardware,Colombia,Falabella Retail,Event,Micro,1.0,4,2.0,0,0,0.1722
S02970,Fashion,Chile,Falabella Retail,Sales rep,Micro,7.0,0,6.0,0,0,0.172
S03152,Fashion,Chile,Tottus,Event,Medium,17.0,0,5.0,0,1,0.172
S02271,Sports,Chile,Sodimac,Self sign-up,Micro,3.0,1,5.0,7,0,0.1719
S03259,Electronics,Chile,Falabella Retail,Event,Small,3.0,2,9.0,3,0,0.1719
S12418,Sports,Colombia,Falabella Retail,Self sign-up,Micro,3.0,3,10.0,12,0,0.1717
S05779,Electronics,Colombia,Sodimac,Self sign-up,Micro,12.0,3,3.0,1,1,0.1717
S01265,Hardware,Chile,Tottus,Self sign-up,Micro,4.0,5,6.0,1,0,0.1716
S05283,Fashion,Chile,Sodimac,Event,Small,0.0,3,3.0,0,0,0.1716
S18631,Toys,Chile,Tottus,Sales rep,Medium,0.0,5,7.0,1,0,0.1715
S19199,Fashion,Chile,Tottus,Self sign-up,Micro,2.0,5,6.0,2,0,0.1714
S01064,Home,Chile,Tottus,Referral,Medium,1.0,1,4.0,0,0,0.1714
S13578,Hardware,Chile,Marketplace direct,Self sign-up,Small,1.0,4,3.0,0,0,0.1713
S08489,Sports,Colombia,Sodimac,Self sign-up,Micro,4.0,5,4.0,0,0,0.1713
S15633,Hardware,Colombia,Sodimac,Event,Micro,5.0,5,7.0,1,1,0.171
S07858,Hardware,Chile,Falabella Retail,Self sign-up,Medium,0.0,2,1.0,1,0,0.171
S15978,Electronics,Chile,Tottus,Event,Small,2.0,1,6.0,3,0,0.171
S19675,Home,Chile,Sodimac,Self sign-up,Small,10.0,5,7.0,0,1,0.171
S15846,Home,Chile,Falabella Retail,Event,Small,0.0,3,3.0,1,0,0.171
S06514,Electronics,Colombia,Sodimac,Event,Micro,1.0,3,5.0,3,0,0.1709
S09295,Fashion,Chile,Marketplace direct,Self sign-up,Micro,4.0,5,8.0,2,0,0.1708
S11598,Toys,Chile,Falabella Retail,Sales rep,Small,0.0,2,2.0,1,0,0.1708
S16612,Electronics,Chile,Falabella Retail,Self sign-up,Micro,4.0,2,5.0,1,1,0.1708
S07948,Home,Peru,Tottus,Sales rep,Micro,1.0,0,2.0,3,0,0.1707
S18359,Electronics,Chile,Falabella Retail,Sales rep,Micro,3.0,2,7.0,0,0,0.1707
S03317,Electronics,Peru,Falabella Retail,Self sign-up,Micro,3.0,3,5.0,2,0,0.1707
S06992,Hardware,Peru,Sodimac,Self sign-up,Micro,0.0,4,3.0,5,0,0.1707
S05166,Fashion,Colombia,Falabella Retail,Sales rep,Micro,1.0,3,4.0,0,0,0.1705
S03655,Electronics,Chile,Sodimac,Self sign-up,Small,1.0,3,4.0,0,0,0.1705
S17693,Beauty,Colombia,Sodimac,Referral,Medium,3.0,1,7.0,1,0,0.1703
S01223,Sports,Colombia,Falabella Retail,Self sign-up,Small,1.0,2,1.0,3,0,0.1703
S04267,Hardware,Peru,Tottus,Self sign-up,Micro,1.0,4,1.0,1,0,0.1703
S08420,Home,Colombia,Sodimac,Self sign-up,Small,2.0,1,1.0,1,0,0.1702
S06282,Fashion,Colombia,Marketplace direct,Self sign-up,Small,6.0,4,10.0,4,0,0.1701
S06555,Fashion,Peru,Sodimac,Referral,Micro,2.0,2,4.0,0,0,0.1701
S16894,Electronics,Peru,Falabella Retail,Event,Micro,3.0,3,7.0,2,0,0.17
S10454,Fashion,Colombia,Falabella Retail,Sales rep,Small,1.0,3,6.0,0,0,0.1699
S09568,Electronics,Colombia,Marketplace direct,Sales rep,Small,6.0,2,9.0,0,0,0.1698
S06494,Hardware,Colombia,Falabella Retail,Self sign-up,Small,2.0,0,3.0,6,0,0.1698
S18157,Toys,Chile,Tottus,Sales rep,Small,1.0,1,5.0,0,1,0.1697
S08493,Hardware,Colombia,Tottus,Self sign-up,Small,4.0,4,6.0,3,1,0.1697
S01700,Food,Chile,Falabella Retail,Sales rep,Medium,2.0,4,4.0,0,1,0.1694
S13703,Beauty,Colombia,Sodimac,Referral,Micro,0.0,3,3.0,3,0,0.1694
S00779,Hardware,Colombia,Tottus,Event,Small,1.0,4,5.0,2,0,0.1694
S05513,Home,Chile,Sodimac,Self sign-up,Medium,1.0,1,2.0,0,0,0.1694
S10140,Electronics,Chile,Falabella Retail,Event,Micro,1.0,1,1.0,0,0,0.1694
S12288,Food,Chile,Sodimac,Sales rep,Micro,6.0,4,9.0,1,0,0.1691
S09700,Electronics,Colombia,Falabella Retail,Sales rep,Micro,1.0,4,6.0,0,0,0.169
S18615,Home,Colombia,Marketplace direct,Sales rep,Micro,13.0,5,10.0,2,1,0.1689
S08817,Hardware,Peru,Marketplace direct,Sales rep,Micro,5.0,4,11.0,3,0,0.1688
S16405,Home,Chile,Falabella Retail,Sales rep,Micro,5.0,2,9.0,2,0,0.1688
S18166,Food,Peru,Marketplace direct,Self sign-up,Small,15.0,0,1.0,1,1,0.1687
S09892,Electronics,Peru,Marketplace direct,Self sign-up,Micro,0.0,5,1.0,0,0,0.1687
S12699,Beauty,Chile,Falabella Retail,Self sign-up,Micro,0.0,0,1.0,8,0,0.1687
S08613,Electronics,Chile,Marketplace direct,Self sign-up,Micro,4.0,3,6.0,2,0,0.1686
S18374,Electronics,Chile,Marketplace direct,Sales rep,Micro,2.0,3,7.0,0,0,0.1685
S12600,Toys,Peru,Sodimac,Sales rep,Micro,1.0,2,3.0,2,0,0.1684
S09863,Food,Chile,Falabella Retail,Referral,Micro,4.0,4,8.0,3,0,0.1682
S14505,Sports,Peru,Marketplace direct,Self sign-up,Small,1.0,5,3.0,0,0,0.1681
S14793,Hardware,Peru,Falabella Retail,Referral,Medium,0.0,3,5.0,1,0,0.168
S15567,Beauty,Peru,Marketplace direct,Referral,Small,2.0,4,6.0,0,1,0.168
S04475,Sports,Peru,Marketplace direct,Referral,Small,11.0,1,4.0,1,1,0.168
S19839,Home,Chile,Sodimac,Referral,Micro,1.0,0,1.0,1,0,0.1679
S00468,Electronics,Colombia,Falabella Retail,Self sign-up,Micro,0.0,4,1.0,2,0,0.1678
S02303,Fashion,Chile,Tottus,Sales rep,Micro,11.0,3,7.0,1,1,0.1678
S03702,Beauty,Peru,Marketplace direct,Sales rep,Micro,3.0,0,3.0,1,1,0.1677
S16458,Hardware,Chile,Falabella Retail,Event,Micro,5.0,1,1.0,0,1,0.1677
S10856,Sports,Peru,Marketplace direct,Self sign-up,Micro,11.0,4,1.0,2,1,0.1677
S18870,Fashion,Colombia,Falabella Retail,Event,Micro,3.0,2,6.0,4,0,0.1676
S08540,Home,Chile,Falabella Retail,Self sign-up,Small,2.0,1,3.0,2,0,0.1676
S06057,Beauty,Chile,Sodimac,Event,Small,2.0,3,8.0,0,1,0.1675
S16094,Food,Chile,Falabella Retail,Self sign-up,Small,1.0,1,3.0,7,0,0.1675
S15338,Hardware,Chile,Marketplace direct,Self sign-up,Micro,12.0,4,5.0,1,1,0.1674
S07763,Home,Colombia,Marketplace direct,Sales rep,Medium,1.0,1,5.0,1,0,0.1674
S13575,Hardware,Colombia,Tottus,Self sign-up,Micro,3.0,5,4.0,1,0,0.1673
S17940,Beauty,Chile,Sodimac,Self sign-up,Micro,3.0,0,2.0,3,0,0.167
S15412,Hardware,Peru,Falabella Retail,Self sign-up,Micro,3.0,4,6.0,1,1,0.167
S10133,Hardware,Peru,Tottus,Self sign-up,Micro,3.0,5,4.0,0,0,0.1669
S07630,Fashion,Chile,Tottus,Self sign-up,Micro,3.0,4,5.0,1,0,0.1668
S16545,Fashion,Chile,Sodimac,Self sign-up,Micro,4.0,5,9.0,2,0,0.1666
S01339,Fashion,Chile,Marketplace direct,Self sign-up,Small,0.0,1,1.0,4,0,0.1665
S10758,Food,Peru,Falabella Retail,Self sign-up,Small,3.0,2,2.0,2,0,0.1665
S06012,Electronics,Colombia,Sodimac,Self sign-up,Small,3.0,2,7.0,4,0,0.1664
S17270,Electronics,Chile,Sodimac,Sales rep,Micro,0.0,0,1.0,1,0,0.1664
S17185,Beauty,Peru,Marketplace direct,Self sign-up,Micro,0.0,5,1.0,1,0,0.1662
S08674,Electronics,Peru,Falabella Retail,Self sign-up,Micro,23.0,2,11.0,2,1,0.1662
S13553,Food,Chile,Marketplace direct,Event,Micro,1.0,3,2.0,3,0,0.1661
S18181,Home,Colombia,Falabella Retail,Referral,Small,5.0,3,9.0,1,0,0.166
S19728,Electronics,Colombia,Falabella Retail,Referral,Small,0.0,1,3.0,3,0,0.166
S10379,Electronics,Colombia,Tottus,Referral,Micro,1.0,1,1.0,1,0,0.166
S00561,Home,Colombia,Sodimac,Referral,Micro,1.0,1,1.0,1,0,0.1659
S07878,Food,Chile,Marketplace direct,Event,Micro,5.0,4,3.0,0,1,0.1658
S16508,Beauty,Chile,Marketplace direct,Referral,Micro,2.0,3,5.0,0,0,0.1658
S11665,Sports,Chile,Falabella Retail,Referral,Micro,0.0,3,2.0,2,0,0.1657
S14854,Hardware,Colombia,Falabella Retail,Self sign-up,Small,8.0,2,10.0,6,1,0.1657
S03269,Electronics,Colombia,Falabella Retail,Event,Micro,6.0,0,4.0,2,1,0.1656
S01162,Hardware,Chile,Sodimac,Event,Small,1.0,1,2.0,0,0,0.1656
S13329,Fashion,Colombia,Marketplace direct,Event,Small,0.0,3,1.0,0,0,0.1656
S13566,Fashion,Chile,Marketplace direct,Self sign-up,Micro,2.0,3,3.0,1,0,0.1655
S19488,Electronics,Colombia,Falabella Retail,Sales rep,Micro,4.0,2,9.0,3,0,0.1654
S08824,Hardware,Colombia,Sodimac,Sales rep,Micro,1.0,5,8.0,2,0,0.1653
S12345,Fashion,Chile,Tottus,Referral,Micro,19.0,1,7.0,1,1,0.1651
S15647,Toys,Chile,Sodimac,Self sign-up,Micro,2.0,5,4.0,1,0,0.1649
S09195,Electronics,Colombia,Sodimac,Sales rep,Micro,2.0,3,9.0,3,0,0.1649
S19291,Hardware,Chile,Falabella Retail,Self sign-up,Small,2.0,0,3.0,4,0,0.1648
S02554,Home,Chile,Marketplace direct,Sales rep,Small,1.0,1,4.0,0,0,0.1648
S03997,Fashion,Colombia,Falabella Retail,Self sign-up,Micro,1.0,2,1.0,3,0,0.1647
S13631,Hardware,Chile,Tottus,Referral,Micro,2.0,5,11.0,5,0,0.1647
S15999,Fashion,Chile,Tottus,Self sign-up,Small,5.0,2,10.0,4,1,0.1647
S19456,Fashion,Chile,Sodimac,Sales rep,Micro,2.0,0,5.0,2,0,0.1646
S14009,Sports,Chile,Falabella Retail,Event,Micro,5.0,5,6.0,0,1,0.1645
S01447,Beauty,Peru,Sodimac,Self sign-up,Small,4.0,1,8.0,6,0,0.1645
S02579,Food,Colombia,Sodimac,Referral,Micro,1.0,4,4.0,3,0,0.1644
S05395,Fashion,Peru,Sodimac,Self sign-up,Micro,0.0,3,2.0,4,0,0.1643
S14309,Fashion,Chile,Falabella Retail,Referral,Small,2.0,4,10.0,1,0,0.1643
S17044,Sports,Chile,Sodimac,Self sign-up,Micro,17.0,5,13.0,1,1,0.1642
S09627,Fashion,Chile,Sodimac,Self sign-up,Micro,0.0,3,1.0,2,0,0.1642
S09917,Fashion,Chile,Sodimac,Sales rep,Micro,1.0,1,5.0,2,0,0.1641
S11631,Beauty,Chile,Marketplace direct,Self sign-up,Micro,1.0,3,3.0,3,0,0.1641
S18864,Toys,Chile,Marketplace direct,Self sign-up,Micro,5.0,5,8.0,4,0,0.1641
S06111,Fashion,Peru,Sodimac,Referral,Micro,23.0,3,11.0,0,1,0.164
S08448,Electronics,Peru,Falabella Retail,Sales rep,Micro,2.0,0,3.0,0,0,0.164
S05581,Fashion,Chile,Sodimac,Self sign-up,Micro,3.0,1,3.0,2,0,0.1636
S11621,Fashion,Chile,Sodimac,Self sign-up,Small,3.0,0,2.0,0,0,0.1636
S01985,Food,Chile,Falabella Retail,Self sign-up,Small,2.0,5,5.0,1,0,0.1635
S13527,Electronics,Peru,Tottus,Self sign-up,Micro,11.0,3,14.0,9,0,0.1635
S02438,Fashion,Chile,Marketplace direct,Event,Small,10.0,2,15.0,4,1,0.1635
S02207,Fashion,Peru,Marketplace direct,Sales rep,Small,4.0,1,7.0,0,0,0.1634
S12416,Food,Chile,Marketplace direct,Event,Small,2.0,3,3.0,0,0,0.1634
S12646,Electronics,Chile,Marketplace direct,Sales rep,Micro,8.0,5,12.0,0,1,0.1634
S08791,Hardware,Colombia,Falabella Retail,Sales rep,Small,10.0,4,14.0,3,1,0.1633
S11867,Toys,Peru,Tottus,Self sign-up,Small,2.0,4,3.0,1,0,0.1632
S15775,Hardware,Peru,Falabella Retail,Self sign-up,Small,4.0,1,2.0,0,1,0.1631
S15481,Home,Colombia,Falabella Retail,Self sign-up,Micro,15.0,0,2.0,1,1,0.1631
S18264,Fashion,Colombia,Marketplace direct,Self sign-up,Micro,12.0,0,5.0,3,1,0.1631
S09397,Hardware,Colombia,Tottus,Event,Small,6.0,2,2.0,1,1,0.163
S01552,Home,Colombia,Marketplace direct,Event,Micro,3.0,5,6.0,0,0,0.1629
S12675,Home,Chile,Tottus,Self sign-up,Micro,2.0,3,4.0,3,0,0.1629
S11576,Home,Peru,Marketplace direct,Sales rep,Micro,2.0,2,5.0,1,0,0.1629
S05379,Hardware,Chile,Marketplace direct,Self sign-up,Medium,1.0,3,7.0,4,0,0.1629
S15168,Electronics,Chile,Marketplace direct,Self sign-up,Micro,1.0,2,1.0,1,0,0.1628
S13944,Electronics,Peru,Falabella Retail,Referral,Small,2.0,1,6.0,1,0,0.1627
S13049,Electronics,Peru,Falabella Retail,Sales rep,Micro,3.0,1,7.0,2,0,0.1627
S10947,Hardware,Chile,Sodimac,Event,Micro,1.0,4,5.0,1,0,0.1626
S08558,Home,Colombia,Marketplace direct,Self sign-up,Small,13.0,5,13.0,2,1,0.1625
S12483,Hardware,Chile,Falabella Retail,Referral,Small,1.0,4,7.0,0,0,0.1625
S18431,Beauty,Colombia,Falabella Retail,Self sign-up,Micro,1.0,4,1.0,0,0,0.1625
S19152,Electronics,Chile,Sodimac,Self sign-up,Micro,6.0,0,5.0,3,0,0.1625
S01161,Sports,Chile,Tottus,Sales rep,Medium,1.0,3,7.0,0,0,0.1624
S14108,Fashion,Chile,Sodimac,Event,Small,3.0,1,7.0,2,0,0.1623
S14002,Sports,Chile,Falabella Retail,Self sign-up,Medium,3.0,2,6.0,2,0,0.1623
S06898,Beauty,Colombia,Marketplace direct,Event,Micro,21.0,1,1.0,1,1,0.1623
S00631,Hardware,Peru,Sodimac,Self sign-up,Small,4.0,5,8.0,0,0,0.1623
S08247,Electronics,Chile,Falabella Retail,Self sign-up,Micro,4.0,3,5.0,1,1,0.1623
S09105,Toys,Peru,Sodimac,Referral,Micro,1.0,1,4.0,6,0,0.1622
S03469,Food,Peru,Tottus,Event,Small,4.0,2,5.0,3,0,0.1621
S17099,Food,Chile,Sodimac,Self sign-up,Micro,25.0,2,1.0,1,1,0.1619
S10954,Food,Chile,Falabella Retail,Event,Small,0.0,4,2.0,1,0,0.1619
S16211,Fashion,Colombia,Falabella Retail,Event,Small,5.0,4,9.0,0,0,0.1618
S00606,Hardware,Chile,Marketplace direct,Event,Micro,1.0,1,1.0,2,0,0.1618
S07312,Fashion,Colombia,Falabella Retail,Self sign-up,Micro,1.0,4,3.0,2,0,0.1617
S10506,Beauty,Chile,Marketplace direct,Self sign-up,Micro,2.0,3,6.0,1,1,0.1617
S13889,Electronics,Chile,Sodimac,Self sign-up,Micro,3.0,3,8.0,4,0,0.1616
S00591,Fashion,Chile,Marketplace direct,Sales rep,Small,30.0,0,9.0,1,1,0.1616
S17851,Sports,Peru,Marketplace direct,Event,Medium,4.0,3,9.0,2,0,0.1616
S11436,Home,Chile,Marketplace direct,Event,Micro,11.0,4,6.0,1,1,0.1615
S11137,Hardware,Colombia,Sodimac,Referral,Micro,2.0,4,7.0,2,0,0.1613
S01131,Beauty,Chile,Marketplace direct,Self sign-up,Micro,3.0,3,3.0,0,0,0.1613
S01078,Sports,Colombia,Sodimac,Sales rep,Micro,7.0,2,5.0,2,1,0.1613
S19526,Home,Peru,Falabella Retail,Self sign-up,Small,6.0,3,9.0,3,0,0.1611
S08749,Beauty,Chile,Sodimac,Self sign-up,Micro,2.0,5,8.0,3,0,0.1611
S01188,Electronics,Chile,Marketplace direct,Self sign-up,Micro,1.0,1,3.0,5,0,0.1611
S06806,Beauty,Chile,Marketplace direct,Self sign-up,Micro,8.0,4,11.0,3,1,0.161
S05266,Home,Colombia,Tottus,Self sign-up,Micro,1.0,4,1.0,1,0,0.161
S14176,Beauty,Peru,Sodimac,Event,Micro,8.0,0,5.0,0,1,0.161
S11933,Sports,Peru,Falabella Retail,Referral,Micro,3.0,1,1.0,0,1,0.161
S11190,Fashion,Peru,Falabella Retail,Event,Small,9.0,0,5.0,3,1,0.1608
S03665,Fashion,Peru,Marketplace direct,Self sign-up,Micro,17.0,0,1.0,4,1,0.1608
S13616,Electronics,Chile,Tottus,Self sign-up,Micro,7.0,4,9.0,2,0,0.1608
S16419,Electronics,Colombia,Falabella Retail,Self sign-up,Micro,1.0,4,2.0,0,0,0.1607
S07389,Home,Chile,Falabella Retail,Self sign-up,Small,5.0,5,11.0,2,0,0.1607
S10319,Fashion,Peru,Sodimac,Self sign-up,Micro,1.0,5,8.0,5,0,0.1605
S11094,Electronics,Colombia,Tottus,Self sign-up,Small,4.0,3,5.0,0,0,0.1605
S14515,Beauty,Chile,Marketplace direct,Sales rep,Small,2.0,0,6.0,2,0,0.1604
S11336,Home,Chile,Falabella Retail,Sales rep,Small,1.0,2,6.0,0,0,0.1604
S01249,Food,Colombia,Sodimac,Referral,Small,6.0,4,12.0,5,0,0.1604
S00164,Beauty,Peru,Sodimac,Event,Micro,2.0,1,4.0,3,0,0.1604
S17405,Sports,Chile,Sodimac,Referral,Micro,4.0,3,8.0,2,0,0.1603
S03277,Beauty,Peru,Falabella Retail,Self sign-up,Medium,3.0,0,5.0,3,0,0.1603
S03994,Home,Colombia,Tottus,Event,Micro,1.0,4,3.0,1,0,0.1603
S18791,Food,Peru,Falabella Retail,Referral,Micro,5.0,2,4.0,1,0,0.1603
S00191,Home,Peru,Tottus,Self sign-up,Small,0.0,5,2.0,0,0,0.1603
S02737,Beauty,Chile,Falabella Retail,Self sign-up,Micro,4.0,2,5.0,2,1,0.1602
S04928,Toys,Chile,Sodimac,Referral,Micro,1.0,5,6.0,1,0,0.1602
S00077,Sports,Peru,Sodimac,Sales rep,Micro,2.0,0,2.0,1,0,0.1602
S15604,Beauty,Chile,Sodimac,Self sign-up,Micro,0.0,4,3.0,3,0,0.1602
S13149,Home,Chile,Sodimac,Referral,Micro,1.0,0,6.0,2,1,0.1601
S06437,Home,Peru,Falabella Retail,Referral,Micro,3.0,0,3.0,0,1,0.1599
S06365,Fashion,Chile,Sodimac,Self sign-up,Small,0.0,2,1.0,1,0,0.1598
S12184,Sports,Chile,Marketplace direct,Referral,Micro,2.0,5,8.0,0,1,0.1598
S00318,Home,Peru,Marketplace direct,Self sign-up,Medium,0.0,5,4.0,0,0,0.1597
S01714,Home,Colombia,Falabella Retail,Self sign-up,Micro,1.0,2,4.0,7,0,0.1597
S17449,Fashion,Colombia,Tottus,Event,Small,0.0,3,1.0,0,0,0.1596
S12972,Hardware,Chile,Falabella Retail,Event,Micro,5.0,5,9.0,0,0,0.1596
S19956,Electronics,Chile,Marketplace direct,Sales rep,Micro,0.0,1,1.0,0,0,0.1595
S06602,Home,Colombia,Marketplace direct,Self sign-up,Micro,3.0,5,5.0,1,0,0.1594
S12202,Sports,Chile,Marketplace direct,Sales rep,Small,3.0,3,8.0,0,0,0.1593
S10359,Sports,Colombia,Marketplace direct,Referral,Small,1.0,1,2.0,2,0,0.1593
S19381,Hardware,Chile,Marketplace direct,Event,Micro,2.0,2,3.0,1,0,0.1592
S19798,Beauty,Colombia,Marketplace direct,Sales rep,Micro,4.0,3,10.0,3,1,0.1592
S10963,Sports,Peru,Marketplace direct,Self sign-up,Small,6.0,3,9.0,5,0,0.1591
S01305,Food,Chile,Falabella Retail,Sales rep,Micro,0.0,3,2.0,2,0,0.1591
S13379,Hardware,Chile,Sodimac,Event,Medium,1.0,1,4.0,0,0,0.1591
S03352,Electronics,Chile,Marketplace direct,Self sign-up,Medium,0.0,1,2.0,2,0,0.159
S18981,Beauty,Chile,Marketplace direct,Referral,Small,3.0,1,8.0,3,0,0.159
S09442,Sports,Peru,Falabella Retail,Self sign-up,Small,0.0,4,1.0,1,0,0.159
S16817,Home,Colombia,Falabella Retail,Self sign-up,Micro,1.0,4,1.0,0,0,0.1589
S12006,Home,Colombia,Sodimac,Referral,Medium,1.0,1,5.0,1,0,0.1588
S10900,Home,Chile,Sodimac,Referral,Micro,4.0,3,2.0,0,1,0.1588
S07380,Fashion,Chile,Tottus,Self sign-up,Micro,3.0,3,4.0,1,0,0.1588
S18512,Food,Chile,Falabella Retail,Event,Small,10.0,2,13.0,3,1,0.1588
S02525,Electronics,Peru,Marketplace direct,Referral,Small,1.0,0,3.0,1,0,0.1587
S03689,Fashion,Peru,Sodimac,Self sign-up,Micro,1.0,0,3.0,7,0,0.1586
S16498,Food,Chile,Sodimac,Referral,Small,0.0,2,1.0,1,0,0.1586
S14700,Food,Colombia,Sodimac,Sales rep,Micro,0.0,5,2.0,0,0,0.1586
S13466,Home,Peru,Falabella Retail,Sales rep,Micro,2.0,3,7.0,1,0,0.1586
S18645,Fashion,Chile,Tottus,Self sign-up,Micro,1.0,5,6.0,3,0,0.1586
S17595,Fashion,Colombia,Sodimac,Self sign-up,Medium,1.0,0,1.0,1,0,0.1584
S06559,Home,Peru,Sodimac,Self sign-up,Micro,0.0,5,2.0,1,0,0.1584
S08647,Home,Chile,Marketplace direct,Self sign-up,Small,3.0,0,5.0,5,0,0.1584
S00078,Beauty,Chile,Falabella Retail,Self sign-up,Micro,8.0,3,2.0,0,1,0.1584
S15126,Hardware,Chile,Falabella Retail,Self sign-up,Medium,1.0,0,2.0,2,0,0.1584
S11893,Hardware,Chile,Falabella Retail,Self sign-up,Small,1.0,5,7.0,2,0,0.1583
S16527,Electronics,Chile,Marketplace direct,Event,Medium,10.0,0,14.0,6,0,0.1582
S00972,Electronics,Chile,Sodimac,Event,Micro,0.0,3,3.0,1,0,0.1582
S09302,Home,Peru,Marketplace direct,Referral,Small,3.0,5,13.0,0,1,0.1582
S16429,Electronics,Chile,Marketplace direct,Event,Small,0.0,2,2.0,0,0,0.1581
S13101,Home,Colombia,Falabella Retail,Self sign-up,Small,3.0,3,4.0,0,0,0.158
S09880,Home,Peru,Falabella Retail,Sales rep,Micro,0.0,2,2.0,1,0,0.1577
S10182,Home,Peru,Falabella Retail,Sales rep,Micro,0.0,2,2.0,1,0,0.1577
S18528,Sports,Chile,Falabella Retail,Sales rep,Small,1.0,0,3.0,1,0,0.1576
S14807,Electronics,Peru,Falabella Retail,Self sign-up,Medium,2.0,4,8.0,0,0,0.1575
S16964,Beauty,Peru,Sodimac,Sales rep,Small,3.0,1,7.0,0,0,0.1574
S07758,Fashion,Peru,Marketplace direct,Referral,Small,0.0,2,2.0,0,0,0.1574
S10081,Home,Chile,Tottus,Self sign-up,Micro,1.0,2,4.0,6,0,0.1571
S13218,Sports,Peru,Falabella Retail,Self sign-up,Micro,2.0,4,2.0,0,0,0.1568
S09438,Beauty,Colombia,Sodimac,Self sign-up,Small,10.0,2,10.0,4,1,0.1568
S09285,Electronics,Peru,Marketplace direct,Self sign-up,Medium,0.0,2,2.0,1,0,0.1567
S10799,Hardware,Colombia,Sodimac,Event,Micro,5.0,3,7.0,2,0,0.1567
S16524,Fashion,Peru,Sodimac,Event,Micro,1.0,3,5.0,2,0,0.1566
S00055,Toys,Chile,Sodimac,Self sign-up,Micro,1.0,5,3.0,1,0,0.1565
S17777,Home,Chile,Tottus,Self sign-up,Small,1.0,2,6.0,6,0,0.1565
S14166,Beauty,Colombia,Tottus,Self sign-up,Micro,0.0,5,2.0,3,0,0.1565
S19168,Hardware,Chile,Marketplace direct,Self sign-up,Micro,2.0,5,6.0,2,0,0.1565
S00652,Sports,Colombia,Sodimac,Sales rep,Medium,0.0,0,3.0,3,0,0.1565
S10165,Food,Chile,Falabella Retail,Event,Medium,13.0,5,15.0,2,0,0.1564
S07602,Beauty,Peru,Tottus,Referral,Micro,20.0,1,1.0,0,1,0.1563
S07150,Beauty,Chile,Falabella Retail,Self sign-up,Small,0.0,3,1.0,0,0,0.1562
S00000,Toys,Peru,Falabella Retail,Referral,Small,2.0,0,1.0,0,0,0.1562
S06497,Fashion,Colombia,Marketplace direct,Self sign-up,Medium,1.0,5,7.0,1,0,0.1561
S02368,Fashion,Peru,Marketplace direct,Self sign-up,Micro,1.0,1,2.0,5,0,0.156
S06700,Home,Chile,Sodimac,Event,Small,5.0,0,6.0,1,0,0.1558
S01221,Home,Chile,Sodimac,Event,Micro,6.0,0,7.0,4,0,0.1558
S19192,Fashion,Peru,Falabella Retail,Sales rep,Medium,4.0,0,9.0,1,0,0.1557
S02676,Fashion,Chile,Tottus,Self sign-up,Medium,1.0,1,2.0,0,0,0.1556
S07143,Electronics,Chile,Marketplace direct,Self sign-up,Micro,1.0,4,4.0,1,0,0.1556
S09810,Home,Peru,Marketplace direct,Sales rep,Micro,5.0,3,9.0,1,0,0.1555
S13911,Electronics,Chile,Tottus,Event,Micro,3.0,2,7.0,3,0,0.1555
S08285,Home,Chile,Sodimac,Self sign-up,Small,0.0,1,1.0,3,0,0.1554
S01610,Home,Chile,Sodimac,Self sign-up,Small,0.0,1,1.0,3,0,0.1554
S19970,Hardware,Colombia,Sodimac,Event,Small,1.0,2,4.0,2,0,0.1552
S09030,Home,Chile,Sodimac,Event,Micro,1.0,0,2.0,3,0,0.155
S04775,Electronics,Chile,Marketplace direct,Event,Micro,2.0,4,9.0,3,0,0.1549
S04011,Home,Chile,Sodimac,Self sign-up,Micro,12.0,4,8.0,0,1,0.1548
S10202,Fashion,Colombia,Falabella Retail,Event,Micro,2.0,4,5.0,0,0,0.1548
S07667,Fashion,Colombia,Sodimac,Self sign-up,Micro,1.0,5,5.0,2,0,0.1548
S04689,Toys,Peru,Falabella Retail,Event,Small,0.0,4,4.0,3,0,0.1548
S03092,Hardware,Chile,Marketplace direct,Referral,Small,2.0,2,8.0,3,0,0.1548
S16415,Sports,Peru,Falabella Retail,Event,Micro,0.0,4,2.0,2,0,0.1547
S07305,Fashion,Peru,Falabella Retail,Self sign-up,Micro,2.0,5,6.0,1,0,0.1546
S12169,Sports,Chile,Tottus,Sales rep,Medium,1.0,2,6.0,0,0,0.1546
S15298,Electronics,Colombia,Sodimac,Self sign-up,Medium,3.0,5,10.0,0,0,0.1545
S17847,Electronics,Peru,Marketplace direct,Self sign-up,Small,11.0,0,5.0,0,1,0.1545
S19137,Hardware,Chile,Falabella Retail,Self sign-up,Micro,13.0,2,7.0,1,1,0.1544
S00683,Fashion,Colombia,Falabella Retail,Sales rep,Small,3.0,3,9.0,0,0,0.1544
S05656,Food,Chile,Tottus,Sales rep,Micro,1.0,3,3.0,1,0,0.1544
S19344,Sports,Peru,Falabella Retail,Self sign-up,Micro,3.0,4,4.0,1,1,0.1543
S01558,Sports,Peru,Falabella Retail,Sales rep,Micro,12.0,1,4.0,2,1,0.1543
S04695,Sports,Chile,Sodimac,Event,Small,0.0,3,2.0,0,0,0.1543
S04562,Home,Peru,Sodimac,Self sign-up,Small,0.0,4,2.0,0,0,0.1542
S16506,Home,Chile,Falabella Retail,Event,Micro,9.0,5,13.0,2,0,0.1541
S00454,Electronics,Chile,Falabella Retail,Event,Small,3.0,4,10.0,0,0,0.154
S09126,Home,Chile,Falabella Retail,Self sign-up,Medium,10.0,1,1.0,0,1,0.154
S04044,Fashion,Colombia,Marketplace direct,Event,Micro,1.0,5,7.0,3,0,0.154
S04925,Fashion,Colombia,Marketplace direct,Self sign-up,Micro,3.0,5,9.0,5,0,0.1539
S19556,Electronics,Chile,Falabella Retail,Self sign-up,Micro,1.0,2,7.0,3,1,0.1539
S12185,Fashion,Colombia,Sodimac,Sales rep,Small,1.0,5,13.0,4,0,0.1539
S11733,Electronics,Peru,Tottus,Event,Micro,1.0,3,3.0,0,0,0.1539
S14939,Home,Peru,Marketplace direct,Referral,Small,1.0,2,4.0,0,0,0.1539
S06829,Toys,Peru,Sodimac,Sales rep,Micro,1.0,2,2.0,0,0,0.1537
S06925,Home,Peru,Falabella Retail,Referral,Small,5.0,2,9.0,1,0,0.1535
S19281,Fashion,Peru,Falabella Retail,Referral,Micro,1.0,2,3.0,0,0,0.1535
S03130,Fashion,Colombia,Marketplace direct,Referral,Small,1.0,1,4.0,2,0,0.1535
S13554,Food,Colombia,Marketplace direct,Self sign-up,Small,1.0,5,3.0,2,0,0.1534
S05324,Electronics,Colombia,Marketplace direct,Referral,Small,8.0,2,11.0,2,0,0.1534
S06036,Food,Chile,Marketplace direct,Self sign-up,Medium,14.0,2,12.0,4,1,0.1534
S08709,Fashion,Peru,Falabella Retail,Sales rep,Small,7.0,2,13.0,0,1,0.153
S07163,Hardware,Peru,Falabella Retail,Event,Micro,4.0,3,7.0,2,0,0.1529
S07597,Sports,Colombia,Sodimac,Self sign-up,Micro,1.0,4,2.0,2,0,0.1529
S08928,Fashion,Chile,Marketplace direct,Self sign-up,Small,1.0,2,2.0,0,0,0.1529
S17278,Home,Peru,Sodimac,Event,Micro,1.0,1,2.0,2,0,0.1527
S15232,Home,Chile,Falabella Retail,Sales rep,Micro,12.0,1,5.0,0,1,0.1527
S18769,Hardware,Chile,Falabella Retail,Sales rep,Micro,24.0,3,15.0,3,1,0.1526
S19306,Home,Chile,Tottus,Self sign-up,Micro,16.0,5,6.0,1,1,0.1526
S19104,Electronics,Colombia,Marketplace direct,Self sign-up,Micro,2.0,3,6.0,5,0,0.1526
S09839,Food,Chile,Falabella Retail,Self sign-up,Medium,4.0,1,6.0,4,0,0.1526
S06622,Electronics,Colombia,Sodimac,Event,Micro,1.0,2,2.0,0,0,0.1525
S19105,Electronics,Chile,Marketplace direct,Self sign-up,Small,7.0,3,6.0,0,1,0.1525
S12959,Hardware,Colombia,Falabella Retail,Referral,Small,0.0,2,1.0,0,0,0.1524
S15006,Home,Colombia,Tottus,Sales rep,Micro,1.0,0,2.0,3,0,0.1522
S10577,Fashion,Chile,Sodimac,Self sign-up,Micro,0.0,2,1.0,3,0,0.1522
S06547,Beauty,Peru,Tottus,Referral,Small,2.0,1,4.0,0,0,0.1522
S17591,Fashion,Chile,Falabella Retail,Sales rep,Micro,18.0,2,11.0,1,1,0.152
S12536,Home,Colombia,Marketplace direct,Referral,Micro,1.0,4,4.0,0,0,0.152
S05574,Home,Chile,Falabella Retail,Sales rep,Micro,13.0,0,10.0,2,1,0.1519
S19515,Home,Peru,Sodimac,Sales rep,Small,13.0,0,10.0,2,1,0.1519
S03631,Food,Peru,Sodimac,Sales rep,Small,3.0,1,6.0,2,0,0.1519
S03664,Home,Chile,Falabella Retail,Event,Micro,9.0,1,11.0,6,0,0.1518
S16810,Food,Peru,Falabella Retail,Sales rep,Micro,9.0,0,3.0,1,1,0.1518
S01598,Hardware,Peru,Falabella Retail,Self sign-up,Small,1.0,2,1.0,0,0,0.1517
S11227,Toys,Chile,Marketplace direct,Referral,Micro,1.0,1,1.0,2,0,0.1517
S17312,Home,Colombia,Marketplace direct,Sales rep,Micro,0.0,2,1.0,1,0,0.1517
S16689,Toys,Chile,Marketplace direct,Self sign-up,Micro,2.0,2,3.0,5,0,0.1517
S14659,Home,Peru,Falabella Retail,Sales rep,Micro,2.0,5,10.0,1,0,0.1516
S04762,Food,Chile,Tottus,Self sign-up,Micro,11.0,3,6.0,4,1,0.1515
S18494,Home,Chile,Marketplace direct,Self sign-up,Small,15.0,2,8.0,5,1,0.1515
S17472,Sports,Colombia,Tottus,Referral,Micro,0.0,4,1.0,1,0,0.1514
S05219,Electronics,Chile,Falabella Retail,Self sign-up,Micro,2.0,5,9.0,3,0,0.1514
S09876,Hardware,Peru,Tottus,Self sign-up,Small,2.0,3,3.0,0,0,0.1513
S10157,Hardware,Chile,Marketplace direct,Event,Micro,0.0,3,1.0,1,0,0.1513
S13226,Sports,Colombia,Falabella Retail,Event,Small,5.0,4,11.0,4,0,0.1512
S05606,Electronics,Peru,Falabella Retail,Event,Micro,3.0,3,7.0,1,0,0.1511
S03838,Hardware,Peru,Falabella Retail,Event,Micro,1.0,3,4.0,2,0,0.1511
S02307,Fashion,Colombia,Marketplace direct,Referral,Small,2.0,2,6.0,1,0,0.151
S18776,Electronics,Chile,Falabella Retail,Self sign-up,Micro,0.0,3,1.0,1,0,0.151
S13599,Sports,Chile,Falabella Retail,Self sign-up,Micro,1.0,3,1.0,1,0,0.151
S03253,Fashion,Peru,Tottus,Sales rep,Micro,1.0,1,2.0,0,1,0.1509
S19401,Food,Colombia,Sodimac,Sales rep,Micro,0.0,4,1.0,0,0,0.1509
S12180,Home,Chile,Sodimac,Event,Micro,8.0,2,5.0,1,1,0.1508
S18650,Sports,Chile,Falabella Retail,Self sign-up,Small,8.0,5,14.0,5,0,0.1508
S10721,Home,Chile,Falabella Retail,Event,Micro,2.0,1,7.0,6,0,0.1507
S11380,Sports,Chile,Falabella Retail,Self sign-up,Small,0.0,4,2.0,1,0,0.1507
S14878,Electronics,Chile,Marketplace direct,Sales rep,Micro,16.0,2,18.0,7,0,0.1505
S16195,Beauty,Chile,Falabella Retail,Self sign-up,Medium,6.0,2,9.0,1,0,0.1505
S12657,Toys,Peru,Tottus,Self sign-up,Medium,2.0,0,4.0,6,0,0.1504
S14301,Sports,Colombia,Marketplace direct,Self sign-up,Micro,1.0,5,1.0,0,0,0.1504
S19050,Fashion,Peru,Falabella Retail,Event,Micro,2.0,4,6.0,0,0,0.1504
S14206,Toys,Chile,Falabella Retail,Event,Small,1.0,3,5.0,2,0,0.1503
S18958,Sports,Peru,Marketplace direct,Self sign-up,Small,13.0,2,3.0,0,1,0.1502
S00383,Fashion,Colombia,Marketplace direct,Referral,Small,0.0,1,1.0,1,0,0.1502
S01095,Fashion,Chile,Sodimac,Sales rep,Micro,3.0,3,9.0,0,0,0.1501
S01920,Fashion,Chile,Marketplace direct,Self sign-up,Micro,2.0,5,8.0,3,0,0.1501
S15965,Hardware,Chile,Falabella Retail,Self sign-up,Small,2.0,5,7.0,1,1,0.15
S05876,Beauty,Colombia,Sodimac,Self sign-up,Small,3.0,4,7.0,0,1,0.15
S18943,Beauty,Peru,Sodimac,Self sign-up,Micro,1.0,3,3.0,2,0,0.1499
S03849,Home,Chile,Sodimac,Self sign-up,Micro,1.0,4,4.0,1,0,0.1499
S09882,Sports,Chile,Falabella Retail,Referral,Medium,0.0,0,4.0,4,0,0.1498
S16744,Electronics,Chile,Falabella Retail,Sales rep,Micro,12.0,0,8.0,3,1,0.1498
S05657,Hardware,Chile,Tottus,Referral,Micro,17.0,3,10.0,0,1,0.1497
S02402,Toys,Peru,Sodimac,Referral,Small,1.0,5,7.0,0,0,0.1497
S16186,Beauty,Colombia,Sodimac,Event,Medium,3.0,0,7.0,3,0,0.1497
S00945,Home,Peru,Sodimac,Referral,Micro,0.0,1,1.0,2,0,0.1496
S18710,Fashion,Chile,Falabella Retail,Self sign-up,Micro,1.0,2,8.0,9,0,0.1496
S06452,Fashion,Chile,Tottus,Event,Small,1.0,0,2.0,1,0,0.1495
S12512,Home,Chile,Falabella Retail,Self sign-up,Micro,3.0,4,6.0,1,0,0.1494
S15973,Fashion,Chile,Falabella Retail,Referral,Micro,4.0,2,7.0,0,1,0.1494
S02157,Home,Chile,Tottus,Referral,Micro,2.0,5,8.0,0,0,0.1493
S07299,Sports,Colombia,Falabella Retail,Event,Micro,2.0,3,3.0,1,0,0.1489
S13084,Fashion,Chile,Falabella Retail,Event,Micro,0.0,4,3.0,0,0,0.1489
S03122,Home,Chile,Falabella Retail,Self sign-up,Micro,0.0,4,3.0,3,0,0.1488
S02461,Sports,Peru,Marketplace direct,Sales rep,Micro,3.0,1,4.0,1,0,0.1488
S00210,Sports,Colombia,Falabella Retail,Sales rep,Medium,5.0,2,8.0,0,1,0.1487
S13070,Sports,Chile,Tottus,Event,Small,2.0,1,3.0,1,0,0.1487
S19073,Food,Chile,Tottus,Self sign-up,Small,0.0,3,1.0,4,0,0.1487
S11939,Toys,Colombia,Tottus,Self sign-up,Small,4.0,3,7.0,3,1,0.1487
S16578,Fashion,Chile,Marketplace direct,Sales rep,Micro,0.0,0,2.0,3,0,0.1487
S02524,Food,Colombia,Tottus,Referral,Medium,6.0,4,10.0,1,1,0.1487
S18857,Food,Chile,Falabella Retail,Sales rep,Micro,4.0,0,6.0,2,1,0.1487
S17550,Fashion,Chile,Sodimac,Event,Medium,7.0,1,7.0,2,1,0.1487
S01315,Sports,Peru,Marketplace direct,Self sign-up,Micro,0.0,5,2.0,3,0,0.1486
S19415,Sports,Chile,Falabella Retail,Self sign-up,Micro,2.0,4,3.0,0,0,0.1486
S14960,Home,Chile,Falabella Retail,Self sign-up,Small,1.0,2,3.0,1,0,0.1485
S19679,Home,Colombia,Marketplace direct,Sales rep,Small,3.0,5,11.0,0,0,0.1485
S12197,Home,Peru,Tottus,Self sign-up,Medium,22.0,5,13.0,1,1,0.1484
S08576,Electronics,Peru,Marketplace direct,Referral,Medium,1.0,0,6.0,2,0,0.1484
S15630,Sports,Colombia,Marketplace direct,Self sign-up,Micro,12.0,4,2.0,2,1,0.1484
S09504,Beauty,Chile,Falabella Retail,Self sign-up,Small,5.0,4,12.0,4,0,0.1483
S15977,Hardware,Chile,Falabella Retail,Event,Micro,2.0,5,8.0,1,0,0.1481
S01240,Hardware,Chile,Falabella Retail,Self sign-up,Medium,0.0,2,2.0,1,0,0.1481
S00793,Electronics,Colombia,Marketplace direct,Self sign-up,Micro,8.0,5,5.0,1,1,0.148
S11338,Fashion,Peru,Falabella Retail,Self sign-up,Medium,29.0,0,11.0,5,1,0.148
S15709,Electronics,Chile,Falabella Retail,Self sign-up,Micro,12.0,4,7.0,0,1,0.1479
S10551,Home,Peru,Tottus,Self sign-up,Micro,1.0,5,7.0,5,0,0.1479
S09551,Electronics,Chile,Falabella Retail,Sales rep,Small,5.0,1,10.0,0,0,0.1478
S19323,Fashion,Colombia,Falabella Retail,Self sign-up,Micro,0.0,5,1.0,0,0,0.1477
S01176,Fashion,Chile,Sodimac,Referral,Small,0.0,1,5.0,3,0,0.1477
S07265,Electronics,Chile,Tottus,Self sign-up,Micro,2.0,5,6.0,0,0,0.1476
S13605,Sports,Peru,Sodimac,Sales rep,Small,2.0,0,7.0,4,0,0.1475
S05287,Beauty,Colombia,Falabella Retail,Self sign-up,Micro,1.0,4,6.0,1,1,0.1474
S18273,Fashion,Colombia,Marketplace direct,Self sign-up,Small,0.0,4,2.0,1,0,0.1473
S09325,Beauty,Chile,Sodimac,Sales rep,Micro,8.0,2,6.0,1,1,0.1473
S00137,Fashion,Chile,Sodimac,Event,Small,1.0,0,4.0,2,0,0.1472
S00462,Food,Peru,Sodimac,Self sign-up,Micro,20.0,4,3.0,1,1,0.1472
S07357,Electronics,Colombia,Falabella Retail,Sales rep,Micro,5.0,5,12.0,0,0,0.1471
S10028,Hardware,Chile,Tottus,Sales rep,Micro,1.0,4,7.0,1,0,0.147
S09875,Fashion,Peru,Falabella Retail,Referral,Micro,0.0,5,5.0,0,0,0.1469
S09578,Electronics,Chile,Sodimac,Event,Micro,1.0,0,1.0,0,0,0.1468
S08942,Electronics,Chile,Falabella Retail,Self sign-up,Micro,1.0,2,3.0,2,0,0.1468
S03887,Hardware,Chile,Falabella Retail,Referral,Micro,0.0,1,1.0,2,0,0.1468
S17067,Home,Colombia,Sodimac,Event,Micro,1.0,2,2.0,1,0,0.1468
S02564,Beauty,Peru,Sodimac,Referral,Micro,0.0,2,1.0,0,0,0.1467
S18649,Home,Colombia,Falabella Retail,Self sign-up,Small,17.0,1,4.0,3,1,0.1466
S07987,Food,Peru,Marketplace direct,Sales rep,Micro,5.0,5,11.0,3,0,0.1466
S09203,Fashion,Chile,Marketplace direct,Referral,Micro,2.0,3,7.0,1,0,0.1466
S08506,Beauty,Chile,Sodimac,Referral,Micro,1.0,5,8.0,0,0,0.1465
S03142,Food,Chile,Tottus,Referral,Micro,1.0,3,3.0,2,0,0.1462
S05835,Electronics,Peru,Marketplace direct,Self sign-up,Micro,0.0,5,2.0,0,0,0.1461
S17027,Home,Colombia,Sodimac,Self sign-up,Small,1.0,0,1.0,3,0,0.1458
S09363,Beauty,Colombia,Tottus,Self sign-up,Micro,17.0,2,4.0,4,1,0.1457
S09404,Sports,Colombia,Marketplace direct,Referral,Micro,8.0,4,13.0,6,0,0.1457
S00791,Fashion,Peru,Sodimac,Referral,Small,1.0,0,3.0,0,0,0.1457
S19392,Fashion,Chile,Falabella Retail,Self sign-up,Micro,4.0,2,8.0,5,0,0.1456
S19582,Home,Chile,Marketplace direct,Self sign-up,Small,3.0,2,5.0,1,0,0.1456
S17485,Electronics,Chile,Falabella Retail,Self sign-up,Small,6.0,3,6.0,0,1,0.1455
S02539,Fashion,Colombia,Sodimac,Referral,Small,6.0,4,10.0,1,1,0.1454
S08678,Toys,Peru,Falabella Retail,Event,Micro,1.0,3,1.0,0,0,0.1452
S06819,Food,Chile,Falabella Retail,Event,Micro,7.0,2,10.0,7,0,0.145
S16736,Sports,Chile,Marketplace direct,Sales rep,Micro,2.0,2,6.0,2,0,0.1449
S10388,Electronics,Chile,Tottus,Event,Small,0.0,1,1.0,0,0,0.1449
S11382,Fashion,Chile,Falabella Retail,Referral,Small,1.0,2,6.0,0,0,0.1449
S08663,Food,Chile,Tottus,Referral,Medium,15.0,0,13.0,6,0,0.1448
S14849,Electronics,Peru,Sodimac,Sales rep,Micro,3.0,0,6.0,1,0,0.1448
S15626,Fashion,Peru,Falabella Retail,Self sign-up,Micro,4.0,2,2.0,2,1,0.1447
S02318,Fashion,Chile,Marketplace direct,Sales rep,Micro,11.0,1,15.0,5,1,0.1446
S04578,Fashion,Chile,Falabella Retail,Self sign-up,Micro,0.0,2,1.0,3,0,0.1445
S03690,Electronics,Chile,Marketplace direct,Self sign-up,Micro,5.0,0,6.0,1,1,0.1445
S02749,Electronics,Chile,Sodimac,Self sign-up,Micro,0.0,4,3.0,1,0,0.1445
S05714,Electronics,Peru,Marketplace direct,Self sign-up,Small,3.0,0,2.0,0,0,0.1444
S03417,Toys,Peru,Falabella Retail,Referral,Small,1.0,4,8.0,3,0,0.1444
S09117,Beauty,Chile,Falabella Retail,Sales rep,Medium,1.0,1,6.0,0,1,0.1444
S12827,Home,Peru,Marketplace direct,Self sign-up,Micro,0.0,5,1.0,0,0,0.1444
S02151,Electronics,Colombia,Falabella Retail,Self sign-up,Micro,5.0,4,6.0,1,1,0.1443
S01187,Food,Colombia,Marketplace direct,Self sign-up,Micro,11.0,0,1.0,3,1,0.1442
S02033,Fashion,Chile,Sodimac,Referral,Micro,4.0,4,11.0,1,0,0.1442
S09125,Food,Chile,Falabella Retail,Event,Medium,0.0,3,4.0,2,0,0.144
S05850,Food,Chile,Sodimac,Self sign-up,Micro,1.0,4,4.0,4,0,0.144
S10496,Fashion,Chile,Falabella Retail,Self sign-up,Micro,2.0,2,8.0,7,0,0.1438
S16232,Home,Colombia,Marketplace direct,Referral,Small,3.0,2,6.0,0,0,0.1438
S08495,Beauty,Chile,Tottus,Referral,Small,1.0,2,5.0,0,0,0.1437
S01551,Fashion,Peru,Marketplace direct,Sales rep,Medium,1.0,0,6.0,1,0,0.1437
S17804,Home,Chile,Sodimac,Self sign-up,Micro,2.0,5,7.0,1,0,0.1436
S00569,Beauty,Colombia,Falabella Retail,Sales rep,Micro,0.0,2,2.0,1,0,0.1436
S15425,Fashion,Colombia,Sodimac,Self sign-up,Micro,0.0,5,4.0,3,0,0.1436
S06849,Food,Chile,Falabella Retail,Event,Micro,1.0,4,4.0,2,0,0.1436
S19829,Hardware,Colombia,Marketplace direct,Sales rep,Medium,4.0,0,6.0,0,1,0.1436
S02535,Beauty,Chile,Falabella Retail,Referral,Micro,6.0,5,12.0,0,0,0.1436
S16046,Fashion,Chile,Sodimac,Self sign-up,Small,12.0,0,2.0,1,1,0.1436
S17096,Home,Chile,Marketplace direct,Self sign-up,Micro,8.0,2,5.0,4,1,0.1436
S08805,Beauty,Colombia,Marketplace direct,Event,Micro,1.0,4,5.0,2,0,0.1433
S03680,Toys,Colombia,Falabella Retail,Sales rep,Small,0.0,5,5.0,0,0,0.1433
S18381,Electronics,Peru,Falabella Retail,Event,Micro,2.0,0,4.0,3,0,0.1433
S03286,Sports,Chile,Falabella Retail,Referral,Small,6.0,2,11.0,3,0,0.1433
S04878,Fashion,Colombia,Falabella Retail,Self sign-up,Small,5.0,2,6.0,1,0,0.1433
S03717,Hardware,Colombia,Sodimac,Self sign-up,Small,2.0,4,5.0,0,0,0.1432
S11006,Hardware,Colombia,Tottus,Event,Medium,10.0,4,11.0,2,1,0.1432
S15181,Hardware,Colombia,Marketplace direct,Self sign-up,Micro,2.0,5,6.0,3,0,0.1432
S13982,Hardware,Colombia,Marketplace direct,Sales rep,Small,0.0,5,7.0,1,0,0.1431
S05883,Food,Colombia,Falabella Retail,Sales rep,Small,3.0,5,9.0,0,0,0.143
S01897,Home,Colombia,Tottus,Self sign-up,Micro,2.0,4,4.0,2,0,0.143
S00999,Home,Chile,Marketplace direct,Event,Micro,1.0,5,6.0,0,0,0.1429
S01514,Hardware,Peru,Sodimac,Self sign-up,Micro,2.0,5,6.0,1,0,0.1429
S16410,Electronics,Chile,Tottus,Self sign-up,Micro,0.0,4,2.0,1,0,0.1428
S15017,Hardware,Colombia,Falabella Retail,Sales rep,Micro,0.0,3,2.0,0,0,0.1428
S18472,Hardware,Chile,Tottus,Event,Micro,1.0,4,4.0,0,0,0.1428
S11956,Toys,Chile,Sodimac,Self sign-up,Micro,2.0,5,5.0,1,0,0.1427
S13216,Food,Chile,Marketplace direct,Sales rep,Micro,2.0,2,3.0,0,0,0.1427
S11456,Home,Colombia,Falabella Retail,Event,Medium,3.0,0,6.0,2,0,0.1427
S01360,Sports,Chile,Marketplace direct,Sales rep,Small,22.0,2,13.0,2,1,0.1426
S00488,Beauty,Peru,Sodimac,Self sign-up,Micro,10.0,2,6.0,1,1,0.1426
S19036,Home,Peru,Sodimac,Sales rep,Micro,5.0,2,7.0,0,1,0.1426
S10387,Beauty,Peru,Falabella Retail,Self sign-up,Small,0.0,3,1.0,0,0,0.1426
S16681,Beauty,Peru,Falabella Retail,Self sign-up,Small,0.0,3,1.0,0,0,0.1426
S03379,Food,Peru,Falabella Retail,Self sign-up,Micro,2.0,4,2.0,1,0,0.1425
S16947,Fashion,Chile,Marketplace direct,Self sign-up,Small,0.0,5,5.0,1,0,0.1425
S06174,Fashion,Peru,Falabella Retail,Event,Small,0.0,5,6.0,0,0,0.1423
S02067,Food,Colombia,Falabella Retail,Event,Micro,1.0,4,1.0,0,0,0.1423
S11605,Electronics,Peru,Marketplace direct,Self sign-up,Micro,6.0,5,12.0,4,0,0.1422
S04712,Sports,Chile,Sodimac,Self sign-up,Micro,3.0,3,9.0,7,0,0.1422
S03708,Fashion,Colombia,Sodimac,Self sign-up,Small,1.0,1,3.0,3,0,0.1422
S18383,Beauty,Chile,Marketplace direct,Self sign-up,Small,0.0,3,2.0,1,0,0.1421
S15180,Fashion,Chile,Falabella Retail,Self sign-up,Micro,2.0,2,4.0,2,0,0.142
S08338,Fashion,Chile,Tottus,Sales rep,Small,4.0,0,7.0,0,0,0.142
S02557,Home,Colombia,Falabella Retail,Self sign-up,Small,0.0,2,2.0,4,0,0.1419
S04263,Hardware,Chile,Tottus,Self sign-up,Micro,6.0,0,5.0,5,0,0.1419
S13131,Hardware,Colombia,Falabella Retail,Self sign-up,Small,2.0,3,5.0,2,0,0.1419
S15447,Fashion,Colombia,Tottus,Self sign-up,Small,0.0,4,2.0,1,0,0.1419
S14967,Fashion,Peru,Sodimac,Event,Small,0.0,1,1.0,0,0,0.1419
S12001,Fashion,Chile,Marketplace direct,Self sign-up,Medium,1.0,0,4.0,3,0,0.1419
S16080,Home,Colombia,Sodimac,Event,Micro,1.0,0,2.0,4,0,0.1418
S04866,Home,Chile,Tottus,Self sign-up,Micro,4.0,1,6.0,2,1,0.1418
S10197,Sports,Colombia,Falabella Retail,Event,Micro,2.0,2,2.0,1,0,0.1416
S07698,Electronics,Colombia,Tottus,Self sign-up,Micro,4.0,2,5.0,3,0,0.1415
S00774,Electronics,Colombia,Falabella Retail,Self sign-up,Micro,0.0,4,3.0,3,0,0.1414
S19013,Sports,Chile,Sodimac,Self sign-up,Micro,9.0,1,6.0,1,1,0.1413
S04949,Sports,Chile,Tottus,Referral,Small,18.0,2,9.0,0,1,0.1413
S02069,Fashion,Chile,Tottus,Event,Small,8.0,3,6.0,0,1,0.1412
S01953,Food,Chile,Sodimac,Self sign-up,Small,1.0,5,5.0,1,0,0.1412
S19426,Hardware,Peru,Marketplace direct,Self sign-up,Small,1.0,3,4.0,2,0,0.1412
S12112,Toys,Chile,Sodimac,Self sign-up,Micro,1.0,4,4.0,3,0,0.1412
S02165,Home,Chile,Tottus,Self sign-up,Micro,0.0,4,1.0,1,0,0.1412
S02591,Hardware,Chile,Falabella Retail,Sales rep,Small,2.0,3,10.0,1,0,0.1411
S13397,Fashion,Colombia,Falabella Retail,Self sign-up,Micro,4.0,5,10.0,4,0,0.1411
S14800,Electronics,Colombia,Tottus,Self sign-up,Micro,0.0,5,2.0,1,0,0.1411
S03615,Sports,Peru,Falabella Retail,Self sign-up,Small,9.0,1,8.0,4,0,0.1409
S07321,Electronics,Peru,Falabella Retail,Self sign-up,Small,6.0,4,10.0,0,1,0.1409
S14741,Fashion,Chile,Sodimac,Self sign-up,Micro,7.0,1,8.0,4,0,0.1409
S09571,Sports,Chile,Marketplace direct,Self sign-up,Small,3.0,5,8.0,1,0,0.1409
S06878,Sports,Chile,Sodimac,Self sign-up,Small,0.0,4,2.0,0,0,0.1408
S08412,Sports,Chile,Marketplace direct,Self sign-up,Small,0.0,4,2.0,1,0,0.1407
S10137,Sports,Chile,Sodimac,Event,Micro,0.0,4,2.0,0,0,0.1407
S07363,Hardware,Colombia,Tottus,Self sign-up,Medium,5.0,0,6.0,4,0,0.1405
S17770,Hardware,Colombia,Marketplace direct,Sales rep,Micro,2.0,2,4.0,0,0,0.1404
S06332,Fashion,Peru,Marketplace direct,Event,Micro,2.0,4,6.0,0,0,0.1404
S01285,Food,Chile,Falabella Retail,Referral,Small,1.0,2,3.0,0,0,0.1404
S15745,Home,Chile,Falabella Retail,Event,Micro,9.0,4,6.0,0,1,0.1404
S02959,Food,Colombia,Tottus,Sales rep,Micro,0.0,2,1.0,4,0,0.1404
S05057,Beauty,Colombia,Sodimac,Self sign-up,Micro,1.0,4,4.0,2,0,0.1403
S16870,Food,Chile,Marketplace direct,Sales rep,Micro,23.0,1,8.0,1,1,0.14
S15134,Beauty,Peru,Marketplace direct,Self sign-up,Micro,0.0,5,3.0,2,0,0.14
S16218,Sports,Peru,Falabella Retail,Sales rep,Small,2.0,0,7.0,4,0,0.14
S18216,Sports,Chile,Marketplace direct,Referral,Micro,1.0,0,1.0,2,0,0.1399
S02736,Home,Chile,Falabella Retail,Sales rep,Micro,4.0,0,7.0,2,0,0.1398
S00073,Home,Chile,Falabella Retail,Self sign-up,Small,12.0,1,5.0,3,1,0.1398
S02224,Hardware,Chile,Sodimac,Event,Micro,3.0,0,3.0,1,0,0.1398
S03143,Electronics,Chile,Falabella Retail,Self sign-up,Micro,23.0,1,14.0,3,1,0.1397
S10213,Beauty,Peru,Tottus,Event,Small,13.0,1,8.0,0,1,0.1397
S18333,Food,Peru,Sodimac,Self sign-up,Small,10.0,5,11.0,2,0,0.1397
S02225,Home,Chile,Sodimac,Event,Micro,2.0,4,7.0,0,0,0.1397
S11902,Fashion,Colombia,Falabella Retail,Self sign-up,Small,6.0,2,10.0,2,1,0.1396
S02001,Fashion,Chile,Sodimac,Event,Micro,1.0,1,7.0,6,0,0.1396
S02420,Electronics,Peru,Tottus,Self sign-up,Micro,1.0,2,2.0,2,0,0.1394
S11522,Hardware,Colombia,Marketplace direct,Event,Micro,1.0,4,3.0,0,0,0.1392
S04946,Beauty,Chile,Sodimac,Self sign-up,Micro,11.0,4,11.0,0,1,0.1392
S07124,Home,Chile,Tottus,Event,Small,1.0,0,2.0,1,0,0.1392
S01367,Electronics,Chile,Falabella Retail,Self sign-up,Medium,7.0,5,13.0,1,1,0.1392
S17700,Toys,Colombia,Marketplace direct,Self sign-up,Small,3.0,3,4.0,2,0,0.1391
S13075,Hardware,Peru,Falabella Retail,Self sign-up,Micro,19.0,2,4.0,2,1,0.139
S00628,Beauty,Peru,Sodimac,Referral,Small,0.0,1,2.0,0,0,0.139
S03706,Home,Chile,Falabella Retail,Sales rep,Micro,0.0,4,7.0,2,0,0.139
S08762,Home,Peru,Sodimac,Self sign-up,Small,1.0,2,4.0,2,0,0.1389
S12049,Sports,Chile,Sodimac,Self sign-up,Small,3.0,1,6.0,4,0,0.1388
S09608,Food,Colombia,Sodimac,Sales rep,Small,5.0,1,8.0,3,0,0.1388
S02823,Food,Colombia,Falabella Retail,Self sign-up,Micro,19.0,1,8.0,9,1,0.1387
S18883,Beauty,Chile,Falabella Retail,Self sign-up,Micro,0.0,4,2.0,1,0,0.1387
S11960,Fashion,Colombia,Tottus,Self sign-up,Micro,0.0,4,1.0,2,0,0.1386
S04439,Home,Chile,Sodimac,Self sign-up,Micro,3.0,2,5.0,2,0,0.1386
S09288,Fashion,Chile,Falabella Retail,Sales rep,Micro,7.0,2,11.0,1,0,0.1386
S02977,Toys,Chile,Falabella Retail,Sales rep,Micro,0.0,3,2.0,0,0,0.1385
S18586,Electronics,Chile,Marketplace direct,Self sign-up,Medium,1.0,2,5.0,0,0,0.1383
S16755,Fashion,Chile,Marketplace direct,Event,Micro,4.0,0,4.0,1,1,0.1383
S15708,Home,Chile,Falabella Retail,Self sign-up,Micro,1.0,5,8.0,4,0,0.1381
S04818,Beauty,Chile,Marketplace direct,Event,Small,0.0,2,2.0,0,0,0.1381
S10309,Electronics,Chile,Marketplace direct,Referral,Micro,2.0,3,8.0,1,0,0.1381
S13371,Beauty,Chile,Tottus,Self sign-up,Small,12.0,4,16.0,6,0,0.1381
S14350,Electronics,Peru,Marketplace direct,Self sign-up,Small,3.0,2,5.0,0,0,0.1379
S09618,Beauty,Colombia,Marketplace direct,Self sign-up,Micro,1.0,5,3.0,0,0,0.1379
S17104,Electronics,Peru,Tottus,Event,Small,0.0,0,1.0,2,0,0.1379
S17471,Home,Chile,Sodimac,Sales rep,Micro,13.0,0,7.0,0,1,0.1379
S14265,Sports,Peru,Sodimac,Sales rep,Micro,3.0,0,4.0,1,0,0.1378
S06328,Fashion,Peru,Tottus,Sales rep,Micro,6.0,0,9.0,4,0,0.1378
S17517,Electronics,Peru,Marketplace direct,Event,Small,0.0,4,5.0,0,0,0.1378
S04992,Sports,Chile,Sodimac,Self sign-up,Medium,0.0,2,2.0,1,0,0.1378
S07704,Fashion,Chile,Tottus,Self sign-up,Micro,7.0,0,9.0,8,0,0.1378
S04941,Electronics,Peru,Falabella Retail,Referral,Micro,0.0,2,2.0,0,0,0.1377
S08133,Hardware,Chile,Sodimac,Self sign-up,Micro,3.0,2,3.0,0,0,0.1377
S12597,Fashion,Peru,Marketplace direct,Sales rep,Medium,3.0,4,14.0,1,0,0.1376
S05973,Food,Peru,Marketplace direct,Sales rep,Medium,2.0,4,9.0,0,0,0.1376
S10731,Electronics,Chile,Sodimac,Referral,Medium,0.0,0,4.0,0,0,0.1376
S00735,Sports,Peru,Marketplace direct,Self sign-up,Micro,9.0,5,16.0,10,0,0.1375
S01640,Toys,Colombia,Sodimac,Self sign-up,Micro,4.0,5,8.0,4,0,0.1374
S10365,Home,Chile,Tottus,Self sign-up,Micro,0.0,4,2.0,2,0,0.1374
S10616,Home,Colombia,Falabella Retail,Event,Micro,4.0,0,6.0,1,1,0.1374
S08001,Hardware,Colombia,Sodimac,Self sign-up,Small,6.0,0,3.0,1,1,0.1374
S18213,Home,Peru,Sodimac,Event,Micro,1.0,1,6.0,6,0,0.1372
S11401,Beauty,Chile,Falabella Retail,Event,Micro,17.0,1,11.0,2,1,0.1372
S09300,Toys,Chile,Falabella Retail,Sales rep,Micro,1.0,0,2.0,2,0,0.1372
S08868,Fashion,Chile,Tottus,Self sign-up,Small,5.0,2,7.0,1,0,0.1372
S11377,Home,Peru,Marketplace direct,Self sign-up,Micro,1.0,3,1.0,0,0,0.137
S03914,Fashion,Chile,Tottus,Referral,Small,1.0,3,7.0,0,0,0.137
S18310,Home,Chile,Tottus,Sales rep,Micro,1.0,3,9.0,4,0,0.1369
S07372,Beauty,Peru,Marketplace direct,Self sign-up,Micro,3.0,5,7.0,1,0,0.1369
S14448,Sports,Peru,Falabella Retail,Sales rep,Small,7.0,4,16.0,2,1,0.1369
S00565,Sports,Chile,Falabella Retail,Self sign-up,Small,0.0,5,4.0,1,0,0.1368
S02666,Hardware,Peru,Sodimac,Event,Micro,1.0,0,1.0,2,0,0.1368
S07473,Fashion,Chile,Sodimac,Sales rep,Medium,1.0,3,11.0,0,0,0.1368
S04676,Electronics,Chile,Sodimac,Referral,Micro,1.0,2,7.0,2,0,0.1367
S04966,Fashion,Chile,Falabella Retail,Event,Small,1.0,3,9.0,3,0,0.1367
S04519,Home,Colombia,Marketplace direct,Sales rep,Small,0.0,0,1.0,1,0,0.1367
S05148,Hardware,Colombia,Tottus,Event,Micro,1.0,2,1.0,1,0,0.1367
S03560,Toys,Chile,Marketplace direct,Self sign-up,Small,4.0,3,3.0,2,1,0.1366
S16629,Electronics,Colombia,Falabella Retail,Self sign-up,Small,9.0,5,14.0,0,1,0.1365
S00805,Electronics,Colombia,Falabella Retail,Self sign-up,Medium,2.0,4,9.0,1,0,0.1365
S19849,Toys,Chile,Marketplace direct,Event,Small,3.0,2,7.0,3,0,0.1364
S15380,Home,Chile,Marketplace direct,Self sign-up,Small,2.0,3,5.0,0,0,0.1364
S09017,Fashion,Colombia,Tottus,Self sign-up,Medium,2.0,2,5.0,1,0,0.1364
S10501,Electronics,Chile,Tottus,Self sign-up,Medium,1.0,3,7.0,1,0,0.1364
S12764,Fashion,Chile,Tottus,Self sign-up,Small,1.0,1,2.0,1,0,0.1364
S00405,Hardware,Colombia,Marketplace direct,Self sign-up,Medium,1.0,2,3.0,1,0,0.1363
S09828,Fashion,Peru,Sodimac,Event,Small,2.0,4,9.0,0,0,0.1363
S05336,Sports,Chile,Falabella Retail,Referral,Small,0.0,1,1.0,0,0,0.1362
S04145,Home,Peru,Sodimac,Sales rep,Micro,1.0,0,3.0,1,0,0.1362
S03695,Fashion,Peru,Falabella Retail,Self sign-up,Micro,1.0,3,2.0,0,0,0.1362
S19320,Home,Chile,Sodimac,Self sign-up,Micro,1.0,5,6.0,1,0,0.1361
S16672,Electronics,Chile,Falabella Retail,Event,Micro,3.0,2,7.0,1,0,0.1361
S18564,Beauty,Chile,Sodimac,Self sign-up,Micro,1.0,4,4.0,0,0,0.136
S02516,Electronics,Peru,Falabella Retail,Self sign-up,Small,1.0,0,3.0,3,0,0.136
S07706,Home,Peru,Tottus,Self sign-up,Micro,26.0,1,5.0,3,1,0.1359
S09685,Electronics,Chile,Tottus,Event,Medium,7.0,4,15.0,1,0,0.1359
S07519,Electronics,Colombia,Marketplace direct,Self sign-up,Small,1.0,5,6.0,0,0,0.1359
S05751,Fashion,Chile,Falabella Retail,Sales rep,Small,4.0,1,11.0,2,0,0.1359
S02936,Home,Chile,Falabella Retail,Self sign-up,Small,2.0,5,9.0,1,0,0.1358
S05938,Sports,Colombia,Sodimac,Self sign-up,Micro,2.0,2,2.0,0,1,0.1358
S18390,Electronics,Colombia,Tottus,Self sign-up,Micro,13.0,4,5.0,0,1,0.1357
S17549,Home,Chile,Falabella Retail,Self sign-up,Medium,0.0,2,3.0,1,0,0.1357
S14970,Toys,Colombia,Sodimac,Event,Small,0.0,4,2.0,0,0,0.1357
S07033,Electronics,Colombia,Falabella Retail,Self sign-up,Micro,2.0,3,4.0,1,0,0.1357
S11652,Beauty,Peru,Falabella Retail,Self sign-up,Micro,0.0,3,1.0,2,0,0.1356
S18787,Electronics,Chile,Tottus,Self sign-up,Micro,2.0,2,5.0,3,0,0.1356
S07957,Home,Chile,Sodimac,Self sign-up,Micro,1.0,2,2.0,1,0,0.1355
S00325,Sports,Colombia,Falabella Retail,Self sign-up,Micro,5.0,4,6.0,0,1,0.1355
S15911,Sports,Colombia,Falabella Retail,Self sign-up,Small,6.0,1,3.0,0,0,0.1354
S08711,Electronics,Chile,Falabella Retail,Referral,Small,1.0,0,6.0,2,0,0.1354
S12896,Home,Chile,Marketplace direct,Sales rep,Micro,3.0,0,6.0,2,0,0.1354
S14904,Fashion,Chile,Falabella Retail,Sales rep,Micro,0.0,1,2.0,0,0,0.1354
S01592,Food,Chile,Tottus,Self sign-up,Small,3.0,5,9.0,4,0,0.1352
S15460,Sports,Peru,Sodimac,Self sign-up,Small,2.0,3,4.0,0,0,0.1352
S19842,Food,Colombia,Marketplace direct,Self sign-up,Micro,12.0,4,3.0,3,1,0.1351
S17849,Beauty,Peru,Falabella Retail,Self sign-up,Micro,3.0,1,3.0,2,0,0.1351
S09434,Toys,Peru,Falabella Retail,Referral,Micro,2.0,1,3.0,2,0,0.135
S18992,Beauty,Chile,Falabella Retail,Self sign-up,Small,0.0,3,2.0,0,0,0.135
S01017,Hardware,Colombia,Falabella Retail,Self sign-up,Small,1.0,2,1.0,0,0,0.1349
S07479,Hardware,Chile,Falabella Retail,Self sign-up,Micro,5.0,5,9.0,1,0,0.1349
S03855,Home,Chile,Marketplace direct,Event,Micro,9.0,4,15.0,5,1,0.1348
S14582,Fashion,Chile,Sodimac,Referral,Micro,1.0,0,3.0,1,0,0.1348
S09538,Sports,Chile,Sodimac,Self sign-up,Micro,2.0,5,7.0,2,0,0.1347
S13741,Beauty,Chile,Marketplace direct,Event,Small,2.0,0,4.0,1,0,0.1347
S12914,Electronics,Colombia,Falabella Retail,Self sign-up,Micro,2.0,1,3.0,3,0,0.1346
S08535,Home,Chile,Sodimac,Self sign-up,Micro,4.0,4,7.0,0,0,0.1346
S03185,Electronics,Chile,Tottus,Event,Micro,2.0,5,7.0,0,1,0.1345
S14261,Sports,Colombia,Sodimac,Referral,Small,3.0,3,9.0,2,0,0.1345
S13422,Food,Chile,Sodimac,Self sign-up,Micro,3.0,3,3.0,1,0,0.1345
S15434,Home,Peru,Falabella Retail,Self sign-up,Medium,2.0,4,8.0,0,0,0.1345
S02333,Electronics,Peru,Falabella Retail,Sales rep,Micro,5.0,3,14.0,4,0,0.1344
S19277,Fashion,Peru,Sodimac,Sales rep,Micro,9.0,0,9.0,1,0,0.1343
S03419,Hardware,Peru,Sodimac,Event,Micro,6.0,3,9.0,1,1,0.1343
S19557,Hardware,Chile,Falabella Retail,Self sign-up,Medium,1.0,2,5.0,1,0,0.1342
S11287,Food,Chile,Falabella Retail,Sales rep,Micro,5.0,0,2.0,3,1,0.1342
S10216,Sports,Chile,Marketplace direct,Self sign-up,Micro,4.0,3,5.0,2,1,0.1342
S14096,Hardware,Chile,Marketplace direct,Self sign-up,Micro,1.0,3,3.0,2,0,0.1342
S00713,Hardware,Peru,Sodimac,Sales rep,Micro,0.0,0,2.0,3,0,0.1342
S13832,Fashion,Chile,Sodimac,Self sign-up,Micro,5.0,1,9.0,6,0,0.1341
S08676,Toys,Colombia,Marketplace direct,Self sign-up,Medium,2.0,3,5.0,2,0,0.1341
S17263,Beauty,Chile,Sodimac,Self sign-up,Micro,1.0,0,2.0,4,0,0.134
S00420,Sports,Peru,Falabella Retail,Self sign-up,Small,1.0,2,1.0,0,0,0.134
S07242,Sports,Chile,Sodimac,Sales rep,Small,4.0,0,10.0,4,0,0.134
S13902,Sports,Peru,Falabella Retail,Event,Small,1.0,5,7.0,0,0,0.134
S17366,Hardware,Peru,Sodimac,Self sign-up,Micro,2.0,4,10.0,7,0,0.134
S05919,Home,Chile,Tottus,Referral,Micro,0.0,3,4.0,2,0,0.1338
S17372,Toys,Chile,Falabella Retail,Self sign-up,Small,12.0,0,6.0,3,1,0.1337
S15454,Home,Chile,Sodimac,Self sign-up,Micro,9.0,0,13.0,11,0,0.1336
S11121,Beauty,Colombia,Sodimac,Self sign-up,Micro,0.0,4,2.0,2,0,0.1336
S12232,Home,Chile,Falabella Retail,Sales rep,Small,4.0,1,9.0,0,0,0.1334
S05787,Hardware,Chile,Falabella Retail,Self sign-up,Small,2.0,0,2.0,1,0,0.1334
S09746,Sports,Colombia,Marketplace direct,Self sign-up,Medium,0.0,5,4.0,1,0,0.1333
S19143,Toys,Colombia,Sodimac,Sales rep,Micro,0.0,3,2.0,1,0,0.1333
S06417,Home,Chile,Tottus,Self sign-up,Micro,5.0,2,8.0,5,0,0.1333
S12489,Home,Chile,Falabella Retail,Self sign-up,Micro,16.0,3,13.0,5,1,0.1332
S19730,Sports,Colombia,Marketplace direct,Self sign-up,Small,0.0,1,1.0,6,0,0.1332
S05427,Hardware,Chile,Falabella Retail,Self sign-up,Small,0.0,2,1.0,1,0,0.1332
S10380,Sports,Chile,Falabella Retail,Sales rep,Small,0.0,0,1.0,0,0,0.1332
S00001,Fashion,Colombia,Falabella Retail,Referral,Micro,0.0,3,3.0,1,0,0.1331
S04294,Hardware,Peru,Tottus,Self sign-up,Medium,4.0,5,10.0,0,0,0.1331
S03583,Toys,Chile,Sodimac,Self sign-up,Small,2.0,0,4.0,5,0,0.1331
S16880,Home,Chile,Marketplace direct,Event,Small,8.0,0,5.0,1,1,0.1331
S15678,Toys,Peru,Marketplace direct,Self sign-up,Medium,3.0,3,6.0,1,0,0.1331
S00266,Home,Chile,Marketplace direct,Self sign-up,Micro,0.0,5,3.0,1,0,0.133
S17014,Hardware,Peru,Marketplace direct,Sales rep,Micro,14.0,1,12.0,2,1,0.133
S00138,Toys,Peru,Falabella Retail,Self sign-up,Medium,5.0,4,10.0,2,0,0.133
S01354,Hardware,Chile,Tottus,Self sign-up,Micro,0.0,4,1.0,1,0,0.1329
S17872,Home,Peru,Falabella Retail,Event,Small,13.0,2,19.0,10,0,0.1329
S00965,Fashion,Peru,Sodimac,Self sign-up,Small,1.0,5,8.0,1,0,0.1328
S14402,Hardware,Chile,Tottus,Self sign-up,Micro,1.0,3,2.0,1,0,0.1327
S05347,Toys,Colombia,Tottus,Self sign-up,Micro,4.0,4,5.0,3,0,0.1326
S13106,Hardware,Chile,Tottus,Event,Micro,2.0,2,4.0,1,0,0.1325
S02315,Home,Chile,Falabella Retail,Sales rep,Micro,0.0,2,3.0,0,0,0.1325
S17957,Food,Colombia,Marketplace direct,Self sign-up,Small,1.0,5,4.0,2,0,0.1325
S06120,Electronics,Colombia,Falabella Retail,Self sign-up,Medium,0.0,2,2.0,0,0,0.1325
S05825,Electronics,Chile,Falabella Retail,Referral,Small,0.0,0,3.0,1,0,0.1324
S10057,Fashion,Peru,Falabella Retail,Self sign-up,Small,18.0,0,4.0,2,1,0.1324
S08993,Fashion,Peru,Sodimac,Self sign-up,Small,1.0,2,4.0,1,0,0.1322
S11820,Toys,Peru,Sodimac,Self sign-up,Micro,1.0,4,3.0,2,0,0.1322
S19807,Sports,Colombia,Falabella Retail,Sales rep,Micro,16.0,1,4.0,1,1,0.1322
S19684,Fashion,Colombia,Falabella Retail,Self sign-up,Micro,15.0,0,15.0,13,0,0.1321
S00919,Beauty,Chile,Sodimac,Sales rep,Small,1.0,3,10.0,1,0,0.1321
S01361,Fashion,Colombia,Sodimac,Self sign-up,Micro,1.0,0,1.0,4,0,0.1321
S13903,Fashion,Chile,Marketplace direct,Self sign-up,Medium,3.0,0,6.0,2,0,0.1321
S00242,Home,Chile,Falabella Retail,Event,Medium,0.0,1,3.0,0,0,0.1319
S05439,Electronics,Peru,Falabella Retail,Self sign-up,Micro,4.0,2,7.0,3,0,0.1319
S04620,Home,Chile,Sodimac,Self sign-up,Small,1.0,1,2.0,0,0,0.1318
S15723,Toys,Colombia,Marketplace direct,Self sign-up,Small,2.0,0,1.0,4,0,0.1318
S12559,Home,Peru,Tottus,Self sign-up,Micro,0.0,5,3.0,2,0,0.1317
S11092,Sports,Peru,Marketplace direct,Self sign-up,Small,0.0,4,1.0,0,0,0.1317
S15256,Toys,Peru,Falabella Retail,Self sign-up,Small,3.0,3,4.0,0,0,0.1317
S06904,Fashion,Chile,Falabella Retail,Sales rep,Small,6.0,0,11.0,2,0,0.1317
S12368,Beauty,Colombia,Falabella Retail,Sales rep,Micro,19.0,0,6.0,1,1,0.1317
S06664,Home,Chile,Tottus,Self sign-up,Micro,6.0,5,11.0,3,0,0.1316
S19089,Fashion,Peru,Tottus,Event,Micro,2.0,4,7.0,1,0,0.1316
S04970,Sports,Chile,Falabella Retail,Self sign-up,Micro,4.0,4,8.0,3,0,0.1315
S15197,Electronics,Peru,Falabella Retail,Self sign-up,Micro,9.0,2,10.0,2,1,0.1315
S05460,Sports,Chile,Marketplace direct,Self sign-up,Micro,1.0,4,2.0,0,0,0.1314
S04997,Fashion,Peru,Tottus,Referral,Micro,0.0,2,1.0,0,0,0.1314
S18877,Electronics,Colombia,Falabella Retail,Self sign-up,Small,0.0,5,6.0,2,0,0.1314
S11654,Home,Colombia,Falabella Retail,Sales rep,Micro,1.0,5,8.0,0,0,0.1312
S12200,Hardware,Peru,Sodimac,Event,Micro,1.0,5,8.0,2,0,0.1312
S11018,Electronics,Peru,Marketplace direct,Event,Micro,1.0,2,3.0,0,0,0.1312
S14646,Home,Chile,Falabella Retail,Event,Micro,20.0,5,12.0,0,1,0.1312
S19130,Fashion,Colombia,Falabella Retail,Self sign-up,Small,3.0,0,5.0,4,0,0.1312
S01156,Electronics,Chile,Marketplace direct,Sales rep,Small,0.0,3,7.0,0,0,0.1311
S11419,Food,Chile,Falabella Retail,Self sign-up,Small,0.0,5,2.0,0,0,0.1311
S10181,Beauty,Chile,Falabella Retail,Sales rep,Small,5.0,0,11.0,3,0,0.1311
S14289,Fashion,Colombia,Marketplace direct,Self sign-up,Medium,1.0,1,2.0,0,0,0.131
S09887,Toys,Chile,Sodimac,Self sign-up,Micro,1.0,2,1.0,2,0,0.131
S02020,Sports,Chile,Marketplace direct,Referral,Small,2.0,3,8.0,1,0,0.1309
S15355,Fashion,Chile,Tottus,Self sign-up,Medium,4.0,1,8.0,2,1,0.1309
S03881,Food,Chile,Falabella Retail,Self sign-up,Micro,1.0,5,4.0,2,0,0.1309
S07127,Fashion,Chile,Falabella Retail,Referral,Small,1.0,0,4.0,0,0,0.1309
S16078,Electronics,Chile,Falabella Retail,Self sign-up,Micro,10.0,5,16.0,5,0,0.1308
S04300,Fashion,Peru,Falabella Retail,Sales rep,Small,4.0,5,16.0,2,0,0.1308
S16977,Toys,Chile,Falabella Retail,Self sign-up,Micro,1.0,3,2.0,2,0,0.1308
S16695,Fashion,Peru,Falabella Retail,Self sign-up,Small,3.0,0,5.0,3,0,0.1308
S12372,Electronics,Chile,Tottus,Referral,Micro,4.0,4,12.0,2,0,0.1306
S07838,Toys,Chile,Falabella Retail,Event,Micro,5.0,5,12.0,4,0,0.1306
S12021,Fashion,Colombia,Marketplace direct,Self sign-up,Small,0.0,4,2.0,0,0,0.1306
S08343,Fashion,Peru,Tottus,Self sign-up,Micro,0.0,5,6.0,5,0,0.1306
S16764,Food,Peru,Falabella Retail,Sales rep,Small,1.0,0,3.0,2,0,0.1305
S02962,Electronics,Chile,Falabella Retail,Referral,Medium,1.0,3,12.0,2,0,0.1305
S13134,Electronics,Peru,Falabella Retail,Self sign-up,Micro,0.0,3,3.0,3,0,0.1305
S19904,Beauty,Chile,Sodimac,Event,Medium,16.0,1,12.0,1,1,0.1304
S03856,Hardware,Chile,Marketplace direct,Event,Micro,2.0,2,6.0,3,0,0.1304
S11851,Home,Chile,Marketplace direct,Sales rep,Micro,2.0,1,5.0,0,0,0.1302
S16081,Sports,Chile,Marketplace direct,Self sign-up,Medium,1.0,1,5.0,4,0,0.1302
S00951,Home,Colombia,Marketplace direct,Self sign-up,Small,1.0,2,2.0,1,0,0.1301
S03404,Hardware,Chile,Marketplace direct,Referral,Small,2.0,2,10.0,4,0,0.1301
S06169,Sports,Peru,Marketplace direct,Self sign-up,Small,21.0,3,8.0,1,1,0.1301
S03963,Home,Colombia,Sodimac,Self sign-up,Micro,5.0,2,7.0,4,0,0.13
S19961,Home,Peru,Marketplace direct,Self sign-up,Micro,0.0,4,2.0,2,0,0.13
S01540,Hardware,Peru,Falabella Retail,Referral,Micro,1.0,0,3.0,3,0,0.13
S03249,Fashion,Colombia,Sodimac,Event,Micro,1.0,4,6.0,1,0,0.1299
S06225,Electronics,Chile,Sodimac,Self sign-up,Small,2.0,1,7.0,3,0,0.1298
S06563,Food,Chile,Tottus,Referral,Micro,0.0,4,2.0,1,0,0.1298
S00065,Beauty,Peru,Sodimac,Self sign-up,Small,2.0,1,3.0,0,0,0.1298
S15491,Electronics,Chile,Tottus,Self sign-up,Medium,3.0,5,14.0,3,0,0.1295
S18664,Fashion,Peru,Falabella Retail,Self sign-up,Micro,1.0,2,1.0,0,0,0.1294
S18501,Hardware,Colombia,Falabella Retail,Sales rep,Small,2.0,2,7.0,0,0,0.1293
S05182,Electronics,Chile,Falabella Retail,Event,Micro,5.0,1,9.0,3,0,0.1293
S11103,Sports,Chile,Marketplace direct,Self sign-up,Small,3.0,2,7.0,4,0,0.1293
S17465,Beauty,Chile,Sodimac,Referral,Micro,2.0,2,7.0,1,0,0.1293
S09941,Home,Chile,Marketplace direct,Referral,Micro,1.0,3,6.0,1,0,0.1293
S18922,Hardware,Colombia,Falabella Retail,Self sign-up,Micro,1.0,4,2.0,0,0,0.1293
S01557,Fashion,Chile,Falabella Retail,Self sign-up,Micro,13.0,2,4.0,1,1,0.1292
S15847,Home,Chile,Marketplace direct,Sales rep,Small,0.0,0,2.0,0,0,0.129
S19763,Hardware,Colombia,Sodimac,Self sign-up,Small,1.0,3,3.0,0,0,0.129
S11472,Electronics,Chile,Falabella Retail,Self sign-up,Medium,8.0,2,11.0,0,0,0.129
S03906,Hardware,Colombia,Tottus,Self sign-up,Small,5.0,2,10.0,7,0,0.1289
S19043,Fashion,Chile,Marketplace direct,Referral,Small,2.0,0,5.0,0,0,0.1289
S04454,Beauty,Peru,Falabella Retail,Referral,Micro,0.0,1,1.0,1,0,0.1289
S03616,Fashion,Chile,Falabella Retail,Self sign-up,Medium,0.0,3,6.0,2,0,0.1288
S05473,Home,Chile,Sodimac,Referral,Micro,2.0,0,5.0,2,0,0.1288
S12980,Home,Chile,Sodimac,Self sign-up,Micro,2.0,1,4.0,3,0,0.1288
S10737,Fashion,Peru,Falabella Retail,Sales rep,Micro,0.0,0,2.0,2,0,0.1288
S17741,Toys,Chile,Marketplace direct,Self sign-up,Small,3.0,5,7.0,0,0,0.1287
S05824,Fashion,Chile,Marketplace direct,Self sign-up,Small,0.0,3,3.0,1,0,0.1287
S08771,Food,Colombia,Falabella Retail,Self sign-up,Medium,3.0,0,2.0,2,0,0.1287
S09868,Home,Colombia,Tottus,Self sign-up,Micro,25.0,4,5.0,0,1,0.1287
S05984,Sports,Chile,Tottus,Sales rep,Small,1.0,1,5.0,1,0,0.1287
S07301,Sports,Peru,Marketplace direct,Self sign-up,Medium,1.0,1,2.0,1,0,0.1286
S10433,Fashion,Chile,Falabella Retail,Sales rep,Micro,0.0,0,1.0,0,0,0.1286
S05741,Sports,Chile,Marketplace direct,Self sign-up,Small,8.0,4,10.0,1,0,0.1286
S01460,Toys,Chile,Marketplace direct,Self sign-up,Small,0.0,4,1.0,0,0,0.1286
S15883,Hardware,Colombia,Sodimac,Self sign-up,Micro,5.0,1,4.0,1,1,0.1286
S16985,Fashion,Colombia,Falabella Retail,Self sign-up,Small,8.0,1,4.0,0,1,0.1285
S05386,Electronics,Peru,Marketplace direct,Referral,Micro,0.0,2,2.0,0,0,0.1285
S05408,Home,Colombia,Marketplace direct,Self sign-up,Medium,6.0,3,11.0,3,0,0.1285
S12193,Fashion,Chile,Falabella Retail,Event,Micro,0.0,4,4.0,0,0,0.1285
S18252,Beauty,Peru,Tottus,Sales rep,Micro,1.0,1,3.0,0,0,0.1285
S02016,Home,Chile,Marketplace direct,Sales rep,Small,1.0,0,6.0,2,0,0.1284
S12003,Food,Colombia,Falabella Retail,Self sign-up,Micro,1.0,4,3.0,4,0,0.1283
S17015,Electronics,Colombia,Falabella Retail,Referral,Small,0.0,3,5.0,0,0,0.1283
S17002,Home,Colombia,Falabella Retail,Self sign-up,Micro,4.0,4,8.0,3,0,0.1282
S01218,Sports,Colombia,Falabella Retail,Event,Micro,2.0,4,7.0,3,0,0.1281
S16011,Fashion,Chile,Sodimac,Self sign-up,Micro,1.0,0,1.0,2,0,0.1281
S15814,Electronics,Peru,Falabella Retail,Self sign-up,Micro,0.0,5,5.0,2,0,0.128
S19428,Fashion,Peru,Falabella Retail,Event,Small,5.0,2,11.0,1,1,0.128
S00446,Food,Chile,Marketplace direct,Self sign-up,Micro,1.0,3,1.0,2,0,0.1279
S08622,Home,Chile,Tottus,Self sign-up,Micro,1.0,4,4.0,1,0,0.1279
S17972,Home,Chile,Tottus,Self sign-up,Medium,0.0,4,7.0,3,0,0.1278
S14048,Fashion,Chile,Falabella Retail,Event,Small,1.0,3,7.0,0,0,0.1278
S08205,Fashion,Chile,Falabella Retail,Self sign-up,Small,2.0,0,4.0,2,0,0.1278
S13598,Fashion,Peru,Tottus,Self sign-up,Small,1.0,5,8.0,2,0,0.1278
S19622,Hardware,Chile,Falabella Retail,Self sign-up,Medium,0.0,2,3.0,1,0,0.1278
S01088,Fashion,Colombia,Tottus,Self sign-up,Small,7.0,3,2.0,1,1,0.1277
S02312,Fashion,Peru,Tottus,Self sign-up,Micro,2.0,2,5.0,4,0,0.1277
S02880,Home,Chile,Falabella Retail,Self sign-up,Micro,1.0,0,1.0,3,0,0.1276
S01937,Beauty,Chile,Tottus,Self sign-up,Micro,0.0,5,4.0,2,0,0.1276
S05235,Sports,Colombia,Marketplace direct,Event,Small,3.0,2,6.0,2,0,0.1275
S02285,Electronics,Chile,Marketplace direct,Sales rep,Micro,0.0,0,2.0,1,0,0.1275
S07650,Hardware,Chile,Falabella Retail,Sales rep,Small,2.0,1,8.0,1,0,0.1274
S14950,Toys,Peru,Falabella Retail,Referral,Micro,13.0,4,14.0,4,1,0.1274
S14957,Home,Chile,Marketplace direct,Self sign-up,Small,7.0,0,8.0,4,0,0.1274
S18525,Fashion,Colombia,Marketplace direct,Referral,Micro,2.0,2,6.0,2,0,0.1273
S10739,Fashion,Chile,Marketplace direct,Self sign-up,Micro,26.0,1,3.0,0,1,0.1273
S16197,Home,Colombia,Tottus,Referral,Micro,4.0,1,4.0,0,0,0.1273
S03875,Fashion,Colombia,Marketplace direct,Sales rep,Small,5.0,0,8.0,1,0,0.1272
S18675,Electronics,Chile,Sodimac,Self sign-up,Micro,5.0,3,11.0,4,0,0.1272
S16783,Electronics,Chile,Marketplace direct,Self sign-up,Micro,8.0,5,8.0,0,1,0.1272
S03227,Home,Chile,Falabella Retail,Self sign-up,Micro,7.0,2,11.0,4,1,0.1271
S02287,Toys,Chile,Marketplace direct,Self sign-up,Small,22.0,1,6.0,5,1,0.1271
S15277,Hardware,Chile,Falabella Retail,Sales rep,Micro,4.0,0,7.0,2,1,0.1271
S06479,Fashion,Colombia,Falabella Retail,Event,Micro,2.0,3,5.0,0,0,0.1271
S12054,Food,Chile,Falabella Retail,Referral,Micro,0.0,2,1.0,2,0,0.1271
S01228,Food,Chile,Marketplace direct,Self sign-up,Micro,4.0,5,6.0,1,0,0.127
S02682,Electronics,Chile,Falabella Retail,Self sign-up,Small,2.0,0,3.0,0,0,0.127
S05202,Home,Peru,Marketplace direct,Referral,Micro,0.0,2,1.0,0,0,0.127
S19714,Electronics,Peru,Falabella Retail,Self sign-up,Small,0.0,2,3.0,2,0,0.1269
S10429,Sports,Chile,Marketplace direct,Self sign-up,Small,1.0,1,1.0,1,0,0.1269
S07883,Sports,Chile,Sodimac,Self sign-up,Micro,6.0,4,13.0,7,0,0.1268
S00217,Electronics,Peru,Falabella Retail,Self sign-up,Micro,0.0,3,2.0,1,1,0.1268
S04022,Home,Peru,Sodimac,Self sign-up,Medium,0.0,2,4.0,2,0,0.1268
S14419,Home,Peru,Tottus,Referral,Micro,3.0,0,6.0,4,0,0.1268
S12412,Food,Colombia,Sodimac,Event,Small,18.0,4,6.0,0,1,0.1268
S04699,Toys,Peru,Sodimac,Self sign-up,Medium,1.0,3,4.0,0,0,0.1267
S10422,Fashion,Colombia,Marketplace direct,Sales rep,Small,0.0,0,2.0,1,0,0.1267
S14932,Hardware,Chile,Tottus,Self sign-up,Micro,2.0,5,8.0,3,0,0.1266
S10785,Hardware,Colombia,Marketplace direct,Self sign-up,Medium,1.0,4,7.0,2,0,0.1266
S04535,Electronics,Chile,Falabella Retail,Sales rep,Micro,3.0,0,8.0,2,0,0.1266
S10959,Food,Peru,Tottus,Sales rep,Small,3.0,0,4.0,1,0,0.1265
S11530,Beauty,Peru,Sodimac,Self sign-up,Medium,1.0,0,3.0,1,0,0.1265
S11659,Food,Chile,Marketplace direct,Event,Small,6.0,1,9.0,5,0,0.1265
S08456,Food,Colombia,Marketplace direct,Sales rep,Small,8.0,2,10.0,1,1,0.1265
S00629,Hardware,Colombia,Sodimac,Self sign-up,Small,2.0,5,8.0,1,0,0.1265
S11527,Toys,Peru,Sodimac,Event,Micro,2.0,4,5.0,0,0,0.1264
S12697,Toys,Peru,Falabella Retail,Referral,Medium,5.0,2,10.0,1,0,0.1263
S13425,Fashion,Colombia,Falabella Retail,Sales rep,Micro,3.0,0,6.0,2,0,0.1262
S14064,Fashion,Chile,Falabella Retail,Self sign-up,Micro,13.0,1,2.0,0,1,0.1262
S01138,Electronics,Chile,Tottus,Self sign-up,Micro,5.0,2,7.0,2,0,0.1261
S01797,Home,Peru,Falabella Retail,Sales rep,Small,3.0,1,8.0,0,0,0.1261
S19429,Food,Chile,Marketplace direct,Self sign-up,Small,37.0,2,5.0,0,1,0.1261
S15130,Toys,Chile,Tottus,Event,Small,8.0,4,13.0,2,1,0.126
S03318,Electronics,Chile,Falabella Retail,Self sign-up,Micro,6.0,4,6.0,0,1,0.126
S11861,Food,Peru,Marketplace direct,Referral,Micro,1.0,3,2.0,0,0,0.126
S01578,Food,Peru,Falabella Retail,Self sign-up,Micro,2.0,0,4.0,9,0,0.126
S06118,Hardware,Peru,Tottus,Event,Small,3.0,3,8.0,1,0,0.1259
S00218,Food,Colombia,Marketplace direct,Event,Small,4.0,2,7.0,4,0,0.1259
S15449,Home,Peru,Marketplace direct,Self sign-up,Small,1.0,3,6.0,3,0,0.1259
S06956,Home,Colombia,Sodimac,Event,Micro,0.0,1,1.0,3,0,0.1258
S02799,Toys,Chile,Sodimac,Sales rep,Micro,5.0,0,5.0,0,0,0.1258
S19625,Electronics,Peru,Marketplace direct,Event,Medium,2.0,1,7.0,0,0,0.1258
S18592,Fashion,Chile,Sodimac,Self sign-up,Micro,0.0,3,2.0,1,0,0.1258
S09395,Sports,Colombia,Sodimac,Self sign-up,Small,2.0,1,1.0,0,0,0.1258
S18705,Fashion,Chile,Sodimac,Self sign-up,Medium,1.0,0,4.0,1,0,0.1258
S08311,Home,Peru,Falabella Retail,Self sign-up,Small,1.0,4,7.0,2,0,0.1258
S03096,Electronics,Colombia,Falabella Retail,Self sign-up,Small,5.0,3,8.0,0,0,0.1258
S05220,Electronics,Peru,Falabella Retail,Self sign-up,Micro,24.0,0,9.0,2,1,0.1256
S11614,Hardware,Chile,Tottus,Self sign-up,Small,2.0,2,6.0,3,0,0.1256
S09270,Electronics,Colombia,Falabella Retail,Self sign-up,Small,5.0,1,1.0,0,1,0.1256
S13504,Electronics,Colombia,Falabella Retail,Self sign-up,Micro,1.0,2,1.0,0,0,0.1255
S13933,Fashion,Chile,Falabella Retail,Self sign-up,Micro,1.0,0,3.0,0,1,0.1254
S16139,Food,Chile,Sodimac,Self sign-up,Micro,24.0,3,9.0,3,1,0.1253
S17853,Home,Peru,Tottus,Self sign-up,Micro,3.0,1,1.0,0,0,0.1251
S15384,Electronics,Colombia,Tottus,Self sign-up,Micro,2.0,3,3.0,0,0,0.1251
S13269,Toys,Chile,Marketplace direct,Event,Medium,7.0,2,10.0,1,0,0.1251
S07941,Fashion,Chile,Falabella Retail,Self sign-up,Small,0.0,4,5.0,1,0,0.1251
S06299,Food,Chile,Falabella Retail,Sales rep,Micro,0.0,3,2.0,0,0,0.1251
S08925,Fashion,Chile,Marketplace direct,Referral,Micro,1.0,2,7.0,3,0,0.1251
S01602,Sports,Colombia,Sodimac,Self sign-up,Micro,5.0,1,3.0,1,1,0.125
S19112,Sports,Peru,Marketplace direct,Self sign-up,Micro,1.0,3,2.0,2,0,0.125
S19784,Electronics,Colombia,Falabella Retail,Self sign-up,Small,2.0,2,6.0,2,0,0.125
S09982,Food,Chile,Sodimac,Referral,Micro,2.0,1,3.0,1,0,0.125
S13961,Home,Chile,Marketplace direct,Self sign-up,Small,0.0,2,3.0,3,0,0.125
S05234,Toys,Chile,Marketplace direct,Self sign-up,Micro,1.0,4,4.0,3,0,0.125
S17140,Hardware,Chile,Sodimac,Sales rep,Micro,0.0,1,2.0,0,0,0.1249
S18736,Home,Chile,Tottus,Self sign-up,Micro,1.0,3,2.0,0,0,0.1248
S19271,Electronics,Chile,Falabella Retail,Self sign-up,Micro,4.0,2,8.0,3,0,0.1248
S09787,Fashion,Peru,Falabella Retail,Self sign-up,Small,0.0,1,2.0,3,0,0.1247
S18670,Food,Chile,Falabella Retail,Sales rep,Small,6.0,3,13.0,3,0,0.1247
S10744,Toys,Chile,Falabella Retail,Sales rep,Micro,0.0,2,3.0,2,0,0.1246
S09611,Sports,Chile,Marketplace direct,Self sign-up,Small,0.0,4,2.0,0,0,0.1246
S18221,Toys,Peru,Tottus,Self sign-up,Medium,0.0,2,1.0,2,0,0.1245
S11288,Fashion,Peru,Falabella Retail,Referral,Micro,4.0,1,3.0,1,1,0.1244
S06755,Electronics,Colombia,Marketplace direct,Sales rep,Micro,4.0,3,11.0,2,0,0.1244
S07300,Fashion,Chile,Sodimac,Self sign-up,Micro,4.0,3,11.0,1,1,0.1244
S17977,Food,Chile,Sodimac,Self sign-up,Micro,3.0,2,3.0,2,0,0.1244
S16271,Food,Peru,Falabella Retail,Sales rep,Micro,9.0,4,7.0,1,1,0.1244
S18215,Hardware,Chile,Sodimac,Referral,Micro,0.0,2,3.0,1,0,0.1244
S04142,Electronics,Colombia,Falabella Retail,Self sign-up,Micro,10.0,4,7.0,1,1,0.1243
S08522,Food,Chile,Falabella Retail,Event,Small,4.0,1,6.0,2,0,0.1243
S07980,Fashion,Chile,Tottus,Self sign-up,Micro,0.0,3,1.0,1,0,0.1243
S04029,Hardware,Chile,Sodimac,Self sign-up,Small,0.0,2,1.0,0,0,0.1243
S15019,Fashion,Colombia,Falabella Retail,Self sign-up,Micro,43.0,0,10.0,5,1,0.1242
S02654,Fashion,Colombia,Falabella Retail,Event,Micro,3.0,0,7.0,6,0,0.1241
S04122,Hardware,Chile,Sodimac,Referral,Micro,17.0,0,9.0,0,1,0.1241
S06620,Hardware,Chile,Sodimac,Self sign-up,Small,1.0,1,2.0,0,0,0.1241
S03613,Hardware,Colombia,Marketplace direct,Self sign-up,Medium,2.0,2,5.0,1,0,0.124
S02434,Sports,Chile,Sodimac,Event,Micro,1.0,4,6.0,1,0,0.124
S13681,Electronics,Chile,Falabella Retail,Self sign-up,Micro,5.0,3,10.0,3,0,0.124
S01456,Home,Peru,Marketplace direct,Sales rep,Small,2.0,3,11.0,2,0,0.1239
S18128,Food,Chile,Sodimac,Referral,Micro,11.0,5,18.0,7,0,0.1239
S04811,Sports,Chile,Marketplace direct,Event,Micro,2.0,0,2.0,2,0,0.1237
S10367,Fashion,Peru,Sodimac,Self sign-up,Micro,1.0,3,3.0,0,0,0.1237
S18137,Food,Colombia,Sodimac,Sales rep,Small,1.0,5,8.0,0,0,0.1236
S01844,Home,Peru,Falabella Retail,Self sign-up,Small,13.0,3,5.0,0,1,0.1236
S07771,Electronics,Chile,Falabella Retail,Event,Micro,1.0,4,8.0,1,0,0.1236
S19644,Electronics,Chile,Marketplace direct,Sales rep,Small,0.0,0,5.0,2,0,0.1236
S02715,Home,Peru,Falabella Retail,Self sign-up,Micro,2.0,2,3.0,1,0,0.1236
S19703,Electronics,Colombia,Marketplace direct,Self sign-up,Medium,0.0,2,2.0,0,0,0.1235
S14183,Home,Colombia,Sodimac,Self sign-up,Small,0.0,3,3.0,2,0,0.1235
S10729,Hardware,Chile,Tottus,Self sign-up,Micro,3.0,3,4.0,0,0,0.1234
S03732,Beauty,Colombia,Falabella Retail,Referral,Small,2.0,0,4.0,0,0,0.1234
S11457,Electronics,Colombia,Falabella Retail,Event,Micro,4.0,3,10.0,0,1,0.1233
S10393,Beauty,Colombia,Falabella Retail,Self sign-up,Micro,3.0,1,2.0,1,0,0.1233
S04187,Electronics,Peru,Tottus,Referral,Micro,5.0,0,7.0,2,0,0.1232
S04313,Hardware,Peru,Marketplace direct,Event,Micro,0.0,0,1.0,5,0,0.1232
S14658,Fashion,Chile,Marketplace direct,Self sign-up,Medium,2.0,2,9.0,3,0,0.1232
S08262,Hardware,Chile,Tottus,Referral,Micro,12.0,4,10.0,1,1,0.1232
S16233,Fashion,Peru,Sodimac,Self sign-up,Small,1.0,3,5.0,0,0,0.1232
S06680,Sports,Colombia,Sodimac,Sales rep,Micro,6.0,1,8.0,2,0,0.1232
S08427,Home,Colombia,Falabella Retail,Self sign-up,Micro,1.0,4,6.0,4,0,0.1232
S03293,Fashion,Chile,Falabella Retail,Event,Micro,0.0,0,3.0,5,0,0.1231
S16669,Beauty,Peru,Marketplace direct,Referral,Micro,0.0,2,3.0,2,0,0.1231
S00464,Beauty,Chile,Sodimac,Self sign-up,Small,4.0,0,6.0,2,0,0.1229
S08672,Food,Chile,Falabella Retail,Self sign-up,Micro,4.0,3,4.0,1,0,0.1229
S18493,Food,Peru,Marketplace direct,Sales rep,Micro,3.0,1,3.0,0,0,0.1229
S04852,Hardware,Chile,Tottus,Referral,Micro,0.0,2,2.0,1,0,0.1229
S09244,Fashion,Colombia,Sodimac,Referral,Micro,0.0,2,5.0,4,0,0.1229
S19668,Toys,Chile,Sodimac,Self sign-up,Small,6.0,4,13.0,1,1,0.1229
S15543,Beauty,Peru,Falabella Retail,Referral,Micro,5.0,2,9.0,0,1,0.1228
S15350,Home,Peru,Sodimac,Event,Micro,2.0,2,7.0,3,0,0.1228
S08837,Toys,Chile,Tottus,Sales rep,Micro,11.0,2,9.0,1,1,0.1228
S03428,Food,Chile,Marketplace direct,Sales rep,Micro,0.0,4,3.0,0,0,0.1228
S10647,Hardware,Peru,Tottus,Event,Small,7.0,1,7.0,0,0,0.1227
S00872,Food,Chile,Tottus,Self sign-up,Small,1.0,3,3.0,2,0,0.1227
S06643,Home,Chile,Falabella Retail,Event,Micro,2.0,3,7.0,1,0,0.1225
S11008,Home,Colombia,Falabella Retail,Event,Micro,1.0,0,1.0,2,0,0.1224
S07407,Beauty,Chile,Falabella Retail,Self sign-up,Micro,0.0,5,5.0,2,0,0.1224
S02075,Beauty,Chile,Falabella Retail,Self sign-up,Micro,3.0,2,4.0,0,0,0.1224
S05740,Toys,Chile,Falabella Retail,Sales rep,Micro,2.0,2,6.0,1,0,0.1224
S06061,Fashion,Chile,Sodimac,Self sign-up,Micro,3.0,0,2.0,0,0,0.1224
S16861,Hardware,Peru,Marketplace direct,Self sign-up,Micro,0.0,4,2.0,2,0,0.1223
S18683,Beauty,Chile,Marketplace direct,Self sign-up,Small,1.0,2,4.0,1,0,0.1223
S16943,Food,Chile,Marketplace direct,Self sign-up,Small,22.0,1,19.0,11,1,0.1222
S09262,Sports,Colombia,Falabella Retail,Self sign-up,Small,3.0,5,8.0,1,0,0.1221
S15004,Fashion,Chile,Marketplace direct,Event,Micro,0.0,2,2.0,1,0,0.1221
S09748,Hardware,Colombia,Falabella Retail,Sales rep,Small,0.0,0,1.0,0,0,0.1221
S15848,Food,Chile,Marketplace direct,Self sign-up,Medium,10.0,2,14.0,5,1,0.1221
S10015,Electronics,Peru,Marketplace direct,Self sign-up,Small,12.0,0,21.0,17,0,0.122
S18214,Hardware,Chile,Marketplace direct,Self sign-up,Micro,1.0,3,2.0,0,0,0.122
S12090,Fashion,Colombia,Sodimac,Self sign-up,Micro,2.0,4,5.0,0,0,0.122
S07288,Beauty,Colombia,Marketplace direct,Self sign-up,Small,8.0,3,9.0,1,0,0.1218
S15476,Home,Chile,Falabella Retail,Self sign-up,Small,7.0,2,9.0,1,0,0.1218
S15261,Food,Colombia,Marketplace direct,Sales rep,Micro,20.0,2,10.0,1,0,0.1218
S02483,Home,Colombia,Falabella Retail,Self sign-up,Micro,13.0,0,3.0,2,1,0.1217
S16493,Sports,Peru,Sodimac,Self sign-up,Small,1.0,2,2.0,0,0,0.1216
S12798,Beauty,Peru,Falabella Retail,Sales rep,Small,4.0,4,14.0,1,0,0.1216
S03796,Sports,Peru,Marketplace direct,Event,Micro,2.0,2,5.0,3,0,0.1214
S06243,Hardware,Peru,Marketplace direct,Referral,Micro,0.0,1,2.0,3,0,0.1214
S01430,Food,Peru,Sodimac,Self sign-up,Small,10.0,3,5.0,0,1,0.1214
S03400,Electronics,Chile,Falabella Retail,Sales rep,Micro,1.0,2,7.0,0,0,0.1214
S10599,Hardware,Colombia,Falabella Retail,Event,Small,1.0,0,1.0,0,0,0.1212
S09065,Beauty,Chile,Sodimac,Self sign-up,Medium,4.0,0,7.0,1,0,0.1212
S10288,Fashion,Chile,Falabella Retail,Self sign-up,Micro,5.0,0,4.0,1,1,0.1211
S14866,Fashion,Colombia,Tottus,Event,Small,11.0,1,11.0,3,0,0.1211
S14526,Food,Colombia,Sodimac,Sales rep,Micro,2.0,4,7.0,1,0,0.1211
S15413,Toys,Peru,Falabella Retail,Event,Small,16.0,0,4.0,2,1,0.1211
S18987,Fashion,Colombia,Falabella Retail,Self sign-up,Micro,0.0,4,1.0,0,0,0.1211
S17966,Food,Colombia,Sodimac,Self sign-up,Micro,2.0,5,4.0,1,0,0.121
S09059,Hardware,Chile,Falabella Retail,Event,Medium,3.0,2,10.0,1,0,0.121
S08758,Fashion,Peru,Falabella Retail,Sales rep,Micro,4.0,1,10.0,3,0,0.1208
S01431,Sports,Colombia,Marketplace direct,Event,Micro,2.0,0,4.0,6,0,0.1208
S18147,Hardware,Colombia,Tottus,Sales rep,Small,1.0,2,7.0,2,0,0.1208
S01464,Sports,Chile,Marketplace direct,Sales rep,Small,0.0,0,2.0,1,0,0.1208
S05093,Fashion,Chile,Tottus,Sales rep,Small,2.0,0,8.0,2,0,0.1208
S05238,Fashion,Peru,Sodimac,Referral,Small,2.0,4,11.0,0,0,0.1208
S16384,Fashion,Colombia,Sodimac,Self sign-up,Small,0.0,3,2.0,0,0,0.1208
S02692,Hardware,Peru,Tottus,Referral,Small,2.0,1,5.0,0,0,0.1208
S00838,Fashion,Colombia,Marketplace direct,Self sign-up,Small,0.0,3,2.0,1,0,0.1207
S00560,Electronics,Colombia,Tottus,Referral,Small,0.0,1,2.0,0,0,0.1206
S03068,Toys,Chile,Falabella Retail,Event,Small,0.0,2,2.0,1,0,0.1205
S19420,Hardware,Chile,Tottus,Self sign-up,Micro,0.0,5,3.0,1,0,0.1205
S02034,Electronics,Chile,Sodimac,Self sign-up,Micro,1.0,0,2.0,2,0,0.1205
S02209,Electronics,Colombia,Tottus,Self sign-up,Small,1.0,1,2.0,1,0,0.1204
S09357,Sports,Peru,Falabella Retail,Event,Small,1.0,0,1.0,0,0,0.1204
S08172,Beauty,Peru,Sodimac,Self sign-up,Micro,5.0,3,9.0,3,0,0.1203
S06850,Food,Chile,Falabella Retail,Self sign-up,Small,4.0,4,6.0,2,1,0.1203
S14169,Toys,Peru,Marketplace direct,Referral,Micro,0.0,4,2.0,0,0,0.1203
S06387,Electronics,Colombia,Marketplace direct,Self sign-up,Small,4.0,0,4.0,1,0,0.1203
S06308,Fashion,Chile,Marketplace direct,Self sign-up,Micro,0.0,4,2.0,0,0,0.1203
S05201,Home,Colombia,Falabella Retail,Sales rep,Small,1.0,1,6.0,1,0,0.1203
S07910,Food,Chile,Falabella Retail,Self sign-up,Micro,0.0,3,2.0,5,0,0.1203
S14443,Home,Peru,Falabella Retail,Referral,Medium,0.0,1,5.0,1,0,0.1203
S12588,Fashion,Chile,Marketplace direct,Sales rep,Small,2.0,1,8.0,0,0,0.1202
S08057,Home,Peru,Falabella Retail,Sales rep,Small,0.0,2,5.0,0,0,0.1202
S19296,Home,Peru,Falabella Retail,Sales rep,Small,4.0,0,11.0,4,0,0.1201
S03681,Home,Chile,Falabella Retail,Self sign-up,Micro,3.0,5,8.0,0,0,0.1201
S05893,Hardware,Colombia,Falabella Retail,Self sign-up,Micro,6.0,3,7.0,2,0,0.1201
S12740,Hardware,Chile,Falabella Retail,Self sign-up,Micro,18.0,0,8.0,3,1,0.12
S14377,Sports,Chile,Falabella Retail,Referral,Small,1.0,1,5.0,1,0,0.12
S01608,Fashion,Chile,Falabella Retail,Self sign-up,Micro,9.0,4,10.0,0,1,0.12
S06982,Home,Chile,Sodimac,Self sign-up,Micro,1.0,2,2.0,0,0,0.12
S03314,Home,Colombia,Marketplace direct,Event,Micro,9.0,0,11.0,8,0,0.1197
S13177,Fashion,Peru,Falabella Retail,Referral,Small,2.0,3,11.0,2,0,0.1197
S07485,Hardware,Colombia,Falabella Retail,Self sign-up,Micro,0.0,4,1.0,1,0,0.1197
S12644,Fashion,Chile,Marketplace direct,Self sign-up,Micro,9.0,0,5.0,1,1,0.1195
S01523,Toys,Colombia,Falabella Retail,Sales rep,Micro,19.0,0,8.0,2,1,0.1193
S09251,Fashion,Chile,Falabella Retail,Self sign-up,Micro,0.0,3,2.0,1,0,0.1193
S08191,Hardware,Peru,Falabella Retail,Sales rep,Micro,1.0,2,5.0,0,0,0.1193
S12089,Sports,Chile,Falabella Retail,Self sign-up,Micro,4.0,5,10.0,3,0,0.1192
S19093,Toys,Colombia,Sodimac,Event,Small,0.0,2,1.0,1,0,0.1192
S13651,Home,Colombia,Tottus,Self sign-up,Micro,0.0,3,1.0,3,0,0.1192
S07251,Beauty,Colombia,Sodimac,Event,Small,3.0,0,6.0,2,0,0.1191
S13928,Sports,Chile,Falabella Retail,Self sign-up,Micro,7.0,2,8.0,3,1,0.1191
S05520,Fashion,Chile,Sodimac,Sales rep,Micro,4.0,5,14.0,0,0,0.1191
S19418,Home,Colombia,Sodimac,Sales rep,Micro,5.0,4,13.0,2,0,0.1189
S06227,Home,Chile,Falabella Retail,Referral,Micro,1.0,0,3.0,1,0,0.1188
S06290,Toys,Chile,Marketplace direct,Referral,Small,0.0,2,2.0,0,0,0.1188
S00004,Electronics,Peru,Marketplace direct,Sales rep,Micro,1.0,0,5.0,2,0,0.1187
S11423,Electronics,Peru,Sodimac,Self sign-up,Micro,1.0,1,2.0,1,0,0.1186
S02772,Hardware,Chile,Falabella Retail,Self sign-up,Small,2.0,3,6.0,0,0,0.1186
S19919,Food,Peru,Falabella Retail,Self sign-up,Small,2.0,1,2.0,2,0,0.1186
S19975,Fashion,Chile,Falabella Retail,Self sign-up,Micro,9.0,0,6.0,2,1,0.1185
S11562,Fashion,Peru,Tottus,Self sign-up,Small,1.0,3,5.0,1,0,0.1185
S09466,Home,Peru,Falabella Retail,Referral,Small,8.0,2,8.0,0,1,0.1184
S03509,Home,Colombia,Falabella Retail,Event,Micro,5.0,5,10.0,0,0,0.1184
S13069,Sports,Chile,Marketplace direct,Self sign-up,Small,0.0,3,1.0,0,0,0.1183
S10403,Beauty,Peru,Tottus,Sales rep,Micro,1.0,1,6.0,3,0,0.1183
S07057,Electronics,Chile,Falabella Retail,Event,Micro,2.0,5,11.0,1,0,0.1183
S01901,Electronics,Chile,Sodimac,Self sign-up,Medium,1.0,0,5.0,1,0,0.1183
S03385,Sports,Chile,Marketplace direct,Self sign-up,Small,5.0,3,10.0,1,1,0.1182
S01298,Toys,Peru,Tottus,Referral,Micro,3.0,3,6.0,1,0,0.1182
S11224,Electronics,Chile,Falabella Retail,Self sign-up,Small,5.0,4,12.0,1,0,0.1182
S12717,Toys,Colombia,Sodimac,Self sign-up,Micro,4.0,1,2.0,2,0,0.1182
S00180,Hardware,Chile,Sodimac,Self sign-up,Micro,0.0,2,1.0,2,0,0.1181
S12799,Sports,Peru,Marketplace direct,Self sign-up,Small,14.0,5,8.0,1,1,0.1181
S16993,Sports,Peru,Tottus,Self sign-up,Micro,4.0,5,5.0,0,1,0.1181
S10251,Food,Chile,Tottus,Event,Small,0.0,2,4.0,5,0,0.1181
S13858,Fashion,Chile,Tottus,Sales rep,Micro,3.0,3,12.0,3,0,0.118
S18757,Home,Colombia,Sodimac,Sales rep,Small,3.0,1,8.0,0,0,0.1179
S09877,Hardware,Peru,Falabella Retail,Referral,Small,9.0,4,14.0,2,1,0.1179
S16644,Sports,Colombia,Falabella Retail,Self sign-up,Medium,17.0,1,9.0,3,1,0.1179
S11356,Beauty,Peru,Marketplace direct,Self sign-up,Micro,0.0,4,2.0,1,0,0.1178
S03239,Home,Peru,Sodimac,Event,Micro,4.0,2,9.0,3,0,0.1177
S03059,Home,Colombia,Sodimac,Event,Micro,3.0,2,5.0,0,0,0.1177
S08794,Beauty,Chile,Marketplace direct,Sales rep,Micro,10.0,2,14.0,3,0,0.1177
S07066,Toys,Colombia,Falabella Retail,Event,Small,0.0,2,4.0,5,0,0.1177
S09864,Electronics,Colombia,Sodimac,Sales rep,Micro,2.0,4,11.0,1,0,0.1177
S10767,Fashion,Colombia,Marketplace direct,Sales rep,Micro,3.0,0,6.0,2,0,0.1176
S13704,Electronics,Peru,Marketplace direct,Referral,Micro,6.0,3,8.0,1,1,0.1176
S13514,Home,Chile,Falabella Retail,Sales rep,Small,3.0,1,14.0,6,0,0.1176
S01103,Hardware,Chile,Sodimac,Event,Small,0.0,1,2.0,0,0,0.1175
S08981,Beauty,Colombia,Sodimac,Event,Micro,3.0,3,9.0,0,1,0.1175
S07694,Home,Peru,Marketplace direct,Self sign-up,Medium,0.0,0,1.0,2,0,0.1175
S11547,Fashion,Chile,Marketplace direct,Self sign-up,Micro,8.0,2,2.0,1,1,0.1175
S01069,Fashion,Peru,Falabella Retail,Self sign-up,Micro,0.0,4,2.0,0,0,0.1174
S12544,Fashion,Peru,Falabella Retail,Sales rep,Micro,1.0,2,6.0,0,0,0.1174
S14368,Food,Peru,Falabella Retail,Sales rep,Small,3.0,2,12.0,6,0,0.1173
S06356,Home,Colombia,Falabella Retail,Self sign-up,Micro,1.0,2,2.0,2,0,0.1173
S09297,Food,Chile,Sodimac,Self sign-up,Medium,12.0,0,10.0,4,0,0.1173
S07849,Sports,Colombia,Tottus,Self sign-up,Small,1.0,2,2.0,2,0,0.1173
S05213,Food,Chile,Sodimac,Sales rep,Micro,4.0,0,5.0,1,0,0.1171
S13288,Beauty,Peru,Falabella Retail,Self sign-up,Small,1.0,4,6.0,0,0,0.117
S08843,Beauty,Chile,Tottus,Sales rep,Medium,2.0,3,12.0,0,0,0.117
S11249,Beauty,Chile,Marketplace direct,Referral,Small,5.0,1,9.0,0,0,0.1168
S01402,Food,Peru,Marketplace direct,Sales rep,Micro,0.0,3,3.0,2,0,0.1167
S10292,Hardware,Peru,Marketplace direct,Sales rep,Micro,0.0,1,1.0,0,0,0.1167
S04030,Beauty,Peru,Falabella Retail,Self sign-up,Small,0.0,2,1.0,0,0,0.1167
S04573,Fashion,Chile,Tottus,Self sign-up,Medium,17.0,2,10.0,2,1,0.1166
S11643,Beauty,Chile,Tottus,Self sign-up,Micro,3.0,0,5.0,5,0,0.1166
S03002,Home,Chile,Marketplace direct,Self sign-up,Micro,3.0,5,11.0,4,0,0.1166
S15416,Fashion,Chile,Sodimac,Event,Medium,2.0,1,10.0,2,0,0.1166
S09903,Fashion,Chile,Falabella Retail,Sales rep,Micro,0.0,1,3.0,0,0,0.1165
S06110,Electronics,Chile,Sodimac,Self sign-up,Medium,2.0,1,7.0,0,0,0.1163
S01924,Home,Peru,Marketplace direct,Event,Small,0.0,2,4.0,2,0,0.1163
S04867,Home,Chile,Falabella Retail,Self sign-up,Micro,8.0,2,11.0,5,0,0.1163
S03567,Fashion,Chile,Sodimac,Event,Micro,3.0,2,7.0,0,0,0.1162
S19613,Home,Chile,Sodimac,Self sign-up,Micro,0.0,1,1.0,3,0,0.116
S04143,Fashion,Chile,Sodimac,Event,Small,1.0,3,8.0,0,0,0.116
S04108,Food,Peru,Falabella Retail,Sales rep,Micro,1.0,0,1.0,1,0,0.1159
S02410,Sports,Chile,Marketplace direct,Self sign-up,Micro,1.0,5,5.0,1,0,0.1159
S19067,Toys,Colombia,Falabella Retail,Event,Medium,4.0,5,12.0,1,0,0.1159
S16336,Electronics,Chile,Sodimac,Self sign-up,Micro,16.0,0,8.0,3,1,0.1158
S19066,Beauty,Chile,Tottus,Sales rep,Micro,3.0,2,8.0,0,0,0.1157
S11786,Sports,Peru,Marketplace direct,Self sign-up,Micro,0.0,3,1.0,3,0,0.1157
S10201,Toys,Chile,Marketplace direct,Self sign-up,Micro,0.0,4,3.0,4,0,0.1156
S14157,Hardware,Peru,Marketplace direct,Self sign-up,Small,2.0,2,7.0,4,0,0.1155
S10370,Home,Peru,Falabella Retail,Self sign-up,Micro,15.0,0,5.0,0,1,0.1155
S01559,Hardware,Peru,Marketplace direct,Self sign-up,Medium,18.0,0,8.0,2,1,0.1154
S07187,Home,Peru,Marketplace direct,Referral,Micro,1.0,5,8.0,0,0,0.1153
S00742,Hardware,Chile,Sodimac,Self sign-up,Small,0.0,4,5.0,1,0,0.1153
S10434,Home,Chile,Marketplace direct,Self sign-up,Small,1.0,0,4.0,4,0,0.1153
S13730,Sports,Chile,Falabella Retail,Self sign-up,Micro,1.0,3,2.0,0,0,0.1153
S14314,Food,Chile,Falabella Retail,Event,Small,12.0,5,12.0,1,1,0.1152
S07506,Food,Peru,Falabella Retail,Self sign-up,Small,0.0,3,2.0,3,0,0.1151
S01905,Fashion,Chile,Falabella Retail,Self sign-up,Micro,6.0,1,11.0,7,0,0.1151
S05348,Sports,Chile,Falabella Retail,Sales rep,Small,8.0,0,11.0,2,0,0.1151
S18814,Beauty,Colombia,Marketplace direct,Sales rep,Small,2.0,0,6.0,1,0,0.1151
S00795,Fashion,Chile,Falabella Retail,Self sign-up,Small,0.0,0,1.0,2,0,0.1151
S07064,Fashion,Colombia,Falabella Retail,Sales rep,Micro,0.0,2,3.0,0,0,0.1151
S14033,Fashion,Chile,Sodimac,Self sign-up,Small,2.0,1,5.0,1,1,0.1151
S15830,Hardware,Colombia,Falabella Retail,Self sign-up,Medium,2.0,5,10.0,1,0,0.115
S04732,Fashion,Chile,Marketplace direct,Sales rep,Small,8.0,5,19.0,2,0,0.1149
S06676,Fashion,Chile,Marketplace direct,Event,Micro,12.0,0,6.0,3,1,0.1149
S17658,Home,Colombia,Falabella Retail,Referral,Micro,0.0,5,7.0,2,0,0.1149
S14559,Home,Colombia,Tottus,Sales rep,Medium,5.0,1,11.0,1,0,0.1149
S00485,Fashion,Colombia,Sodimac,Event,Micro,2.0,0,2.0,0,0,0.1148
S03033,Home,Chile,Tottus,Self sign-up,Micro,3.0,2,6.0,3,0,0.1148
S01352,Home,Peru,Marketplace direct,Self sign-up,Small,2.0,2,5.0,1,0,0.1147
S10901,Home,Peru,Tottus,Self sign-up,Micro,0.0,1,1.0,5,0,0.1147
S19944,Electronics,Chile,Tottus,Self sign-up,Small,5.0,5,12.0,0,0,0.1147
S05478,Beauty,Chile,Marketplace direct,Sales rep,Medium,7.0,1,13.0,0,0,0.1147
S15364,Sports,Peru,Sodimac,Self sign-up,Micro,1.0,0,1.0,4,0,0.1147
S11616,Home,Chile,Sodimac,Self sign-up,Micro,0.0,5,4.0,0,0,0.1146
S08626,Home,Chile,Falabella Retail,Self sign-up,Micro,5.0,3,7.0,0,0,0.1144
S10243,Home,Colombia,Falabella Retail,Sales rep,Micro,10.0,1,15.0,7,0,0.1144
S03015,Sports,Chile,Falabella Retail,Referral,Micro,1.0,0,2.0,1,0,0.1144
S07991,Food,Colombia,Falabella Retail,Event,Micro,4.0,4,8.0,3,0,0.1144
S01690,Toys,Chile,Tottus,Event,Micro,3.0,4,7.0,1,0,0.1143
S19546,Beauty,Colombia,Tottus,Self sign-up,Micro,2.0,5,7.0,2,0,0.1143
S19350,Home,Chile,Falabella Retail,Sales rep,Small,2.0,3,11.0,0,0,0.1143
S00496,Fashion,Colombia,Tottus,Self sign-up,Micro,0.0,5,2.0,0,0,0.1143
S16814,Food,Chile,Marketplace direct,Referral,Micro,4.0,3,8.0,2,0,0.1142
S13508,Home,Peru,Falabella Retail,Self sign-up,Micro,8.0,4,14.0,6,0,0.1141
S09794,Home,Chile,Marketplace direct,Referral,Small,5.0,1,9.0,0,0,0.1141
S10421,Home,Colombia,Tottus,Self sign-up,Micro,0.0,4,1.0,1,0,0.114
S08683,Hardware,Chile,Tottus,Sales rep,Micro,0.0,0,1.0,1,0,0.114
S17577,Electronics,Peru,Marketplace direct,Self sign-up,Micro,1.0,5,6.0,0,0,0.1139
S13482,Home,Chile,Falabella Retail,Self sign-up,Micro,0.0,3,1.0,0,0,0.1139
S16450,Toys,Peru,Falabella Retail,Self sign-up,Micro,17.0,1,2.0,2,1,0.1139
S14623,Toys,Chile,Sodimac,Self sign-up,Micro,0.0,5,2.0,0,0,0.1138
S07155,Toys,Colombia,Sodimac,Referral,Small,7.0,4,13.0,2,0,0.1138
S12195,Electronics,Chile,Falabella Retail,Self sign-up,Small,1.0,0,4.0,2,0,0.1138
S04596,Fashion,Peru,Marketplace direct,Self sign-up,Micro,2.0,3,9.0,6,0,0.1138
S05073,Fashion,Peru,Marketplace direct,Self sign-up,Small,1.0,2,5.0,2,0,0.1137
S13707,Fashion,Chile,Falabella Retail,Sales rep,Micro,1.0,3,9.0,1,0,0.1137
S08909,Home,Chile,Falabella Retail,Self sign-up,Micro,2.0,2,5.0,2,0,0.1137
S00132,Beauty,Colombia,Marketplace direct,Sales rep,Micro,3.0,0,3.0,0,1,0.1137
S03916,Beauty,Chile,Sodimac,Referral,Micro,0.0,1,2.0,0,0,0.1136
S13737,Fashion,Peru,Sodimac,Self sign-up,Small,0.0,4,7.0,3,0,0.1136
S07730,Sports,Colombia,Falabella Retail,Sales rep,Micro,6.0,1,9.0,3,0,0.1136
S02903,Food,Colombia,Falabella Retail,Sales rep,Micro,1.0,3,6.0,3,0,0.1136
S05445,Home,Peru,Falabella Retail,Self sign-up,Small,5.0,0,6.0,2,0,0.1136
S08583,Electronics,Chile,Sodimac,Self sign-up,Medium,8.0,3,16.0,3,0,0.1135
S03826,Home,Peru,Sodimac,Sales rep,Medium,4.0,0,11.0,1,0,0.1135
S16316,Sports,Colombia,Marketplace direct,Self sign-up,Small,1.0,3,3.0,1,0,0.1135
S17131,Home,Chile,Sodimac,Self sign-up,Small,1.0,1,3.0,0,0,0.1135
S18980,Fashion,Chile,Falabella Retail,Sales rep,Small,6.0,0,12.0,2,0,0.1133
S08470,Fashion,Chile,Tottus,Event,Micro,6.0,5,7.0,0,1,0.1133
S07956,Fashion,Chile,Falabella Retail,Self sign-up,Small,16.0,1,8.0,2,1,0.1133
S02272,Toys,Chile,Sodimac,Sales rep,Micro,1.0,0,2.0,0,0,0.1132
S01922,Fashion,Colombia,Sodimac,Self sign-up,Micro,4.0,1,4.0,1,0,0.1132
S02334,Fashion,Peru,Falabella Retail,Self sign-up,Micro,1.0,1,3.0,3,0,0.1132
S09331,Electronics,Peru,Sodimac,Self sign-up,Micro,1.0,3,5.0,1,0,0.1131
S12378,Toys,Chile,Sodimac,Self sign-up,Micro,3.0,4,7.0,2,0,0.1131
S00621,Fashion,Peru,Tottus,Self sign-up,Micro,0.0,3,1.0,1,0,0.1131
S13208,Beauty,Colombia,Marketplace direct,Self sign-up,Micro,1.0,3,9.0,9,0,0.113
S10426,Electronics,Colombia,Falabella Retail,Event,Small,14.0,2,13.0,1,1,0.113
S19897,Beauty,Colombia,Tottus,Referral,Small,2.0,2,9.0,3,0,0.113
S07285,Food,Peru,Tottus,Sales rep,Micro,1.0,4,5.0,0,0,0.113
S15255,Electronics,Peru,Falabella Retail,Self sign-up,Micro,1.0,4,6.0,1,0,0.113
S15697,Electronics,Chile,Tottus,Self sign-up,Micro,5.0,3,7.0,1,1,0.1129
S07260,Hardware,Colombia,Falabella Retail,Sales rep,Small,3.0,4,12.0,0,1,0.1129
S08880,Toys,Chile,Marketplace direct,Sales rep,Micro,1.0,1,5.0,3,0,0.1128
S01296,Electronics,Chile,Marketplace direct,Event,Medium,0.0,2,6.0,0,0,0.1128
S14306,Home,Chile,Sodimac,Self sign-up,Micro,4.0,4,9.0,1,0,0.1127
S12936,Home,Chile,Marketplace direct,Self sign-up,Small,0.0,0,1.0,3,0,0.1127
S00528,Toys,Chile,Marketplace direct,Referral,Micro,1.0,1,3.0,2,0,0.1127
S03373,Home,Chile,Tottus,Sales rep,Micro,1.0,0,3.0,0,0,0.1127
S18194,Home,Peru,Falabella Retail,Event,Small,0.0,0,2.0,2,0,0.1125
S03484,Sports,Chile,Sodimac,Referral,Micro,0.0,2,2.0,0,0,0.1125
S15083,Toys,Chile,Marketplace direct,Self sign-up,Micro,5.0,1,6.0,5,0,0.1125
S05699,Electronics,Peru,Falabella Retail,Self sign-up,Micro,1.0,1,2.0,1,0,0.1124
S08284,Electronics,Chile,Marketplace direct,Event,Micro,1.0,3,6.0,0,0,0.1124
S12571,Food,Chile,Falabella Retail,Self sign-up,Small,3.0,3,5.0,0,0,0.1124
S04110,Home,Chile,Sodimac,Self sign-up,Small,0.0,1,4.0,4,0,0.1124
S07651,Home,Colombia,Marketplace direct,Event,Micro,1.0,5,7.0,1,0,0.1123
S18866,Electronics,Chile,Sodimac,Self sign-up,Micro,7.0,4,6.0,1,1,0.1123
S05164,Sports,Colombia,Falabella Retail,Event,Micro,29.0,2,8.0,1,1,0.1123
S05690,Beauty,Chile,Tottus,Self sign-up,Micro,6.0,2,9.0,4,0,0.1123
S03781,Hardware,Chile,Falabella Retail,Self sign-up,Micro,1.0,4,6.0,2,0,0.1122
S02421,Home,Chile,Marketplace direct,Sales rep,Micro,1.0,5,10.0,0,0,0.1122
S17307,Food,Colombia,Falabella Retail,Event,Small,11.0,2,12.0,5,0,0.1121
S00574,Hardware,Chile,Sodimac,Event,Micro,5.0,1,8.0,2,0,0.1121
S19245,Electronics,Chile,Marketplace direct,Referral,Micro,1.0,0,4.0,1,0,0.1121
S15463,Electronics,Peru,Falabella Retail,Sales rep,Small,0.0,2,9.0,3,0,0.112
S04026,Sports,Chile,Falabella Retail,Sales rep,Micro,0.0,0,1.0,1,0,0.1119
S18920,Food,Chile,Falabella Retail,Self sign-up,Small,13.0,1,10.0,2,1,0.1119
S02257,Hardware,Chile,Falabella Retail,Sales rep,Micro,18.0,0,12.0,2,1,0.1118
S06173,Fashion,Colombia,Falabella Retail,Self sign-up,Micro,0.0,3,1.0,1,0,0.1118
S15635,Food,Peru,Marketplace direct,Sales rep,Micro,0.0,4,3.0,0,0,0.1117
S11164,Hardware,Chile,Marketplace direct,Sales rep,Small,4.0,3,12.0,0,0,0.1116
S11879,Sports,Peru,Sodimac,Self sign-up,Micro,4.0,4,8.0,2,0,0.1116
S14326,Home,Colombia,Tottus,Sales rep,Micro,2.0,0,3.0,0,0,0.1116
S18247,Beauty,Colombia,Sodimac,Referral,Small,2.0,1,8.0,2,0,0.1116
S12119,Fashion,Colombia,Falabella Retail,Self sign-up,Small,2.0,1,4.0,1,0,0.1116
S11788,Toys,Peru,Tottus,Self sign-up,Small,5.0,1,5.0,1,1,0.1115
S01037,Fashion,Colombia,Marketplace direct,Event,Micro,2.0,0,3.0,2,0,0.1115
S09555,Electronics,Chile,Tottus,Self sign-up,Micro,5.0,2,7.0,1,0,0.1115
S03773,Hardware,Chile,Marketplace direct,Self sign-up,Small,1.0,0,3.0,3,0,0.1114
S02092,Beauty,Colombia,Sodimac,Self sign-up,Small,5.0,1,8.0,3,0,0.1114
S19899,Home,Peru,Falabella Retail,Self sign-up,Small,7.0,0,4.0,1,1,0.1114
S11199,Electronics,Peru,Falabella Retail,Event,Small,3.0,0,7.0,1,0,0.1113
S15238,Toys,Colombia,Falabella Retail,Self sign-up,Small,0.0,4,1.0,0,0,0.1113
S02494,Hardware,Colombia,Sodimac,Sales rep,Small,0.0,3,6.0,0,0,0.1113
S16576,Electronics,Chile,Sodimac,Self sign-up,Small,7.0,1,10.0,0,1,0.1112
S14278,Sports,Chile,Falabella Retail,Event,Micro,1.0,4,8.0,3,0,0.1112
S11626,Home,Colombia,Tottus,Sales rep,Micro,2.0,1,6.0,2,0,0.1112
S15204,Home,Chile,Falabella Retail,Sales rep,Small,2.0,3,12.0,1,0,0.1112
S13669,Toys,Peru,Falabella Retail,Sales rep,Medium,2.0,1,10.0,3,0,0.1111
S13249,Electronics,Colombia,Sodimac,Referral,Medium,6.0,0,13.0,3,0,0.1111
S01687,Fashion,Peru,Falabella Retail,Self sign-up,Small,0.0,3,3.0,0,0,0.1111
S05582,Home,Chile,Sodimac,Self sign-up,Small,5.0,2,9.0,1,0,0.111
S07337,Fashion,Peru,Sodimac,Self sign-up,Small,3.0,4,11.0,2,0,0.111
S19088,Home,Chile,Falabella Retail,Self sign-up,Micro,3.0,4,8.0,1,0,0.1109
S18896,Toys,Peru,Marketplace direct,Self sign-up,Small,1.0,2,1.0,0,0,0.1109
S14472,Electronics,Chile,Falabella Retail,Referral,Small,0.0,0,5.0,2,0,0.1109
S11528,Toys,Chile,Sodimac,Sales rep,Micro,8.0,1,11.0,3,0,0.1108
S13999,Fashion,Chile,Falabella Retail,Sales rep,Micro,3.0,1,8.0,0,0,0.1108
S14474,Fashion,Chile,Falabella Retail,Event,Micro,33.0,2,11.0,1,1,0.1108
S16038,Beauty,Peru,Falabella Retail,Sales rep,Small,9.0,0,11.0,1,1,0.1107
S02673,Fashion,Peru,Falabella Retail,Self sign-up,Small,3.0,1,5.0,0,0,0.1107
S13655,Home,Chile,Marketplace direct,Self sign-up,Micro,1.0,1,2.0,2,0,0.1107
S09164,Fashion,Chile,Sodimac,Event,Medium,1.0,0,6.0,0,0,0.1106
S17080,Hardware,Peru,Falabella Retail,Sales rep,Micro,1.0,4,9.0,1,0,0.1106
S13773,Beauty,Peru,Falabella Retail,Self sign-up,Micro,8.0,5,9.0,1,1,0.1106
S16708,Sports,Colombia,Marketplace direct,Self sign-up,Small,6.0,4,12.0,5,0,0.1106
S17346,Sports,Chile,Marketplace direct,Self sign-up,Micro,4.0,2,6.0,3,0,0.1105
S19553,Home,Colombia,Falabella Retail,Self sign-up,Medium,5.0,5,13.0,1,0,0.1105
S01038,Fashion,Chile,Falabella Retail,Event,Micro,0.0,4,5.0,0,0,0.1105
S19490,Fashion,Peru,Marketplace direct,Referral,Micro,3.0,1,9.0,4,0,0.1105
S02751,Toys,Peru,Sodimac,Self sign-up,Micro,2.0,0,1.0,3,0,0.1105
S05579,Toys,Colombia,Falabella Retail,Referral,Small,1.0,4,9.0,3,0,0.1104
S00505,Hardware,Peru,Marketplace direct,Sales rep,Small,0.0,0,2.0,0,0,0.1103
S06033,Electronics,Peru,Marketplace direct,Event,Micro,1.0,5,9.0,1,0,0.1103
S08302,Home,Chile,Marketplace direct,Event,Small,0.0,1,2.0,0,0,0.1103
S14875,Sports,Chile,Sodimac,Self sign-up,Micro,0.0,5,3.0,0,0,0.1103
S09698,Electronics,Peru,Sodimac,Sales rep,Micro,8.0,1,12.0,1,1,0.1102
S13120,Home,Chile,Sodimac,Self sign-up,Small,3.0,0,5.0,1,0,0.1102
S18001,Hardware,Colombia,Marketplace direct,Event,Medium,4.0,3,10.0,0,0,0.1101
S07368,Food,Peru,Sodimac,Self sign-up,Small,5.0,5,13.0,5,0,0.1101
S18496,Electronics,Peru,Marketplace direct,Self sign-up,Small,0.0,3,4.0,1,0,0.1101
S07092,Hardware,Colombia,Falabella Retail,Event,Small,0.0,2,2.0,0,0,0.1099
S03933,Electronics,Peru,Falabella Retail,Event,Medium,1.0,1,7.0,0,0,0.1099
S07015,Food,Chile,Falabella Retail,Self sign-up,Small,2.0,3,5.0,1,0,0.1099
S13833,Hardware,Chile,Marketplace direct,Self sign-up,Small,0.0,2,1.0,0,0,0.1098
S01988,Food,Peru,Tottus,Referral,Medium,3.0,1,6.0,0,0,0.1097
S02717,Food,Chile,Falabella Retail,Self sign-up,Medium,2.0,3,10.0,5,0,0.1097
S15290,Toys,Peru,Falabella Retail,Self sign-up,Small,5.0,0,5.0,3,0,0.1097
S13260,Fashion,Colombia,Marketplace direct,Self sign-up,Micro,0.0,4,2.0,1,0,0.1097
S02812,Sports,Peru,Tottus,Self sign-up,Small,2.0,5,7.0,0,0,0.1097
S14663,Beauty,Colombia,Falabella Retail,Self sign-up,Small,2.0,4,7.0,0,0,0.1096
S11963,Home,Peru,Sodimac,Self sign-up,Micro,1.0,5,6.0,0,0,0.1096
S12743,Beauty,Colombia,Tottus,Self sign-up,Small,7.0,1,8.0,3,0,0.1095
S07535,Food,Chile,Sodimac,Self sign-up,Small,4.0,3,12.0,7,0,0.1095
S08536,Electronics,Chile,Falabella Retail,Self sign-up,Micro,0.0,2,1.0,0,0,0.1094
S08245,Home,Peru,Sodimac,Self sign-up,Micro,5.0,4,10.0,2,0,0.1094
S18405,Toys,Colombia,Sodimac,Sales rep,Medium,3.0,1,9.0,1,0,0.1092
S02650,Food,Colombia,Falabella Retail,Self sign-up,Small,49.0,0,5.0,3,1,0.1092
S11609,Electronics,Chile,Sodimac,Self sign-up,Small,0.0,1,2.0,0,0,0.1092
S19699,Sports,Chile,Falabella Retail,Self sign-up,Small,0.0,3,2.0,0,0,0.1092
S15637,Home,Chile,Sodimac,Event,Small,0.0,0,4.0,3,0,0.1092
S12549,Fashion,Colombia,Falabella Retail,Sales rep,Small,1.0,3,9.0,0,0,0.1091
S15809,Home,Chile,Tottus,Event,Micro,4.0,0,8.0,5,0,0.1091
S03362,Beauty,Colombia,Falabella Retail,Self sign-up,Micro,9.0,0,7.0,4,0,0.1091
S04859,Home,Chile,Sodimac,Referral,Small,9.0,2,14.0,1,0,0.109
S04087,Sports,Colombia,Sodimac,Referral,Micro,12.0,4,12.0,1,1,0.109
S06943,Beauty,Chile,Falabella Retail,Sales rep,Micro,2.0,5,13.0,1,0,0.109
S00948,Hardware,Chile,Falabella Retail,Self sign-up,Small,5.0,2,10.0,3,0,0.1089
S08298,Electronics,Colombia,Falabella Retail,Event,Micro,7.0,5,14.0,2,1,0.1089
S14799,Beauty,Peru,Marketplace direct,Referral,Micro,3.0,3,9.0,1,0,0.1089
S15608,Home,Chile,Tottus,Self sign-up,Small,0.0,3,5.0,3,0,0.1089
S17562,Hardware,Chile,Tottus,Sales rep,Micro,5.0,3,13.0,3,0,0.1088
S16696,Home,Chile,Marketplace direct,Self sign-up,Micro,3.0,5,9.0,1,0,0.1088
S05989,Fashion,Chile,Falabella Retail,Self sign-up,Micro,2.0,5,11.0,0,1,0.1088
S03073,Toys,Chile,Falabella Retail,Self sign-up,Micro,1.0,5,10.0,7,0,0.1088
S01294,Fashion,Peru,Falabella Retail,Self sign-up,Micro,1.0,5,7.0,1,0,0.1087
S17682,Fashion,Peru,Sodimac,Event,Medium,8.0,0,13.0,3,0,0.1087
S09847,Fashion,Chile,Marketplace direct,Self sign-up,Micro,1.0,4,5.0,0,0,0.1087
S10051,Electronics,Colombia,Falabella Retail,Self sign-up,Micro,2.0,4,6.0,0,0,0.1087
S16383,Electronics,Peru,Tottus,Self sign-up,Small,1.0,2,4.0,0,0,0.1087
S05997,Hardware,Chile,Marketplace direct,Self sign-up,Small,3.0,2,9.0,4,0,0.1087
S01148,Fashion,Peru,Marketplace direct,Sales rep,Micro,0.0,1,4.0,2,0,0.1086
S13711,Beauty,Colombia,Falabella Retail,Event,Micro,2.0,2,6.0,2,0,0.1086
S04858,Electronics,Peru,Falabella Retail,Referral,Micro,4.0,2,9.0,0,0,0.1086
S10207,Home,Chile,Tottus,Event,Medium,5.0,1,8.0,0,1,0.1086
S05905,Hardware,Peru,Marketplace direct,Self sign-up,Micro,14.0,2,10.0,2,1,0.1086
S12805,Home,Chile,Marketplace direct,Self sign-up,Micro,6.0,1,1.0,2,1,0.1086
S05405,Toys,Chile,Sodimac,Self sign-up,Micro,4.0,5,11.0,4,0,0.1085
S10071,Hardware,Chile,Sodimac,Sales rep,Medium,11.0,0,13.0,2,1,0.1085
S18347,Toys,Peru,Marketplace direct,Self sign-up,Small,13.0,1,4.0,2,1,0.1085
S10073,Hardware,Chile,Sodimac,Self sign-up,Small,1.0,0,4.0,3,0,0.1084
S08260,Fashion,Chile,Sodimac,Self sign-up,Micro,3.0,4,9.0,1,0,0.1083
S11143,Electronics,Chile,Falabella Retail,Event,Micro,5.0,5,13.0,1,1,0.1083
S00749,Hardware,Colombia,Marketplace direct,Referral,Micro,1.0,2,4.0,1,0,0.1082
S04703,Fashion,Colombia,Marketplace direct,Self sign-up,Micro,4.0,2,4.0,0,0,0.1082
S07954,Hardware,Chile,Sodimac,Self sign-up,Micro,5.0,5,10.0,0,0,0.1082
S17643,Hardware,Chile,Sodimac,Self sign-up,Micro,5.0,5,10.0,0,0,0.1082
S10166,Hardware,Chile,Falabella Retail,Self sign-up,Micro,13.0,0,5.0,1,1,0.1082
S13102,Fashion,Chile,Sodimac,Self sign-up,Micro,0.0,3,3.0,1,0,0.1081
S03986,Home,Colombia,Marketplace direct,Self sign-up,Micro,7.0,2,5.0,1,1,0.1081
S00534,Electronics,Chile,Tottus,Self sign-up,Micro,2.0,0,3.0,2,0,0.1081
S19064,Fashion,Colombia,Tottus,Self sign-up,Small,0.0,4,3.0,0,0,0.1081
S15896,Home,Chile,Falabella Retail,Sales rep,Micro,1.0,0,4.0,0,0,0.108
S05970,Fashion,Chile,Sodimac,Self sign-up,Micro,2.0,2,7.0,3,0,0.1079
S05845,Hardware,Chile,Tottus,Referral,Micro,3.0,1,7.0,2,0,0.1079
S04246,Hardware,Peru,Tottus,Self sign-up,Micro,0.0,1,1.0,5,0,0.1078
S10366,Hardware,Peru,Sodimac,Self sign-up,Micro,3.0,2,4.0,0,0,0.1078
S18676,Sports,Chile,Falabella Retail,Self sign-up,Small,1.0,1,5.0,4,0,0.1078
S00599,Sports,Peru,Marketplace direct,Self sign-up,Small,3.0,4,7.0,0,0,0.1077
S15137,Home,Chile,Falabella Retail,Sales rep,Micro,1.0,1,7.0,2,0,0.1077
S17806,Home,Chile,Sodimac,Self sign-up,Small,1.0,0,2.0,0,0,0.1077
S17722,Sports,Chile,Marketplace direct,Self sign-up,Micro,2.0,2,2.0,0,0,0.1077
S19785,Fashion,Peru,Falabella Retail,Event,Micro,3.0,1,6.0,1,0,0.1076
S05709,Sports,Colombia,Marketplace direct,Sales rep,Micro,4.0,0,4.0,2,1,0.1076
S09592,Food,Peru,Sodimac,Self sign-up,Micro,1.0,2,1.0,2,0,0.1075
S12304,Sports,Chile,Falabella Retail,Event,Micro,0.0,3,7.0,6,0,0.1075
S18680,Food,Chile,Sodimac,Sales rep,Micro,3.0,0,4.0,0,0,0.1074
S14896,Electronics,Peru,Falabella Retail,Self sign-up,Small,6.0,3,12.0,2,0,0.1073
S17122,Beauty,Chile,Tottus,Event,Small,4.0,3,11.0,1,0,0.1073
S00796,Electronics,Peru,Marketplace direct,Referral,Micro,11.0,3,16.0,2,1,0.1073
S03553,Beauty,Chile,Falabella Retail,Self sign-up,Micro,7.0,3,11.0,3,0,0.1073
S12891,Hardware,Colombia,Tottus,Self sign-up,Micro,0.0,4,1.0,1,0,0.1072
S09762,Toys,Peru,Sodimac,Self sign-up,Small,10.0,2,7.0,1,1,0.1072
S08756,Home,Colombia,Marketplace direct,Referral,Micro,2.0,3,8.0,2,0,0.1071
S10224,Toys,Peru,Falabella Retail,Sales rep,Micro,5.0,0,9.0,3,1,0.1071
S10576,Toys,Peru,Falabella Retail,Event,Small,23.0,0,7.0,2,1,0.107
S15289,Fashion,Chile,Tottus,Sales rep,Micro,0.0,2,5.0,1,0,0.107
S09940,Hardware,Chile,Marketplace direct,Self sign-up,Micro,2.0,1,4.0,3,0,0.107
S01638,Home,Colombia,Marketplace direct,Sales rep,Micro,0.0,1,2.0,1,0,0.1069
S05115,Food,Chile,Sodimac,Self sign-up,Micro,3.0,2,4.0,2,0,0.1069
S11489,Toys,Colombia,Falabella Retail,Sales rep,Small,4.0,1,7.0,0,0,0.1069
S12048,Beauty,Chile,Sodimac,Self sign-up,Medium,7.0,2,9.0,0,1,0.1069
S00048,Sports,Chile,Sodimac,Referral,Micro,0.0,1,1.0,0,0,0.1068
S01115,Electronics,Chile,Falabella Retail,Self sign-up,Micro,1.0,4,7.0,1,0,0.1067
S01141,Toys,Colombia,Tottus,Referral,Small,9.0,5,11.0,1,1,0.1067
S05831,Home,Peru,Marketplace direct,Self sign-up,Micro,3.0,5,2.0,0,1,0.1067
S07582,Home,Chile,Marketplace direct,Self sign-up,Medium,8.0,1,11.0,2,0,0.1067
S15938,Toys,Chile,Marketplace direct,Event,Micro,9.0,3,5.0,0,1,0.1066
S12261,Fashion,Colombia,Falabella Retail,Self sign-up,Micro,6.0,1,6.0,2,0,0.1065
S04104,Hardware,Colombia,Falabella Retail,Self sign-up,Micro,7.0,2,10.0,4,1,0.1064
S11945,Sports,Chile,Sodimac,Self sign-up,Small,0.0,2,2.0,1,0,0.1063
S16818,Hardware,Peru,Falabella Retail,Self sign-up,Micro,0.0,1,1.0,4,0,0.1063
S15030,Hardware,Chile,Sodimac,Event,Small,7.0,2,11.0,0,0,0.1063
S14706,Home,Chile,Marketplace direct,Self sign-up,Micro,3.0,4,7.0,0,0,0.1062
S16816,Hardware,Colombia,Marketplace direct,Referral,Micro,1.0,4,6.0,0,0,0.1061
S16003,Electronics,Chile,Sodimac,Event,Small,1.0,3,10.0,1,0,0.106
S13969,Hardware,Peru,Sodimac,Self sign-up,Micro,1.0,0,4.0,6,0,0.106
S13573,Sports,Peru,Falabella Retail,Self sign-up,Small,3.0,1,6.0,3,0,0.1059
S04198,Home,Chile,Marketplace direct,Self sign-up,Micro,1.0,2,2.0,0,0,0.1059
S09388,Home,Peru,Marketplace direct,Event,Micro,1.0,1,2.0,0,0,0.1058
S03412,Beauty,Peru,Tottus,Self sign-up,Micro,6.0,4,9.0,1,0,0.1057
S16055,Food,Chile,Falabella Retail,Event,Micro,5.0,0,6.0,4,0,0.1057
S16262,Food,Peru,Sodimac,Self sign-up,Small,1.0,2,8.0,8,0,0.1056
S05092,Fashion,Chile,Marketplace direct,Self sign-up,Medium,0.0,0,2.0,1,0,0.1056
S18724,Electronics,Peru,Sodimac,Self sign-up,Micro,2.0,3,6.0,0,0,0.1056
S06089,Toys,Peru,Marketplace direct,Self sign-up,Small,3.0,3,5.0,0,0,0.1055
S02473,Beauty,Chile,Marketplace direct,Sales rep,Micro,12.0,0,8.0,1,1,0.1055
S17645,Home,Chile,Marketplace direct,Self sign-up,Small,2.0,2,7.0,2,0,0.1055
S05716,Hardware,Chile,Marketplace direct,Self sign-up,Small,8.0,3,10.0,0,0,0.1054
S11140,Home,Chile,Sodimac,Self sign-up,Small,6.0,4,15.0,4,0,0.1054
S16671,Food,Colombia,Tottus,Self sign-up,Small,10.0,5,11.0,2,0,0.1053
S02390,Beauty,Chile,Sodimac,Self sign-up,Small,0.0,3,4.0,0,0,0.1053
S18206,Hardware,Chile,Marketplace direct,Sales rep,Micro,2.0,1,6.0,0,0,0.1053
S08206,Fashion,Colombia,Sodimac,Referral,Medium,1.0,0,11.0,6,0,0.1052
S06005,Fashion,Chile,Falabella Retail,Sales rep,Small,3.0,3,13.0,0,0,0.1052
S10030,Beauty,Colombia,Tottus,Sales rep,Micro,9.0,1,7.0,0,1,0.1052
S02820,Home,Chile,Falabella Retail,Referral,Micro,0.0,1,2.0,0,0,0.1051
S12963,Toys,Colombia,Falabella Retail,Referral,Micro,1.0,3,6.0,3,0,0.1051
S04514,Electronics,Colombia,Marketplace direct,Sales rep,Micro,2.0,0,8.0,4,0,0.1051
S17584,Home,Chile,Falabella Retail,Sales rep,Micro,1.0,0,5.0,1,0,0.1051
S12622,Toys,Chile,Sodimac,Self sign-up,Micro,0.0,4,2.0,1,0,0.1051
S05365,Food,Peru,Falabella Retail,Self sign-up,Medium,1.0,4,8.0,3,0,0.105
S10567,Hardware,Colombia,Falabella Retail,Event,Micro,1.0,3,4.0,0,0,0.105
S12154,Sports,Peru,Marketplace direct,Event,Small,16.0,3,8.0,0,1,0.105
S09923,Electronics,Colombia,Falabella Retail,Referral,Small,2.0,4,13.0,2,0,0.105
S16352,Home,Peru,Sodimac,Self sign-up,Micro,9.0,0,1.0,0,1,0.1049
S09072,Sports,Colombia,Falabella Retail,Event,Micro,3.0,5,9.0,1,0,0.1049
S09115,Hardware,Colombia,Marketplace direct,Self sign-up,Small,1.0,3,6.0,3,0,0.1048
S01989,Electronics,Chile,Sodimac,Sales rep,Small,2.0,3,13.0,0,0,0.1048
S15085,Hardware,Peru,Falabella Retail,Self sign-up,Small,9.0,1,10.0,3,0,0.1048
S16771,Food,Chile,Sodimac,Self sign-up,Micro,5.0,4,9.0,3,0,0.1048
S09701,Electronics,Peru,Falabella Retail,Self sign-up,Small,6.0,2,10.0,1,0,0.1047
S12522,Food,Colombia,Tottus,Self sign-up,Micro,0.0,5,1.0,2,0,0.1046
S10867,Electronics,Chile,Falabella Retail,Event,Micro,10.0,5,17.0,2,0,0.1046
S04340,Electronics,Colombia,Tottus,Self sign-up,Micro,17.0,3,11.0,0,1,0.1046
S08436,Fashion,Colombia,Marketplace direct,Self sign-up,Medium,1.0,3,7.0,1,0,0.1045
S16873,Food,Chile,Tottus,Event,Micro,4.0,5,9.0,1,0,0.1045
S14910,Home,Chile,Sodimac,Self sign-up,Medium,2.0,5,12.0,0,0,0.1045
S15323,Electronics,Chile,Sodimac,Self sign-up,Micro,8.0,0,8.0,2,0,0.1045
S05571,Electronics,Chile,Falabella Retail,Self sign-up,Micro,3.0,5,10.0,0,0,0.1044
S07327,Fashion,Peru,Sodimac,Self sign-up,Micro,4.0,0,4.0,1,0,0.1042
S06358,Fashion,Peru,Falabella Retail,Referral,Medium,3.0,1,8.0,0,1,0.1042
S15765,Home,Chile,Falabella Retail,Self sign-up,Small,1.0,4,7.0,0,1,0.1042
S16264,Food,Chile,Marketplace direct,Self sign-up,Small,0.0,3,2.0,2,0,0.1042
S08372,Home,Chile,Sodimac,Self sign-up,Micro,4.0,2,10.0,1,1,0.1041
S00995,Fashion,Peru,Marketplace direct,Sales rep,Micro,2.0,0,5.0,0,0,0.1041
S08844,Toys,Chile,Falabella Retail,Self sign-up,Micro,0.0,3,2.0,3,0,0.1041
S15686,Food,Chile,Marketplace direct,Self sign-up,Small,1.0,2,3.0,2,0,0.104
S14688,Toys,Chile,Falabella Retail,Sales rep,Small,1.0,0,5.0,1,0,0.104
S17369,Home,Peru,Falabella Retail,Referral,Micro,4.0,5,12.0,0,1,0.1039
S10696,Fashion,Colombia,Marketplace direct,Referral,Micro,5.0,4,14.0,4,0,0.1039
S09249,Hardware,Chile,Marketplace direct,Event,Medium,0.0,0,4.0,2,0,0.1039
S18839,Beauty,Colombia,Falabella Retail,Referral,Micro,9.0,1,12.0,2,1,0.1038
S18244,Home,Chile,Tottus,Referral,Micro,3.0,2,9.0,2,0,0.1038
S19655,Sports,Chile,Falabella Retail,Self sign-up,Micro,6.0,1,8.0,2,1,0.1038
S00823,Sports,Peru,Falabella Retail,Self sign-up,Micro,0.0,3,3.0,4,0,0.1037
S01067,Sports,Chile,Falabella Retail,Self sign-up,Micro,0.0,3,2.0,2,0,0.1036
S00097,Electronics,Chile,Sodimac,Self sign-up,Small,0.0,0,1.0,0,0,0.1036
S16292,Home,Colombia,Falabella Retail,Self sign-up,Micro,2.0,2,5.0,3,0,0.1036
S14111,Fashion,Peru,Marketplace direct,Self sign-up,Small,3.0,4,9.0,0,0,0.1035
S03865,Home,Peru,Falabella Retail,Self sign-up,Micro,0.0,3,1.0,0,0,0.1035
S14836,Beauty,Peru,Marketplace direct,Event,Medium,1.0,1,6.0,0,0,0.1035
S05844,Fashion,Colombia,Sodimac,Self sign-up,Small,3.0,1,5.0,0,0,0.1034
S11565,Fashion,Colombia,Marketplace direct,Event,Small,2.0,1,6.0,1,0,0.1034
S14293,Hardware,Chile,Falabella Retail,Sales rep,Micro,4.0,3,11.0,0,0,0.1033
S04362,Sports,Colombia,Falabella Retail,Self sign-up,Micro,2.0,4,4.0,0,0,0.1033
S03148,Hardware,Peru,Tottus,Sales rep,Micro,0.0,1,4.0,3,0,0.1032
S10792,Beauty,Peru,Sodimac,Self sign-up,Micro,0.0,2,1.0,1,0,0.1032
S16869,Sports,Colombia,Marketplace direct,Self sign-up,Micro,0.0,5,2.0,1,0,0.1032
S11394,Hardware,Peru,Marketplace direct,Sales rep,Micro,5.0,2,10.0,1,0,0.1031
S08580,Beauty,Colombia,Tottus,Self sign-up,Micro,0.0,4,1.0,0,0,0.1031
S08030,Beauty,Chile,Falabella Retail,Self sign-up,Micro,5.0,4,10.0,1,0,0.1031
S11924,Home,Peru,Marketplace direct,Event,Micro,0.0,2,2.0,1,0,0.1031
S11202,Sports,Colombia,Marketplace direct,Self sign-up,Micro,1.0,4,3.0,1,0,0.103
S00662,Home,Chile,Sodimac,Self sign-up,Micro,1.0,2,3.0,0,0,0.103
S04264,Sports,Colombia,Marketplace direct,Self sign-up,Medium,5.0,1,8.0,3,0,0.103
S10158,Home,Peru,Falabella Retail,Self sign-up,Small,5.0,3,12.0,1,1,0.103
S04311,Hardware,Colombia,Marketplace direct,Event,Medium,0.0,0,1.0,0,0,0.1029
S17017,Fashion,Colombia,Falabella Retail,Self sign-up,Micro,3.0,0,3.0,2,0,0.1028
S01886,Electronics,Colombia,Sodimac,Self sign-up,Micro,0.0,5,6.0,2,0,0.1028
S12858,Toys,Chile,Sodimac,Sales rep,Micro,3.0,3,9.0,0,0,0.1027
S08075,Fashion,Chile,Falabella Retail,Referral,Small,2.0,3,11.0,0,0,0.1027
S01042,Sports,Colombia,Marketplace direct,Sales rep,Micro,1.0,0,2.0,1,0,0.1027
S08584,Hardware,Peru,Marketplace direct,Sales rep,Micro,7.0,2,11.0,1,0,0.1026
S03442,Electronics,Colombia,Falabella Retail,Self sign-up,Micro,8.0,3,12.0,4,0,0.1026
S09406,Fashion,Colombia,Marketplace direct,Self sign-up,Micro,3.0,0,5.0,5,0,0.1026
S09158,Home,Colombia,Falabella Retail,Event,Medium,4.0,2,10.0,0,0,0.1025
S04581,Hardware,Chile,Tottus,Self sign-up,Micro,1.0,2,4.0,3,0,0.1025
S06496,Fashion,Colombia,Sodimac,Referral,Micro,8.0,3,7.0,0,1,0.1025
S14839,Electronics,Colombia,Sodimac,Self sign-up,Micro,3.0,3,8.0,2,0,0.1025
S06041,Electronics,Chile,Marketplace direct,Self sign-up,Micro,0.0,5,5.0,0,0,0.1023
S19903,Home,Colombia,Sodimac,Sales rep,Micro,4.0,0,8.0,2,0,0.1023
S18313,Home,Chile,Tottus,Self sign-up,Micro,4.0,0,4.0,2,0,0.1023
S09351,Fashion,Chile,Falabella Retail,Referral,Small,2.0,0,7.0,0,0,0.1022
S19462,Fashion,Chile,Falabella Retail,Sales rep,Micro,3.0,0,8.0,1,0,0.1022
S02169,Fashion,Chile,Falabella Retail,Event,Micro,3.0,4,11.0,1,0,0.1021
S19330,Toys,Peru,Falabella Retail,Self sign-up,Small,0.0,4,4.0,2,0,0.102
S14126,Home,Peru,Tottus,Self sign-up,Micro,2.0,2,6.0,4,0,0.1019
S08561,Home,Peru,Sodimac,Referral,Micro,2.0,5,11.0,0,0,0.1019
S06316,Beauty,Colombia,Marketplace direct,Event,Small,6.0,2,7.0,1,1,0.1018
S16379,Fashion,Colombia,Falabella Retail,Event,Medium,3.0,0,12.0,6,0,0.1018
S15423,Electronics,Chile,Marketplace direct,Sales rep,Micro,1.0,0,5.0,0,0,0.1018
S10777,Fashion,Colombia,Sodimac,Self sign-up,Micro,5.0,3,8.0,1,0,0.1017
S19649,Electronics,Colombia,Marketplace direct,Self sign-up,Small,2.0,1,8.0,5,0,0.1017
S11404,Sports,Colombia,Tottus,Self sign-up,Small,0.0,5,3.0,0,0,0.1017
S02690,Food,Peru,Tottus,Self sign-up,Small,2.0,2,2.0,0,0,0.1015
S07847,Home,Peru,Sodimac,Self sign-up,Micro,4.0,5,12.0,2,1,0.1015
S12474,Beauty,Colombia,Tottus,Self sign-up,Small,7.0,3,12.0,4,0,0.1015
S16950,Hardware,Chile,Falabella Retail,Self sign-up,Small,18.0,5,15.0,0,1,0.1015
S01651,Home,Chile,Tottus,Self sign-up,Small,1.0,2,4.0,0,0,0.1014
S05633,Electronics,Colombia,Falabella Retail,Self sign-up,Small,6.0,0,10.0,5,0,0.1013
S07386,Beauty,Colombia,Marketplace direct,Sales rep,Micro,3.0,5,15.0,4,0,0.1013
S01695,Beauty,Peru,Marketplace direct,Self sign-up,Medium,0.0,2,4.0,1,0,0.1013
S02296,Toys,Colombia,Falabella Retail,Self sign-up,Medium,0.0,3,2.0,0,0,0.1012
S13450,Fashion,Colombia,Marketplace direct,Self sign-up,Small,0.0,2,1.0,0,0,0.1012
S17285,Home,Colombia,Sodimac,Referral,Micro,0.0,1,2.0,1,0,0.1011
S15963,Food,Peru,Tottus,Referral,Micro,6.0,1,8.0,4,0,0.101
S04724,Electronics,Chile,Falabella Retail,Self sign-up,Micro,0.0,1,1.0,1,0,0.101
S06814,Fashion,Colombia,Falabella Retail,Referral,Micro,1.0,2,5.0,0,0,0.101
S06276,Home,Peru,Marketplace direct,Sales rep,Micro,3.0,2,10.0,2,0,0.1009
S01786,Home,Chile,Marketplace direct,Self sign-up,Small,2.0,3,7.0,0,0,0.1008
S13284,Food,Colombia,Sodimac,Event,Small,0.0,0,2.0,5,0,0.1008
S01499,Sports,Peru,Tottus,Event,Micro,2.0,1,3.0,1,0,0.1006
S15252,Hardware,Peru,Marketplace direct,Sales rep,Micro,5.0,1,8.0,0,0,0.1006
S10704,Home,Chile,Marketplace direct,Self sign-up,Small,1.0,4,7.0,0,0,0.1005
S14394,Toys,Colombia,Falabella Retail,Self sign-up,Micro,1.0,5,5.0,2,0,0.1005
S03864,Food,Colombia,Marketplace direct,Referral,Micro,23.0,1,2.0,0,1,0.1005
S14633,Hardware,Colombia,Marketplace direct,Event,Micro,2.0,3,6.0,1,0,0.1005
S18066,Home,Chile,Falabella Retail,Referral,Micro,1.0,5,10.0,0,0,0.1005
S17799,Toys,Peru,Sodimac,Sales rep,Small,2.0,2,9.0,1,0,0.1004
S07856,Home,Peru,Sodimac,Self sign-up,Small,0.0,2,3.0,1,0,0.1004
S01859,Home,Colombia,Sodimac,Referral,Micro,5.0,0,10.0,5,0,0.1004
S15445,Fashion,Chile,Sodimac,Self sign-up,Micro,1.0,3,5.0,0,0,0.1004
S16114,Electronics,Peru,Sodimac,Self sign-up,Medium,2.0,0,6.0,0,0,0.1003
S09402,Beauty,Peru,Marketplace direct,Sales rep,Micro,1.0,0,6.0,3,0,0.1003
S08599,Fashion,Chile,Sodimac,Referral,Micro,5.0,1,10.0,1,0,0.1002
S11279,Home,Chile,Marketplace direct,Self sign-up,Small,0.0,2,2.0,0,0,0.1002
S11827,Home,Chile,Falabella Retail,Self sign-up,Micro,0.0,4,4.0,1,0,0.1002
S11937,Food,Colombia,Marketplace direct,Self sign-up,Small,2.0,2,4.0,3,0,0.1001
S16457,Hardware,Colombia,Tottus,Self sign-up,Medium,1.0,5,8.0,0,0,0.1001
S08365,Food,Peru,Falabella Retail,Sales rep,Micro,0.0,4,5.0,1,0,0.1001
S19834,Hardware,Colombia,Marketplace direct,Self sign-up,Small,3.0,3,7.0,1,0,0.1001
S04614,Home,Colombia,Tottus,Self sign-up,Micro,3.0,3,6.0,2,0,0.1
S09508,Toys,Peru,Marketplace direct,Event,Small,0.0,4,4.0,0,0,0.1
S04771,Fashion,Chile,Sodimac,Sales rep,Small,6.0,4,16.0,0,1,0.0999
S00082,Hardware,Peru,Falabella Retail,Self sign-up,Micro,7.0,3,5.0,1,1,0.0998
S03559,Beauty,Chile,Marketplace direct,Self sign-up,Small,0.0,2,3.0,1,0,0.0998
S14400,Electronics,Chile,Sodimac,Self sign-up,Small,10.0,2,12.0,0,0,0.0998
S07588,Sports,Peru,Tottus,Self sign-up,Small,0.0,1,1.0,3,0,0.0998
S16184,Electronics,Peru,Sodimac,Event,Micro,2.0,2,7.0,0,0,0.0997
S02513,Electronics,Colombia,Sodimac,Self sign-up,Micro,1.0,0,1.0,1,0,0.0997
S07231,Home,Chile,Falabella Retail,Self sign-up,Small,1.0,3,7.0,1,0,0.0996
S06101,Home,Colombia,Marketplace direct,Self sign-up,Micro,1.0,5,5.0,0,0,0.0996
S19095,Fashion,Chile,Falabella Retail,Self sign-up,Micro,0.0,3,4.0,2,0,0.0996
S14893,Hardware,Chile,Marketplace direct,Sales rep,Micro,2.0,1,8.0,2,0,0.0996
S16906,Fashion,Peru,Tottus,Self sign-up,Small,2.0,1,4.0,0,0,0.0996
S01945,Food,Colombia,Sodimac,Event,Micro,15.0,0,6.0,4,1,0.0995
S16664,Sports,Peru,Sodimac,Event,Micro,2.0,4,9.0,2,0,0.0995
S17345,Home,Peru,Sodimac,Referral,Small,16.0,2,13.0,0,1,0.0995
S19706,Toys,Chile,Falabella Retail,Self sign-up,Micro,5.0,4,11.0,2,1,0.0994
S07794,Sports,Chile,Sodimac,Referral,Micro,5.0,3,11.0,1,0,0.0994
S16691,Hardware,Colombia,Marketplace direct,Event,Micro,1.0,2,5.0,3,0,0.0994
S02551,Fashion,Peru,Tottus,Sales rep,Small,2.0,1,10.0,2,0,0.0993
S09296,Electronics,Peru,Falabella Retail,Sales rep,Micro,1.0,0,5.0,0,0,0.0993
S04934,Sports,Colombia,Marketplace direct,Event,Micro,1.0,1,2.0,2,0,0.0993
S00253,Home,Chile,Marketplace direct,Event,Small,1.0,2,8.0,2,0,0.0992
S03203,Sports,Peru,Tottus,Referral,Micro,6.0,1,2.0,0,1,0.0992
S13604,Home,Colombia,Marketplace direct,Event,Micro,1.0,5,7.0,0,0,0.0991
S09311,Beauty,Chile,Tottus,Referral,Micro,6.0,1,10.0,2,0,0.0991
S05231,Food,Chile,Marketplace direct,Event,Micro,6.0,1,7.0,3,0,0.0991
S00495,Beauty,Colombia,Falabella Retail,Event,Micro,30.0,3,14.0,3,1,0.099
S06540,Hardware,Colombia,Falabella Retail,Self sign-up,Micro,4.0,5,9.0,1,0,0.099
S17667,Fashion,Chile,Sodimac,Self sign-up,Small,7.0,3,15.0,4,0,0.099
S17979,Electronics,Chile,Marketplace direct,Referral,Micro,1.0,4,11.0,2,0,0.099
S16077,Fashion,Peru,Sodimac,Referral,Micro,4.0,2,11.0,2,0,0.099
S00317,Sports,Peru,Tottus,Self sign-up,Micro,0.0,5,2.0,0,0,0.0989
S01387,Home,Peru,Falabella Retail,Self sign-up,Micro,4.0,2,7.0,2,0,0.0989
S10418,Electronics,Chile,Tottus,Self sign-up,Medium,2.0,5,14.0,2,0,0.0988
S14178,Fashion,Colombia,Sodimac,Referral,Micro,1.0,4,9.0,1,0,0.0988
S16656,Fashion,Chile,Falabella Retail,Self sign-up,Micro,4.0,4,10.0,1,0,0.0987
S15058,Hardware,Chile,Falabella Retail,Sales rep,Small,9.0,1,12.0,0,1,0.0987
S14825,Toys,Peru,Falabella Retail,Self sign-up,Micro,1.0,1,3.0,5,0,0.0986
S05291,Fashion,Colombia,Sodimac,Self sign-up,Micro,2.0,1,4.0,2,0,0.0986
S19223,Beauty,Peru,Falabella Retail,Self sign-up,Medium,2.0,1,7.0,1,0,0.0985
S09665,Toys,Colombia,Sodimac,Sales rep,Micro,4.0,1,10.0,5,0,0.0985
S11585,Food,Chile,Falabella Retail,Self sign-up,Micro,5.0,2,8.0,5,0,0.0984
S10584,Fashion,Colombia,Sodimac,Self sign-up,Small,1.0,1,3.0,0,0,0.0983
S05947,Sports,Peru,Tottus,Event,Micro,9.0,3,10.0,1,1,0.0982
S11739,Toys,Peru,Sodimac,Self sign-up,Micro,3.0,5,7.0,0,0,0.0982
S01952,Toys,Colombia,Tottus,Event,Small,1.0,1,3.0,2,0,0.0982
S18404,Home,Peru,Falabella Retail,Event,Micro,0.0,5,6.0,0,0,0.0981
S08630,Fashion,Chile,Sodimac,Self sign-up,Micro,1.0,1,9.0,8,0,0.0981
S14754,Food,Colombia,Falabella Retail,Referral,Micro,1.0,5,6.0,0,0,0.0981
S12651,Toys,Chile,Falabella Retail,Self sign-up,Micro,3.0,1,6.0,5,0,0.098
S04455,Home,Colombia,Falabella Retail,Self sign-up,Small,7.0,2,9.0,1,0,0.098
S05585,Food,Colombia,Sodimac,Self sign-up,Medium,1.0,0,1.0,1,0,0.098
S08591,Electronics,Peru,Marketplace direct,Sales rep,Micro,5.0,1,5.0,0,1,0.0979
S10911,Beauty,Chile,Marketplace direct,Self sign-up,Small,8.0,5,17.0,4,0,0.0979
S14462,Sports,Colombia,Marketplace direct,Self sign-up,Micro,0.0,4,1.0,1,0,0.0979
S16784,Beauty,Colombia,Sodimac,Self sign-up,Micro,0.0,2,3.0,4,0,0.0979
S18464,Toys,Chile,Marketplace direct,Referral,Medium,3.0,3,11.0,0,0,0.0979
S19500,Food,Peru,Marketplace direct,Self sign-up,Micro,3.0,4,5.0,1,0,0.0978
S14365,Toys,Colombia,Tottus,Referral,Small,24.0,1,18.0,5,1,0.0977
S03935,Home,Chile,Sodimac,Self sign-up,Micro,2.0,1,5.0,2,0,0.0977
S18144,Hardware,Chile,Falabella Retail,Self sign-up,Micro,9.0,3,4.0,0,1,0.0977
S14288,Home,Peru,Marketplace direct,Self sign-up,Small,1.0,0,2.0,1,0,0.0977
S13330,Home,Peru,Falabella Retail,Self sign-up,Small,1.0,1,3.0,0,0,0.0976
S13825,Sports,Chile,Marketplace direct,Self sign-up,Medium,2.0,1,5.0,0,0,0.0975
S03465,Hardware,Colombia,Sodimac,Referral,Micro,2.0,0,5.0,2,0,0.0975
S15109,Hardware,Peru,Falabella Retail,Self sign-up,Micro,2.0,1,2.0,0,0,0.0973
S13336,Electronics,Colombia,Falabella Retail,Self sign-up,Micro,3.0,2,5.0,0,0,0.0973
S14041,Hardware,Colombia,Sodimac,Event,Micro,2.0,0,3.0,1,0,0.0973
S13341,Electronics,Chile,Falabella Retail,Referral,Micro,4.0,1,9.0,0,0,0.0973
S17438,Electronics,Chile,Marketplace direct,Sales rep,Micro,5.0,4,16.0,2,0,0.0973
S19141,Food,Chile,Sodimac,Self sign-up,Micro,0.0,4,1.0,0,0,0.0973
S11806,Sports,Colombia,Sodimac,Referral,Micro,6.0,1,10.0,4,0,0.0972
S12136,Fashion,Peru,Falabella Retail,Self sign-up,Small,0.0,1,2.0,1,0,0.0972
S07678,Food,Chile,Marketplace direct,Self sign-up,Micro,0.0,4,1.0,1,0,0.0972
S07176,Electronics,Chile,Marketplace direct,Event,Micro,5.0,1,5.0,0,1,0.0972
S16726,Food,Peru,Falabella Retail,Self sign-up,Small,0.0,4,2.0,0,0,0.0972
S18551,Home,Chile,Marketplace direct,Referral,Micro,3.0,0,7.0,2,0,0.0972
S14848,Home,Chile,Tottus,Self sign-up,Micro,0.0,5,4.0,0,0,0.0972
S06250,Hardware,Chile,Sodimac,Self sign-up,Micro,7.0,4,12.0,4,1,0.0971
S18859,Hardware,Chile,Tottus,Event,Micro,2.0,0,5.0,3,0,0.0971
S15451,Sports,Colombia,Falabella Retail,Sales rep,Small,7.0,1,10.0,0,0,0.0971
S17779,Home,Peru,Marketplace direct,Self sign-up,Micro,4.0,3,8.0,2,0,0.097
S16675,Food,Peru,Sodimac,Self sign-up,Small,3.0,1,3.0,0,0,0.097
S11695,Hardware,Peru,Sodimac,Self sign-up,Small,0.0,2,2.0,0,0,0.097
S08807,Toys,Colombia,Sodimac,Self sign-up,Small,3.0,0,4.0,3,0,0.0969
S07410,Toys,Chile,Falabella Retail,Self sign-up,Micro,2.0,2,4.0,2,0,0.0969
S17402,Fashion,Chile,Tottus,Self sign-up,Small,4.0,0,6.0,1,0,0.0968
S15802,Fashion,Colombia,Falabella Retail,Event,Micro,3.0,0,7.0,4,0,0.0967
S03524,Fashion,Colombia,Marketplace direct,Self sign-up,Micro,16.0,1,4.0,1,1,0.0967
S05991,Sports,Peru,Marketplace direct,Self sign-up,Micro,1.0,1,1.0,2,0,0.0967
S18012,Fashion,Peru,Falabella Retail,Event,Micro,1.0,1,6.0,3,0,0.0966
S10915,Food,Colombia,Falabella Retail,Sales rep,Micro,4.0,1,5.0,0,0,0.0966
S18872,Toys,Chile,Sodimac,Event,Small,12.0,3,10.0,0,1,0.0966
S18847,Hardware,Chile,Falabella Retail,Self sign-up,Medium,3.0,0,6.0,0,0,0.0966
S07362,Hardware,Colombia,Sodimac,Sales rep,Micro,4.0,3,12.0,2,0,0.0965
S19128,Home,Chile,Tottus,Self sign-up,Micro,1.0,1,1.0,0,0,0.0965
S03298,Fashion,Chile,Tottus,Referral,Small,3.0,4,13.0,0,0,0.0964
S06783,Electronics,Peru,Tottus,Self sign-up,Medium,3.0,3,11.0,1,0,0.0963
S05250,Fashion,Colombia,Falabella Retail,Self sign-up,Micro,10.0,5,16.0,5,0,0.0963
S06007,Hardware,Chile,Sodimac,Self sign-up,Micro,3.0,2,7.0,2,0,0.0963
S04694,Fashion,Peru,Tottus,Sales rep,Micro,4.0,3,11.0,0,0,0.0963
S13289,Food,Chile,Tottus,Self sign-up,Micro,3.0,5,6.0,0,0,0.0962
S14113,Home,Peru,Falabella Retail,Self sign-up,Medium,10.0,3,16.0,2,1,0.0962
S14611,Home,Peru,Tottus,Referral,Micro,6.0,3,17.0,8,0,0.0962
S10476,Fashion,Chile,Tottus,Event,Micro,16.0,1,5.0,0,1,0.0962
S14249,Fashion,Chile,Tottus,Self sign-up,Micro,2.0,0,3.0,0,1,0.0962
S08045,Home,Peru,Falabella Retail,Sales rep,Micro,2.0,2,9.0,1,0,0.0961
S09826,Hardware,Chile,Marketplace direct,Sales rep,Micro,4.0,3,11.0,0,0,0.0961
S09490,Fashion,Peru,Falabella Retail,Sales rep,Micro,6.0,1,11.0,1,0,0.0961
S12652,Electronics,Chile,Marketplace direct,Event,Small,1.0,3,9.0,0,0,0.0961
S19543,Beauty,Colombia,Falabella Retail,Self sign-up,Medium,1.0,1,5.0,1,0,0.0961
S13210,Toys,Chile,Sodimac,Event,Small,5.0,0,8.0,2,0,0.0961
S07841,Home,Colombia,Falabella Retail,Self sign-up,Micro,6.0,1,7.0,3,0,0.096
S02003,Sports,Chile,Tottus,Self sign-up,Micro,2.0,4,6.0,1,0,0.0959
S02797,Fashion,Peru,Falabella Retail,Self sign-up,Micro,2.0,5,10.0,2,0,0.0959
S12889,Fashion,Colombia,Sodimac,Self sign-up,Micro,0.0,2,2.0,0,1,0.0959
S19838,Fashion,Peru,Sodimac,Self sign-up,Small,0.0,5,7.0,0,0,0.0959
S17244,Hardware,Chile,Falabella Retail,Sales rep,Medium,4.0,3,16.0,1,0,0.0958
S09091,Beauty,Chile,Tottus,Self sign-up,Medium,7.0,2,15.0,5,0,0.0958
S19652,Beauty,Colombia,Falabella Retail,Self sign-up,Micro,3.0,2,5.0,1,0,0.0958
S16875,Electronics,Chile,Marketplace direct,Event,Micro,3.0,2,11.0,1,1,0.0957
S10873,Home,Chile,Marketplace direct,Event,Medium,11.0,0,7.0,0,1,0.0957
S11116,Home,Peru,Falabella Retail,Self sign-up,Micro,1.0,4,6.0,1,0,0.0957
S15390,Fashion,Chile,Tottus,Self sign-up,Micro,1.0,1,4.0,3,0,0.0957
S09280,Food,Chile,Falabella Retail,Self sign-up,Small,5.0,1,8.0,4,0,0.0956
S00947,Hardware,Colombia,Marketplace direct,Self sign-up,Small,6.0,3,10.0,2,0,0.0956
S01311,Food,Colombia,Falabella Retail,Self sign-up,Micro,3.0,4,4.0,0,0,0.0955
S06313,Electronics,Chile,Sodimac,Event,Small,0.0,2,7.0,1,0,0.0955
S05100,Beauty,Peru,Falabella Retail,Sales rep,Micro,0.0,0,2.0,0,0,0.0955
S03172,Toys,Colombia,Sodimac,Event,Small,5.0,5,15.0,1,1,0.0954
S15588,Electronics,Colombia,Marketplace direct,Event,Micro,13.0,2,10.0,3,1,0.0954
S08779,Home,Colombia,Falabella Retail,Self sign-up,Small,0.0,2,3.0,2,0,0.0953
S00427,Hardware,Colombia,Marketplace direct,Event,Micro,2.0,2,5.0,1,0,0.0953
S11363,Home,Peru,Tottus,Sales rep,Micro,4.0,0,9.0,3,0,0.0953
S00458,Toys,Colombia,Marketplace direct,Self sign-up,Micro,7.0,2,8.0,2,1,0.0953
S18598,Electronics,Chile,Tottus,Self sign-up,Small,0.0,5,8.0,1,0,0.0953
S10177,Toys,Chile,Marketplace direct,Sales rep,Medium,3.0,5,17.0,1,1,0.0952
S02581,Hardware,Colombia,Tottus,Self sign-up,Micro,4.0,5,13.0,3,1,0.0951
S13275,Food,Peru,Tottus,Event,Small,3.0,2,7.0,2,0,0.0951
S18538,Sports,Peru,Marketplace direct,Referral,Micro,2.0,1,4.0,0,0,0.0951
S05526,Home,Colombia,Falabella Retail,Event,Small,1.0,0,3.0,0,0,0.095
S12655,Fashion,Chile,Marketplace direct,Event,Micro,14.0,4,18.0,4,1,0.095
S17778,Electronics,Colombia,Marketplace direct,Self sign-up,Small,0.0,2,2.0,0,0,0.095
S19324,Food,Peru,Falabella Retail,Self sign-up,Micro,2.0,2,2.0,1,0,0.095
S16144,Toys,Chile,Marketplace direct,Self sign-up,Small,2.0,2,4.0,0,0,0.095
S16798,Fashion,Chile,Marketplace direct,Sales rep,Small,10.0,1,18.0,5,0,0.095
S09717,Electronics,Chile,Tottus,Sales rep,Micro,4.0,5,15.0,0,0,0.0949
S02960,Hardware,Peru,Marketplace direct,Event,Micro,0.0,4,4.0,0,0,0.0949
S03347,Beauty,Colombia,Marketplace direct,Self sign-up,Micro,2.0,3,8.0,0,1,0.0948
S12881,Sports,Chile,Tottus,Self sign-up,Micro,7.0,3,8.0,0,1,0.0948
S09321,Home,Colombia,Marketplace direct,Self sign-up,Micro,2.0,3,4.0,0,0,0.0948
S01274,Electronics,Chile,Falabella Retail,Self sign-up,Medium,6.0,2,13.0,1,0,0.0947
S12125,Hardware,Colombia,Sodimac,Self sign-up,Small,2.0,0,4.0,2,0,0.0947
S11773,Sports,Peru,Marketplace direct,Self sign-up,Small,2.0,2,5.0,1,0,0.0947
S08054,Food,Peru,Marketplace direct,Self sign-up,Small,3.0,4,8.0,2,0,0.0947
S01853,Toys,Chile,Marketplace direct,Sales rep,Micro,3.0,2,9.0,2,0,0.0947
S09422,Beauty,Chile,Marketplace direct,Self sign-up,Small,2.0,4,13.0,5,0,0.0946
S17103,Food,Peru,Marketplace direct,Self sign-up,Micro,3.0,1,2.0,2,0,0.0946
S05292,Hardware,Chile,Marketplace direct,Sales rep,Micro,0.0,1,3.0,0,0,0.0946
S08386,Food,Chile,Sodimac,Self sign-up,Medium,1.0,1,4.0,1,0,0.0946
S04783,Beauty,Chile,Falabella Retail,Self sign-up,Micro,11.0,5,14.0,1,1,0.0945
S01399,Fashion,Chile,Marketplace direct,Referral,Micro,0.0,0,3.0,2,0,0.0945
S05236,Home,Peru,Tottus,Sales rep,Micro,0.0,0,2.0,1,0,0.0945
S14888,Hardware,Colombia,Tottus,Self sign-up,Micro,0.0,4,1.0,0,0,0.0945
S18636,Hardware,Peru,Falabella Retail,Self sign-up,Micro,0.0,3,2.0,1,0,0.0945
S05912,Beauty,Peru,Tottus,Event,Small,5.0,3,11.0,0,0,0.0944
S13722,Sports,Colombia,Falabella Retail,Self sign-up,Small,3.0,3,7.0,1,0,0.0944
S07094,Sports,Chile,Marketplace direct,Self sign-up,Micro,10.0,4,12.0,2,1,0.0943
S10281,Hardware,Peru,Falabella Retail,Self sign-up,Small,2.0,1,5.0,1,0,0.0943
S02472,Toys,Chile,Sodimac,Self sign-up,Medium,4.0,4,11.0,0,0,0.0942
S09418,Beauty,Chile,Tottus,Self sign-up,Micro,1.0,3,4.0,0,0,0.0942
S02115,Food,Chile,Falabella Retail,Event,Small,4.0,1,7.0,1,0,0.0942
S07959,Food,Chile,Falabella Retail,Sales rep,Micro,3.0,2,8.0,1,0,0.0942
S00439,Sports,Chile,Falabella Retail,Self sign-up,Small,2.0,4,8.0,0,0,0.0942
S16878,Home,Chile,Tottus,Self sign-up,Micro,2.0,0,2.0,1,0,0.0942
S02853,Home,Chile,Tottus,Self sign-up,Medium,0.0,0,2.0,1,0,0.0942
S10003,Electronics,Chile,Falabella Retail,Self sign-up,Micro,1.0,4,7.0,0,0,0.0941
S07306,Electronics,Peru,Sodimac,Event,Micro,0.0,1,7.0,1,1,0.0941
S09661,Toys,Peru,Sodimac,Self sign-up,Micro,4.0,2,4.0,0,0,0.0941
S05447,Fashion,Chile,Tottus,Event,Micro,1.0,5,9.0,0,0,0.094
S00673,Sports,Chile,Falabella Retail,Self sign-up,Micro,10.0,1,12.0,3,1,0.094
S16586,Toys,Chile,Marketplace direct,Event,Micro,0.0,2,2.0,2,0,0.094
S06553,Electronics,Chile,Sodimac,Event,Micro,8.0,1,12.0,2,0,0.094
S01019,Fashion,Chile,Falabella Retail,Event,Micro,1.0,1,6.0,2,0,0.0938
S14321,Sports,Colombia,Marketplace direct,Event,Micro,1.0,1,4.0,4,0,0.0938
S09577,Sports,Colombia,Sodimac,Self sign-up,Small,7.0,3,13.0,5,0,0.0938
S06958,Fashion,Colombia,Falabella Retail,Sales rep,Micro,5.0,2,12.0,2,0,0.0938
S13496,Home,Chile,Falabella Retail,Self sign-up,Small,1.0,0,5.0,3,0,0.0937
S09377,Home,Peru,Marketplace direct,Self sign-up,Micro,3.0,4,8.0,1,0,0.0937
S14233,Home,Peru,Marketplace direct,Self sign-up,Micro,3.0,4,8.0,1,0,0.0937
S19209,Food,Colombia,Marketplace direct,Sales rep,Micro,0.0,3,2.0,0,0,0.0937
S04924,Fashion,Colombia,Falabella Retail,Self sign-up,Medium,0.0,0,1.0,0,0,0.0937
S07998,Home,Chile,Sodimac,Referral,Small,4.0,3,14.0,1,0,0.0936
S15811,Sports,Colombia,Sodimac,Event,Small,7.0,3,11.0,0,1,0.0936
S11728,Sports,Chile,Tottus,Self sign-up,Micro,2.0,3,4.0,0,0,0.0936
S16628,Electronics,Colombia,Marketplace direct,Event,Small,7.0,5,20.0,6,0,0.0936
S04259,Home,Chile,Falabella Retail,Self sign-up,Medium,4.0,0,9.0,2,0,0.0935
S01119,Hardware,Colombia,Sodimac,Sales rep,Small,6.0,5,18.0,2,0,0.0935
S01702,Fashion,Peru,Marketplace direct,Self sign-up,Micro,9.0,1,8.0,1,1,0.0935
S19830,Sports,Chile,Falabella Retail,Referral,Small,2.0,1,8.0,1,0,0.0934
S18968,Beauty,Chile,Tottus,Self sign-up,Small,1.0,0,2.0,0,0,0.0934
S00265,Home,Colombia,Falabella Retail,Self sign-up,Small,6.0,4,14.0,4,0,0.0934
S05632,Fashion,Chile,Tottus,Self sign-up,Small,1.0,3,8.0,2,0,0.0934
S04665,Fashion,Chile,Sodimac,Self sign-up,Micro,6.0,4,8.0,2,1,0.0934
S03584,Food,Chile,Falabella Retail,Self sign-up,Micro,0.0,4,5.0,5,0,0.0933
S15855,Hardware,Chile,Tottus,Referral,Medium,9.0,5,25.0,8,0,0.0933
S14666,Electronics,Chile,Tottus,Self sign-up,Micro,0.0,4,4.0,0,0,0.0933
S17413,Home,Peru,Marketplace direct,Event,Micro,5.0,4,13.0,3,0,0.0933
S10450,Fashion,Chile,Sodimac,Self sign-up,Micro,22.0,1,12.0,4,1,0.0932
S04831,Home,Chile,Falabella Retail,Referral,Micro,5.0,5,15.0,1,0,0.0932
S09829,Beauty,Colombia,Sodimac,Referral,Small,0.0,2,6.0,1,0,0.0932
S00708,Fashion,Colombia,Marketplace direct,Referral,Small,3.0,1,12.0,1,1,0.0932
S19818,Toys,Peru,Sodimac,Self sign-up,Micro,2.0,1,1.0,0,0,0.0932
S11991,Home,Chile,Marketplace direct,Sales rep,Micro,1.0,2,8.0,1,0,0.0931
S07765,Electronics,Peru,Sodimac,Self sign-up,Medium,7.0,0,12.0,3,1,0.0931
S11183,Hardware,Colombia,Marketplace direct,Self sign-up,Medium,0.0,2,4.0,2,0,0.0931
S04051,Sports,Colombia,Falabella Retail,Self sign-up,Small,1.0,0,4.0,5,0,0.0931
S19793,Electronics,Chile,Marketplace direct,Event,Micro,4.0,5,13.0,0,0,0.0931
S01124,Fashion,Colombia,Falabella Retail,Event,Micro,2.0,5,13.0,4,0,0.0931
S18858,Home,Colombia,Sodimac,Event,Micro,1.0,3,8.0,3,0,0.093
S13392,Toys,Chile,Tottus,Self sign-up,Small,0.0,2,1.0,1,0,0.093
S17507,Home,Chile,Marketplace direct,Referral,Small,0.0,3,7.0,0,0,0.0928
S06001,Electronics,Colombia,Marketplace direct,Self sign-up,Micro,3.0,3,7.0,1,0,0.0928
S19403,Beauty,Peru,Sodimac,Self sign-up,Small,1.0,2,6.0,1,0,0.0928
S12546,Hardware,Chile,Falabella Retail,Sales rep,Micro,6.0,4,15.0,1,0,0.0926
S15815,Toys,Chile,Sodimac,Self sign-up,Medium,1.0,1,4.0,0,0,0.0926
S10706,Food,Chile,Falabella Retail,Self sign-up,Micro,4.0,2,7.0,1,1,0.0926
S15310,Beauty,Chile,Falabella Retail,Self sign-up,Micro,1.0,4,7.0,1,0,0.0926
S19973,Toys,Chile,Marketplace direct,Self sign-up,Micro,0.0,4,2.0,1,0,0.0925
S00891,Food,Chile,Tottus,Self sign-up,Micro,1.0,1,1.0,3,0,0.0925
S07926,Home,Chile,Sodimac,Event,Micro,3.0,2,8.0,0,0,0.0925
S14362,Food,Colombia,Falabella Retail,Self sign-up,Micro,0.0,4,2.0,3,0,0.0924
S16745,Beauty,Chile,Falabella Retail,Self sign-up,Micro,3.0,3,8.0,1,0,0.0924
S09719,Electronics,Peru,Tottus,Self sign-up,Small,3.0,3,12.0,4,0,0.0924
S12430,Home,Peru,Tottus,Referral,Medium,0.0,1,6.0,1,0,0.0924
S17869,Toys,Chile,Marketplace direct,Referral,Small,2.0,1,6.0,0,0,0.0923
S17256,Fashion,Peru,Falabella Retail,Self sign-up,Micro,0.0,1,2.0,3,0,0.0922
S00264,Food,Peru,Marketplace direct,Sales rep,Small,1.0,0,4.0,1,0,0.0922
S00750,Home,Peru,Sodimac,Sales rep,Micro,9.0,4,18.0,3,0,0.0921
S11993,Fashion,Peru,Tottus,Self sign-up,Micro,2.0,0,2.0,1,0,0.0921
S17703,Electronics,Colombia,Marketplace direct,Sales rep,Small,7.0,2,16.0,3,0,0.0921
S05397,Home,Peru,Falabella Retail,Sales rep,Micro,4.0,2,11.0,1,0,0.092
S13905,Food,Peru,Marketplace direct,Self sign-up,Small,3.0,4,9.0,3,0,0.092
S00531,Sports,Chile,Falabella Retail,Self sign-up,Micro,10.0,4,13.0,3,0,0.092
S13089,Hardware,Peru,Falabella Retail,Self sign-up,Micro,2.0,1,4.0,2,0,0.092
S12863,Home,Chile,Tottus,Self sign-up,Micro,9.0,1,10.0,4,0,0.092
S01242,Fashion,Chile,Sodimac,Event,Micro,3.0,1,8.0,1,0,0.092
S11878,Electronics,Colombia,Falabella Retail,Referral,Micro,0.0,0,2.0,1,0,0.0919
S14142,Sports,Peru,Falabella Retail,Self sign-up,Micro,3.0,3,6.0,1,0,0.0919
S05184,Electronics,Colombia,Marketplace direct,Self sign-up,Micro,4.0,3,7.0,0,0,0.0919
S06104,Fashion,Chile,Marketplace direct,Self sign-up,Small,0.0,0,2.0,2,0,0.0918
S01831,Food,Colombia,Sodimac,Self sign-up,Small,29.0,1,4.0,0,1,0.0917
S03127,Electronics,Chile,Marketplace direct,Self sign-up,Small,5.0,0,7.0,0,0,0.0917
S00895,Hardware,Peru,Falabella Retail,Self sign-up,Small,1.0,1,3.0,0,0,0.0916
S16583,Hardware,Chile,Falabella Retail,Referral,Small,5.0,3,14.0,1,0,0.0915
S05564,Food,Chile,Falabella Retail,Self sign-up,Small,5.0,2,8.0,2,0,0.0914
S01163,Home,Chile,Marketplace direct,Sales rep,Medium,1.0,2,11.0,0,0,0.0914
S01021,Toys,Colombia,Sodimac,Self sign-up,Small,4.0,2,7.0,2,0,0.0913
S01397,Food,Chile,Tottus,Sales rep,Micro,10.0,5,19.0,6,0,0.0913
S01423,Fashion,Colombia,Marketplace direct,Self sign-up,Small,1.0,2,4.0,0,0,0.0912
S09435,Beauty,Colombia,Falabella Retail,Self sign-up,Micro,14.0,0,5.0,0,1,0.0912
S09638,Sports,Chile,Falabella Retail,Referral,Micro,2.0,1,7.0,2,0,0.0912
S01145,Home,Chile,Tottus,Event,Small,1.0,3,8.0,0,0,0.0912
S07136,Electronics,Chile,Marketplace direct,Event,Micro,0.0,0,1.0,0,0,0.0912
S04754,Food,Chile,Falabella Retail,Referral,Small,4.0,3,16.0,7,0,0.0911
S18653,Home,Colombia,Falabella Retail,Self sign-up,Small,0.0,3,3.0,0,0,0.0911
S12848,Electronics,Chile,Sodimac,Self sign-up,Small,7.0,5,18.0,3,0,0.0911
S04558,Electronics,Colombia,Marketplace direct,Event,Micro,2.0,5,10.0,0,0,0.091
S07261,Hardware,Chile,Marketplace direct,Self sign-up,Medium,5.0,5,14.0,0,0,0.091
S04545,Home,Peru,Tottus,Self sign-up,Micro,4.0,5,10.0,0,1,0.0909
S19585,Beauty,Colombia,Falabella Retail,Event,Medium,5.0,2,14.0,3,0,0.0909
S00314,Fashion,Colombia,Marketplace direct,Referral,Small,3.0,5,16.0,3,0,0.0909
S13719,Electronics,Chile,Sodimac,Self sign-up,Micro,1.0,1,6.0,3,0,0.0909
S17258,Fashion,Colombia,Falabella Retail,Self sign-up,Micro,1.0,1,2.0,1,0,0.0908
S14511,Food,Peru,Falabella Retail,Sales rep,Micro,4.0,2,10.0,3,0,0.0907
S18619,Hardware,Peru,Falabella Retail,Referral,Micro,8.0,3,12.0,0,0,0.0907
S15720,Hardware,Chile,Tottus,Self sign-up,Small,1.0,4,7.0,0,0,0.0907
S19239,Sports,Colombia,Sodimac,Self sign-up,Medium,1.0,3,7.0,1,0,0.0907
S16219,Beauty,Peru,Falabella Retail,Event,Micro,2.0,1,5.0,0,0,0.0905
S16068,Home,Colombia,Sodimac,Self sign-up,Micro,1.0,4,10.0,6,0,0.0905
S14159,Food,Chile,Falabella Retail,Self sign-up,Small,8.0,5,20.0,10,0,0.0905
S03691,Beauty,Peru,Falabella Retail,Self sign-up,Micro,7.0,4,12.0,2,0,0.0905
S09651,Hardware,Colombia,Tottus,Referral,Medium,4.0,0,9.0,1,0,0.0905
S12463,Electronics,Chile,Marketplace direct,Event,Small,11.0,1,16.0,4,0,0.0905
S14723,Sports,Chile,Sodimac,Self sign-up,Micro,17.0,3,10.0,2,1,0.0905
S01568,Fashion,Peru,Tottus,Self sign-up,Micro,4.0,1,6.0,2,0,0.0904
S14993,Fashion,Chile,Falabella Retail,Self sign-up,Micro,5.0,4,12.0,2,0,0.0904
S16967,Fashion,Chile,Sodimac,Self sign-up,Medium,3.0,2,4.0,0,1,0.0904
S07120,Fashion,Chile,Tottus,Self sign-up,Small,1.0,0,5.0,3,0,0.0903
S07366,Home,Colombia,Falabella Retail,Self sign-up,Micro,1.0,1,4.0,4,0,0.0903
S03662,Hardware,Peru,Falabella Retail,Referral,Small,4.0,0,8.0,0,0,0.0903
S15284,Home,Peru,Marketplace direct,Self sign-up,Small,5.0,2,9.0,1,1,0.0902
S05005,Fashion,Peru,Sodimac,Event,Micro,1.0,0,3.0,0,0,0.0902
S08122,Toys,Chile,Marketplace direct,Self sign-up,Medium,2.0,0,5.0,2,0,0.0902
S01144,Fashion,Colombia,Falabella Retail,Self sign-up,Small,3.0,2,8.0,0,1,0.0902
S19810,Fashion,Chile,Marketplace direct,Referral,Micro,2.0,0,7.0,2,0,0.0902
S11589,Home,Chile,Falabella Retail,Self sign-up,Micro,4.0,0,8.0,5,0,0.0901
S01486,Food,Peru,Falabella Retail,Self sign-up,Medium,0.0,1,1.0,1,0,0.09
S18146,Hardware,Colombia,Sodimac,Self sign-up,Small,7.0,4,13.0,2,0,0.09
S04483,Home,Chile,Sodimac,Self sign-up,Small,8.0,0,2.0,1,1,0.0899
S10170,Fashion,Chile,Sodimac,Sales rep,Micro,3.0,0,10.0,2,0,0.0899
S18723,Hardware,Colombia,Falabella Retail,Referral,Small,36.0,0,14.0,2,1,0.0899
S07063,Electronics,Colombia,Marketplace direct,Self sign-up,Small,3.0,3,10.0,2,0,0.0899
S06856,Home,Chile,Falabella Retail,Event,Micro,2.0,0,5.0,1,0,0.0898
S07401,Home,Chile,Marketplace direct,Self sign-up,Small,7.0,1,10.0,2,0,0.0898
S16313,Food,Peru,Falabella Retail,Referral,Micro,1.0,1,2.0,0,0,0.0898
S15692,Fashion,Chile,Falabella Retail,Self sign-up,Medium,7.0,3,17.0,4,0,0.0898
S00293,Electronics,Chile,Tottus,Self sign-up,Small,2.0,0,7.0,3,0,0.0897
S08881,Food,Peru,Marketplace direct,Sales rep,Micro,5.0,0,6.0,1,1,0.0897
S03058,Home,Chile,Tottus,Self sign-up,Micro,2.0,2,5.0,1,0,0.0897
S04750,Home,Chile,Tottus,Self sign-up,Micro,2.0,5,9.0,0,1,0.0896
S13927,Home,Peru,Tottus,Self sign-up,Micro,0.0,4,5.0,3,0,0.0896
S11033,Beauty,Colombia,Marketplace direct,Self sign-up,Micro,4.0,1,6.0,3,0,0.0896
S02822,Electronics,Chile,Falabella Retail,Referral,Medium,5.0,2,16.0,1,0,0.0896
S13376,Home,Chile,Sodimac,Sales rep,Small,11.0,3,19.0,2,1,0.0896
S10950,Fashion,Colombia,Falabella Retail,Sales rep,Micro,8.0,3,15.0,2,0,0.0896
S10625,Sports,Peru,Falabella Retail,Self sign-up,Micro,7.0,5,12.0,2,0,0.0896
S00757,Food,Peru,Tottus,Self sign-up,Micro,2.0,3,3.0,1,0,0.0895
S00723,Food,Chile,Sodimac,Referral,Micro,1.0,1,3.0,0,0,0.0895
S14381,Fashion,Colombia,Sodimac,Self sign-up,Micro,1.0,5,7.0,0,0,0.0895
S08957,Sports,Chile,Sodimac,Self sign-up,Micro,2.0,3,7.0,2,0,0.0895
S10091,Electronics,Peru,Falabella Retail,Event,Small,6.0,3,16.0,0,1,0.0895
S00564,Sports,Colombia,Sodimac,Self sign-up,Small,5.0,2,13.0,4,1,0.0895
S08127,Sports,Chile,Falabella Retail,Sales rep,Micro,1.0,3,8.0,0,0,0.0895
S15165,Home,Chile,Tottus,Sales rep,Small,12.0,2,14.0,1,1,0.0894
S01139,Sports,Colombia,Marketplace direct,Referral,Micro,4.0,3,8.0,0,0,0.0894
S06175,Food,Chile,Falabella Retail,Sales rep,Small,2.0,1,8.0,1,0,0.0894
S01509,Toys,Colombia,Falabella Retail,Sales rep,Micro,6.0,3,10.0,0,0,0.0894
S02731,Home,Colombia,Falabella Retail,Event,Small,9.0,4,15.0,1,0,0.0894
S17493,Electronics,Peru,Sodimac,Event,Micro,2.0,1,8.0,2,0,0.0893
S03656,Electronics,Peru,Falabella Retail,Referral,Micro,1.0,2,8.0,1,0,0.0893
S05033,Beauty,Chile,Falabella Retail,Self sign-up,Micro,1.0,2,7.0,4,0,0.0893
S10200,Sports,Colombia,Sodimac,Referral,Small,0.0,0,3.0,2,0,0.0892
S02986,Electronics,Chile,Tottus,Referral,Micro,6.0,4,14.0,0,0,0.0892
S16111,Beauty,Colombia,Marketplace direct,Self sign-up,Small,2.0,2,6.0,1,0,0.0891
S09488,Food,Chile,Marketplace direct,Referral,Small,1.0,1,5.0,1,0,0.0891
S12968,Electronics,Chile,Falabella Retail,Event,Medium,0.0,2,8.0,0,0,0.0891
S14792,Hardware,Colombia,Falabella Retail,Self sign-up,Medium,3.0,0,10.0,6,0,0.0891
S14268,Sports,Chile,Marketplace direct,Self sign-up,Small,14.0,1,15.0,7,0,0.0891
S06527,Electronics,Peru,Falabella Retail,Referral,Micro,0.0,0,3.0,1,0,0.089
S13337,Hardware,Colombia,Marketplace direct,Referral,Small,8.0,1,8.0,1,1,0.089
S14628,Toys,Chile,Marketplace direct,Sales rep,Medium,6.0,1,12.0,0,0,0.089
S01449,Home,Peru,Sodimac,Self sign-up,Medium,0.0,0,2.0,0,0,0.0889
S15144,Fashion,Chile,Tottus,Self sign-up,Micro,1.0,2,5.0,2,0,0.0889
S18871,Electronics,Chile,Falabella Retail,Self sign-up,Micro,13.0,4,13.0,0,1,0.0889
S04048,Fashion,Chile,Marketplace direct,Self sign-up,Small,4.0,0,6.0,0,0,0.0888
S09815,Home,Colombia,Sodimac,Sales rep,Micro,4.0,5,14.0,0,0,0.0888
S15033,Home,Colombia,Sodimac,Self sign-up,Micro,0.0,3,4.0,3,0,0.0887
S10067,Food,Colombia,Sodimac,Self sign-up,Small,4.0,0,3.0,1,0,0.0887
S14760,Fashion,Colombia,Sodimac,Event,Micro,1.0,2,5.0,0,0,0.0887
S03491,Electronics,Chile,Falabella Retail,Referral,Micro,0.0,1,5.0,1,0,0.0887
S14651,Electronics,Chile,Falabella Retail,Self sign-up,Micro,0.0,2,4.0,2,0,0.0886
S16131,Hardware,Peru,Sodimac,Self sign-up,Micro,6.0,5,12.0,1,0,0.0886
S03340,Fashion,Peru,Marketplace direct,Self sign-up,Micro,5.0,1,7.0,2,0,0.0886
S14411,Electronics,Peru,Falabella Retail,Event,Small,0.0,0,3.0,0,0,0.0886
S06254,Food,Colombia,Marketplace direct,Event,Micro,1.0,5,5.0,0,0,0.0886
S02803,Beauty,Colombia,Falabella Retail,Event,Micro,2.0,0,3.0,0,0,0.0886
S07194,Hardware,Chile,Falabella Retail,Self sign-up,Small,0.0,4,8.0,3,0,0.0885
S13294,Electronics,Peru,Falabella Retail,Self sign-up,Small,2.0,0,8.0,4,0,0.0885
S00873,Fashion,Chile,Marketplace direct,Self sign-up,Micro,0.0,4,4.0,0,0,0.0885
S18463,Fashion,Colombia,Tottus,Event,Micro,7.0,0,10.0,5,0,0.0885
S09857,Sports,Chile,Tottus,Sales rep,Micro,6.0,2,14.0,2,1,0.0885
S02343,Home,Colombia,Falabella Retail,Referral,Micro,1.0,2,7.0,2,0,0.0885
S04414,Home,Colombia,Tottus,Event,Small,14.0,3,16.0,3,0,0.0885
S13334,Fashion,Colombia,Falabella Retail,Self sign-up,Small,5.0,2,10.0,2,0,0.0884
S15534,Toys,Peru,Marketplace direct,Referral,Micro,1.0,3,5.0,0,0,0.0884
S13854,Home,Peru,Marketplace direct,Event,Micro,0.0,2,3.0,1,0,0.0883
S14450,Hardware,Chile,Marketplace direct,Self sign-up,Micro,4.0,3,12.0,2,1,0.0883
S05103,Sports,Chile,Sodimac,Self sign-up,Small,6.0,2,7.0,0,1,0.0882
S06948,Toys,Chile,Falabella Retail,Self sign-up,Small,3.0,2,10.0,5,0,0.0882
S10796,Home,Colombia,Falabella Retail,Self sign-up,Micro,22.0,0,5.0,4,1,0.0882
S09256,Beauty,Chile,Marketplace direct,Self sign-up,Small,2.0,0,4.0,0,0,0.0881
S12645,Hardware,Colombia,Sodimac,Self sign-up,Micro,2.0,2,6.0,3,0,0.088
S12231,Food,Chile,Marketplace direct,Event,Medium,0.0,5,11.0,0,1,0.088
S07568,Hardware,Chile,Tottus,Self sign-up,Micro,14.0,5,11.0,2,1,0.088
S19575,Electronics,Chile,Tottus,Self sign-up,Small,1.0,2,6.0,0,0,0.0879
S01152,Electronics,Colombia,Falabella Retail,Event,Micro,2.0,3,8.0,0,0,0.0879
S11307,Hardware,Chile,Tottus,Self sign-up,Small,0.0,2,3.0,1,0,0.0879
S07090,Fashion,Peru,Falabella Retail,Event,Micro,3.0,3,10.0,1,0,0.0878
S06629,Sports,Colombia,Marketplace direct,Referral,Micro,5.0,3,12.0,4,0,0.0878
S13622,Toys,Peru,Sodimac,Sales rep,Micro,3.0,0,7.0,2,0,0.0877
S00563,Sports,Colombia,Sodimac,Sales rep,Small,1.0,0,5.0,0,0,0.0877
S09947,Home,Chile,Falabella Retail,Self sign-up,Small,3.0,2,8.0,0,0,0.0876
S02975,Hardware,Peru,Marketplace direct,Self sign-up,Micro,8.0,3,7.0,0,1,0.0875
S05222,Electronics,Chile,Marketplace direct,Self sign-up,Micro,6.0,1,8.0,1,0,0.0875
S14912,Sports,Chile,Falabella Retail,Referral,Micro,0.0,2,9.0,7,0,0.0875
S08894,Fashion,Peru,Falabella Retail,Self sign-up,Micro,1.0,1,6.0,2,1,0.0875
S00407,Hardware,Peru,Marketplace direct,Event,Micro,0.0,3,4.0,1,0,0.0874
S03111,Home,Chile,Falabella Retail,Self sign-up,Micro,1.0,1,4.0,2,0,0.0874
S03457,Hardware,Peru,Tottus,Self sign-up,Micro,2.0,4,6.0,0,0,0.0874
S16430,Toys,Chile,Falabella Retail,Self sign-up,Small,0.0,4,4.0,0,0,0.0873
S14701,Sports,Colombia,Sodimac,Referral,Small,1.0,1,6.0,1,0,0.0873
S13980,Beauty,Chile,Tottus,Self sign-up,Small,2.0,4,10.0,1,0,0.0872
S09287,Beauty,Peru,Tottus,Self sign-up,Small,2.0,0,4.0,1,0,0.0872
S07822,Home,Colombia,Marketplace direct,Sales rep,Micro,1.0,2,7.0,1,0,0.0871
S19743,Home,Chile,Falabella Retail,Self sign-up,Small,4.0,1,10.0,3,1,0.0871
S10070,Beauty,Chile,Falabella Retail,Event,Micro,6.0,1,12.0,4,0,0.0871
S10674,Food,Chile,Marketplace direct,Self sign-up,Small,0.0,2,1.0,1,0,0.087
S19531,Hardware,Peru,Falabella Retail,Self sign-up,Small,0.0,1,1.0,0,0,0.087
S15548,Toys,Peru,Tottus,Self sign-up,Small,11.0,2,6.0,2,1,0.087
S14870,Beauty,Colombia,Sodimac,Sales rep,Small,4.0,0,12.0,3,0,0.0869
S02608,Sports,Peru,Falabella Retail,Self sign-up,Small,1.0,3,6.0,1,0,0.0869
S11959,Home,Peru,Sodimac,Self sign-up,Micro,2.0,3,7.0,1,0,0.0868
S02047,Beauty,Chile,Tottus,Self sign-up,Micro,3.0,5,12.0,3,0,0.0868
S02365,Sports,Chile,Marketplace direct,Event,Micro,1.0,2,4.0,0,0,0.0868
S17460,Hardware,Peru,Marketplace direct,Self sign-up,Micro,4.0,5,11.0,2,0,0.0868
S11078,Home,Peru,Tottus,Sales rep,Micro,4.0,3,12.0,1,0,0.0867
S11910,Hardware,Chile,Marketplace direct,Referral,Small,0.0,0,3.0,0,0,0.0867
S06349,Sports,Chile,Tottus,Self sign-up,Micro,1.0,0,4.0,6,0,0.0867
S13261,Home,Colombia,Marketplace direct,Self sign-up,Micro,14.0,2,8.0,2,1,0.0867
S19263,Home,Colombia,Falabella Retail,Self sign-up,Micro,1.0,5,8.0,2,0,0.0867
S05684,Fashion,Chile,Tottus,Self sign-up,Micro,1.0,1,3.0,1,0,0.0867
S11003,Food,Peru,Marketplace direct,Sales rep,Micro,2.0,3,7.0,0,0,0.0866
S07670,Food,Chile,Sodimac,Event,Micro,1.0,2,5.0,2,0,0.0866
S14422,Fashion,Chile,Marketplace direct,Self sign-up,Micro,2.0,5,10.0,1,0,0.0866
S01343,Beauty,Peru,Marketplace direct,Self sign-up,Medium,1.0,1,6.0,1,0,0.0866
S02979,Hardware,Chile,Tottus,Self sign-up,Micro,0.0,4,3.0,0,0,0.0865
S10385,Home,Colombia,Marketplace direct,Self sign-up,Micro,4.0,5,9.0,0,0,0.0864
S12432,Electronics,Peru,Sodimac,Self sign-up,Micro,4.0,4,12.0,2,0,0.0863
S10919,Electronics,Colombia,Falabella Retail,Self sign-up,Medium,5.0,3,13.0,1,0,0.0862
S04346,Toys,Peru,Tottus,Event,Micro,2.0,2,7.0,4,0,0.0862
S07026,Beauty,Peru,Falabella Retail,Self sign-up,Micro,4.0,4,14.0,6,0,0.0862
S00290,Hardware,Colombia,Sodimac,Self sign-up,Small,2.0,3,7.0,0,0,0.0862
S07095,Home,Colombia,Falabella Retail,Self sign-up,Small,3.0,4,11.0,2,0,0.0862
S17211,Hardware,Colombia,Marketplace direct,Event,Medium,3.0,4,13.0,1,0,0.0861
S17342,Home,Colombia,Marketplace direct,Sales rep,Micro,15.0,1,16.0,5,0,0.0861
S13048,Food,Chile,Sodimac,Sales rep,Micro,6.0,2,10.0,0,0,0.0861
S00876,Fashion,Colombia,Sodimac,Self sign-up,Small,0.0,0,1.0,1,0,0.086
S03817,Home,Chile,Falabella Retail,Sales rep,Medium,7.0,1,16.0,1,0,0.086
S19432,Beauty,Chile,Marketplace direct,Sales rep,Small,5.0,1,13.0,1,0,0.086
S12605,Toys,Chile,Falabella Retail,Self sign-up,Medium,15.0,0,9.0,1,1,0.0859
S08043,Fashion,Chile,Sodimac,Self sign-up,Micro,11.0,0,17.0,11,0,0.0858
S09273,Sports,Colombia,Falabella Retail,Self sign-up,Small,11.0,0,13.0,8,0,0.0858
S08202,Home,Peru,Tottus,Self sign-up,Micro,2.0,3,6.0,1,0,0.0858
S08960,Home,Chile,Tottus,Event,Small,1.0,0,6.0,2,0,0.0857
S12750,Food,Chile,Marketplace direct,Self sign-up,Medium,0.0,2,2.0,0,0,0.0857
S08936,Home,Chile,Sodimac,Sales rep,Micro,5.0,0,12.0,3,0,0.0857
S04064,Electronics,Peru,Falabella Retail,Event,Small,4.0,4,14.0,0,0,0.0857
S17149,Electronics,Peru,Marketplace direct,Self sign-up,Micro,2.0,2,6.0,1,0,0.0857
S12865,Hardware,Colombia,Falabella Retail,Self sign-up,Micro,3.0,5,10.0,2,0,0.0857
S17818,Fashion,Peru,Falabella Retail,Referral,Micro,6.0,1,13.0,4,0,0.0857
S00165,Fashion,Colombia,Sodimac,Self sign-up,Micro,1.0,3,3.0,0,1,0.0856
S17760,Sports,Colombia,Falabella Retail,Self sign-up,Medium,0.0,1,2.0,1,0,0.0856
S07565,Hardware,Peru,Marketplace direct,Event,Micro,6.0,1,8.0,1,0,0.0856
S09386,Hardware,Chile,Marketplace direct,Self sign-up,Micro,1.0,5,7.0,0,0,0.0855
S19512,Fashion,Colombia,Tottus,Referral,Micro,1.0,1,4.0,0,0,0.0855
S06619,Home,Peru,Falabella Retail,Self sign-up,Micro,0.0,1,2.0,3,0,0.0855
S03336,Beauty,Colombia,Sodimac,Self sign-up,Small,2.0,4,9.0,2,1,0.0854
S06205,Sports,Chile,Falabella Retail,Self sign-up,Medium,6.0,5,17.0,3,0,0.0854
S15845,Home,Colombia,Marketplace direct,Self sign-up,Small,4.0,3,10.0,2,0,0.0854
S11964,Home,Colombia,Sodimac,Self sign-up,Micro,4.0,0,4.0,1,0,0.0854
S00336,Electronics,Peru,Marketplace direct,Self sign-up,Small,2.0,2,8.0,1,0,0.0854
S14763,Home,Peru,Sodimac,Self sign-up,Small,7.0,4,17.0,5,0,0.0853
S11915,Hardware,Chile,Tottus,Self sign-up,Micro,0.0,2,2.0,1,1,0.0853
S07426,Food,Chile,Marketplace direct,Referral,Micro,5.0,1,7.0,1,0,0.0853
S09069,Fashion,Chile,Falabella Retail,Self sign-up,Micro,0.0,3,5.0,2,0,0.0853
S13187,Electronics,Colombia,Marketplace direct,Sales rep,Small,7.0,4,20.0,4,0,0.0852
S14909,Sports,Chile,Sodimac,Self sign-up,Micro,1.0,5,7.0,0,0,0.0852
S13765,Sports,Colombia,Tottus,Event,Small,4.0,4,11.0,1,0,0.0852
S16624,Electronics,Peru,Falabella Retail,Self sign-up,Small,0.0,5,8.0,0,0,0.0851
S19621,Toys,Colombia,Falabella Retail,Event,Medium,4.0,5,14.0,1,0,0.0851
S15273,Sports,Chile,Falabella Retail,Event,Small,0.0,0,4.0,3,0,0.0851
S05214,Fashion,Chile,Marketplace direct,Event,Small,9.0,1,16.0,5,0,0.0851
S10892,Hardware,Chile,Sodimac,Referral,Micro,0.0,3,6.0,0,0,0.0851
S07764,Sports,Peru,Sodimac,Self sign-up,Micro,0.0,3,3.0,2,0,0.0851
S08303,Fashion,Chile,Falabella Retail,Self sign-up,Small,3.0,4,13.0,2,0,0.085
S19157,Hardware,Peru,Falabella Retail,Self sign-up,Small,0.0,4,6.0,1,0,0.085
S05767,Sports,Chile,Sodimac,Self sign-up,Micro,6.0,3,11.0,3,0,0.085
S17496,Food,Chile,Falabella Retail,Referral,Micro,3.0,3,8.0,0,0,0.085
S07631,Sports,Chile,Marketplace direct,Event,Micro,12.0,4,18.0,5,1,0.0849
S05459,Electronics,Colombia,Sodimac,Self sign-up,Micro,3.0,0,6.0,3,0,0.0849
S11899,Food,Peru,Sodimac,Referral,Small,6.0,5,12.0,0,1,0.0848
S14092,Food,Peru,Falabella Retail,Self sign-up,Micro,10.0,3,8.0,2,1,0.0848
S14144,Beauty,Colombia,Falabella Retail,Sales rep,Medium,0.0,1,7.0,0,0,0.0848
S14985,Hardware,Peru,Sodimac,Self sign-up,Small,3.0,1,7.0,1,0,0.0848
S18262,Beauty,Peru,Marketplace direct,Self sign-up,Micro,5.0,3,8.0,0,0,0.0848
S09992,Fashion,Chile,Tottus,Sales rep,Micro,6.0,0,12.0,3,0,0.0848
S12630,Home,Colombia,Falabella Retail,Self sign-up,Medium,11.0,3,16.0,3,0,0.0847
S17547,Toys,Colombia,Tottus,Self sign-up,Medium,7.0,1,2.0,2,1,0.0847
S12853,Home,Chile,Marketplace direct,Self sign-up,Small,1.0,0,6.0,4,0,0.0847
S16757,Beauty,Peru,Marketplace direct,Self sign-up,Micro,1.0,5,7.0,0,0,0.0847
S18052,Food,Colombia,Tottus,Self sign-up,Micro,0.0,5,4.0,4,0,0.0847
S02037,Electronics,Colombia,Marketplace direct,Event,Micro,7.0,2,13.0,4,0,0.0847
S04368,Electronics,Colombia,Marketplace direct,Event,Small,0.0,1,5.0,2,0,0.0847
S07262,Beauty,Peru,Marketplace direct,Sales rep,Micro,2.0,0,6.0,0,0,0.0847
S12746,Hardware,Chile,Falabella Retail,Self sign-up,Micro,3.0,3,8.0,1,0,0.0846
S18909,Beauty,Chile,Tottus,Self sign-up,Medium,0.0,3,11.0,3,1,0.0845
S13094,Fashion,Chile,Falabella Retail,Event,Small,3.0,0,8.0,0,0,0.0845
S02590,Toys,Chile,Falabella Retail,Referral,Micro,0.0,1,3.0,2,0,0.0845
S05627,Toys,Colombia,Sodimac,Sales rep,Micro,2.0,1,6.0,1,0,0.0844
S09460,Hardware,Colombia,Marketplace direct,Event,Small,4.0,3,10.0,0,0,0.0844
S16188,Food,Colombia,Sodimac,Self sign-up,Micro,2.0,4,5.0,1,0,0.0844
S05974,Food,Chile,Tottus,Self sign-up,Micro,0.0,5,3.0,1,0,0.0843
S06139,Fashion,Colombia,Falabella Retail,Event,Micro,1.0,5,9.0,0,0,0.0843
S15349,Home,Chile,Marketplace direct,Self sign-up,Micro,2.0,3,7.0,1,0,0.0842
S09393,Home,Peru,Marketplace direct,Sales rep,Small,8.0,0,14.0,3,0,0.0842
S14710,Home,Colombia,Sodimac,Self sign-up,Small,5.0,2,11.0,3,0,0.0842
S19326,Food,Colombia,Marketplace direct,Self sign-up,Small,0.0,5,3.0,0,0,0.0841
S05823,Home,Colombia,Falabella Retail,Referral,Micro,2.0,0,6.0,2,0,0.0841
S12862,Home,Peru,Falabella Retail,Sales rep,Micro,0.0,1,4.0,0,0,0.0841
S01035,Sports,Chile,Tottus,Event,Micro,2.0,4,8.0,0,0,0.0841
S01515,Home,Peru,Tottus,Self sign-up,Micro,2.0,5,8.0,0,0,0.084
S15992,Electronics,Chile,Marketplace direct,Event,Small,0.0,2,7.0,1,0,0.084
S13799,Beauty,Colombia,Marketplace direct,Self sign-up,Micro,9.0,4,6.0,0,1,0.084
S19518,Food,Chile,Falabella Retail,Referral,Micro,13.0,1,8.0,0,1,0.084
S13262,Home,Chile,Sodimac,Self sign-up,Micro,7.0,2,5.0,0,1,0.084
S12939,Fashion,Colombia,Marketplace direct,Referral,Micro,5.0,0,10.0,4,0,0.0839
S16883,Home,Chile,Falabella Retail,Self sign-up,Micro,1.0,5,8.0,0,0,0.0839
S15464,Hardware,Chile,Falabella Retail,Self sign-up,Micro,0.0,0,1.0,3,0,0.0838
S04463,Food,Chile,Sodimac,Self sign-up,Micro,2.0,5,7.0,0,0,0.0838
S11903,Home,Chile,Falabella Retail,Self sign-up,Micro,2.0,1,4.0,0,0,0.0838
S00776,Sports,Peru,Falabella Retail,Self sign-up,Micro,4.0,2,6.0,1,0,0.0837
S06576,Fashion,Chile,Falabella Retail,Self sign-up,Micro,6.0,0,6.0,0,0,0.0837
S14871,Food,Peru,Sodimac,Self sign-up,Small,4.0,4,12.0,4,0,0.0837
S08418,Home,Peru,Tottus,Self sign-up,Small,12.0,2,15.0,5,0,0.0836
S00558,Beauty,Peru,Falabella Retail,Referral,Small,1.0,3,10.0,0,0,0.0836
S16290,Fashion,Chile,Falabella Retail,Self sign-up,Micro,0.0,5,7.0,1,0,0.0835
S01512,Sports,Colombia,Marketplace direct,Event,Micro,2.0,2,5.0,1,0,0.0835
S02229,Sports,Colombia,Marketplace direct,Sales rep,Small,1.0,2,8.0,1,0,0.0834
S11678,Fashion,Chile,Marketplace direct,Event,Micro,2.0,2,9.0,2,0,0.0833
S17675,Home,Peru,Sodimac,Sales rep,Medium,4.0,0,13.0,1,0,0.0833
S13476,Fashion,Chile,Falabella Retail,Self sign-up,Micro,2.0,0,4.0,1,0,0.0833
S16643,Sports,Colombia,Marketplace direct,Sales rep,Medium,4.0,2,12.0,0,0,0.0832
S10868,Sports,Chile,Tottus,Self sign-up,Micro,17.0,5,15.0,3,1,0.0832
S07899,Home,Chile,Falabella Retail,Self sign-up,Small,3.0,5,14.0,2,0,0.0831
S18163,Toys,Colombia,Marketplace direct,Referral,Small,0.0,1,4.0,3,0,0.0831
S17899,Fashion,Chile,Sodimac,Self sign-up,Micro,1.0,0,3.0,1,0,0.0831
S02184,Beauty,Colombia,Tottus,Self sign-up,Micro,3.0,2,6.0,2,0,0.0831
S06804,Hardware,Chile,Marketplace direct,Self sign-up,Micro,14.0,4,13.0,2,1,0.0831
S14339,Fashion,Chile,Sodimac,Self sign-up,Small,4.0,4,10.0,0,1,0.0831
S05481,Electronics,Chile,Sodimac,Sales rep,Micro,2.0,2,12.0,1,0,0.0831
S13977,Food,Peru,Marketplace direct,Sales rep,Small,6.0,3,17.0,6,0,0.0831
S19322,Beauty,Chile,Falabella Retail,Referral,Micro,3.0,0,7.0,0,0,0.083
S19576,Toys,Chile,Marketplace direct,Referral,Micro,1.0,0,2.0,0,0,0.083
S02623,Food,Chile,Tottus,Self sign-up,Micro,0.0,1,1.0,5,0,0.083
S00319,Food,Chile,Falabella Retail,Self sign-up,Micro,1.0,4,4.0,0,0,0.083
S11239,Electronics,Chile,Marketplace direct,Event,Micro,4.0,1,10.0,2,0,0.0829
S17653,Hardware,Colombia,Sodimac,Self sign-up,Small,7.0,3,13.0,3,0,0.0829
S07482,Beauty,Chile,Marketplace direct,Self sign-up,Small,1.0,1,6.0,2,0,0.0829
S12182,Food,Peru,Falabella Retail,Sales rep,Small,0.0,0,2.0,0,0,0.0829
S06084,Electronics,Colombia,Sodimac,Self sign-up,Small,3.0,2,10.0,2,0,0.0828
S05454,Food,Chile,Sodimac,Self sign-up,Medium,3.0,1,8.0,2,0,0.0828
S16489,Fashion,Colombia,Sodimac,Sales rep,Micro,2.0,2,10.0,1,0,0.0828
S09233,Hardware,Chile,Sodimac,Self sign-up,Medium,0.0,2,7.0,2,0,0.0828
S03561,Fashion,Colombia,Sodimac,Self sign-up,Micro,2.0,3,7.0,1,0,0.0827
S09135,Sports,Chile,Tottus,Self sign-up,Micro,5.0,0,8.0,6,0,0.0827
S18420,Food,Chile,Tottus,Sales rep,Small,4.0,3,13.0,2,0,0.0827
S09174,Hardware,Colombia,Tottus,Sales rep,Micro,0.0,1,3.0,1,0,0.0826
S12004,Home,Peru,Tottus,Self sign-up,Micro,3.0,0,4.0,2,0,0.0826
S14143,Hardware,Peru,Falabella Retail,Referral,Micro,0.0,0,2.0,1,0,0.0825
S09484,Toys,Colombia,Sodimac,Referral,Micro,6.0,5,14.0,2,0,0.0825
S06505,Electronics,Colombia,Sodimac,Referral,Small,4.0,4,15.0,0,0,0.0824
S19907,Home,Chile,Tottus,Event,Micro,0.0,2,3.0,0,0,0.0824
S04075,Fashion,Peru,Falabella Retail,Self sign-up,Medium,8.0,1,13.0,2,0,0.0823
S08945,Sports,Chile,Falabella Retail,Self sign-up,Micro,1.0,3,5.0,1,0,0.0823
S17220,Toys,Chile,Sodimac,Event,Micro,24.0,1,13.0,5,1,0.0822
S15026,Home,Colombia,Marketplace direct,Event,Micro,0.0,3,4.0,1,0,0.0822
S03621,Home,Chile,Falabella Retail,Referral,Micro,4.0,1,9.0,0,0,0.0822
S19118,Sports,Peru,Marketplace direct,Sales rep,Micro,10.0,3,14.0,1,0,0.0822
S08151,Beauty,Chile,Falabella Retail,Self sign-up,Micro,4.0,1,6.0,0,0,0.0822
S06577,Toys,Peru,Falabella Retail,Self sign-up,Small,13.0,4,9.0,0,1,0.0821
S16427,Electronics,Chile,Marketplace direct,Referral,Micro,0.0,2,8.0,3,0,0.0821
S08827,Food,Colombia,Falabella Retail,Self sign-up,Small,0.0,0,1.0,5,0,0.0821
S19372,Toys,Chile,Sodimac,Referral,Small,3.0,1,11.0,3,0,0.082
S14943,Home,Peru,Sodimac,Self sign-up,Micro,1.0,3,6.0,1,0,0.082
S01380,Fashion,Peru,Marketplace direct,Self sign-up,Medium,0.0,0,3.0,1,0,0.082
S11276,Electronics,Peru,Marketplace direct,Self sign-up,Micro,4.0,2,8.0,1,0,0.082
S02943,Home,Peru,Marketplace direct,Self sign-up,Micro,1.0,3,6.0,2,0,0.082
S17013,Sports,Peru,Falabella Retail,Event,Micro,14.0,0,5.0,0,1,0.0819
S14287,Electronics,Chile,Marketplace direct,Self sign-up,Small,1.0,1,7.0,2,0,0.0819
S07329,Fashion,Peru,Falabella Retail,Self sign-up,Micro,5.0,4,12.0,2,0,0.0819
S08052,Hardware,Chile,Tottus,Sales rep,Micro,2.0,1,9.0,2,0,0.0819
S16911,Fashion,Peru,Marketplace direct,Sales rep,Micro,1.0,0,6.0,1,0,0.0818
S11064,Home,Chile,Tottus,Referral,Micro,0.0,0,4.0,3,0,0.0818
S10943,Fashion,Chile,Sodimac,Sales rep,Micro,2.0,0,8.0,0,0,0.0818
S12446,Sports,Chile,Marketplace direct,Self sign-up,Small,0.0,0,1.0,2,0,0.0818
S09022,Hardware,Peru,Marketplace direct,Self sign-up,Medium,5.0,3,13.0,2,0,0.0818
S17749,Fashion,Colombia,Falabella Retail,Self sign-up,Micro,3.0,1,5.0,1,0,0.0818
S01174,Fashion,Chile,Falabella Retail,Event,Small,6.0,0,15.0,6,0,0.0818
S08166,Sports,Chile,Sodimac,Self sign-up,Micro,2.0,0,6.0,5,0,0.0818
S06610,Toys,Chile,Tottus,Event,Small,1.0,4,8.0,0,0,0.0817
S15056,Hardware,Colombia,Falabella Retail,Referral,Medium,2.0,1,10.0,1,0,0.0817
S00881,Beauty,Chile,Sodimac,Sales rep,Micro,1.0,2,9.0,0,0,0.0817
S00034,Fashion,Peru,Tottus,Self sign-up,Micro,8.0,5,14.0,2,0,0.0817
S16467,Food,Peru,Falabella Retail,Event,Micro,4.0,3,8.0,1,0,0.0817
S14124,Sports,Peru,Tottus,Event,Micro,2.0,0,3.0,1,0,0.0817
S13296,Fashion,Chile,Falabella Retail,Self sign-up,Micro,2.0,2,6.0,0,0,0.0816
S17726,Home,Chile,Falabella Retail,Self sign-up,Small,15.0,2,12.0,1,1,0.0816
S10676,Fashion,Colombia,Falabella Retail,Self sign-up,Micro,11.0,0,7.0,0,1,0.0815
S09219,Home,Colombia,Sodimac,Referral,Micro,9.0,3,13.0,0,0,0.0815
S08840,Home,Colombia,Tottus,Self sign-up,Medium,0.0,2,5.0,2,0,0.0815
S10682,Hardware,Colombia,Tottus,Self sign-up,Micro,4.0,4,9.0,2,0,0.0815
S18986,Electronics,Colombia,Sodimac,Self sign-up,Micro,2.0,1,5.0,1,0,0.0815
S06251,Home,Chile,Marketplace direct,Self sign-up,Micro,1.0,0,1.0,0,0,0.0815
S10264,Home,Peru,Falabella Retail,Sales rep,Micro,12.0,2,15.0,1,0,0.0814
S16159,Food,Chile,Marketplace direct,Sales rep,Micro,2.0,0,4.0,0,0,0.0813
S11059,Electronics,Colombia,Falabella Retail,Self sign-up,Micro,5.0,5,14.0,3,0,0.0813
S03405,Hardware,Chile,Falabella Retail,Self sign-up,Micro,4.0,2,9.0,0,1,0.0812
S06333,Fashion,Colombia,Sodimac,Sales rep,Micro,2.0,4,12.0,0,0,0.0811
S00847,Sports,Peru,Falabella Retail,Self sign-up,Micro,7.0,5,11.0,0,0,0.0811
S02807,Toys,Colombia,Marketplace direct,Event,Small,3.0,1,6.0,1,0,0.081
S00762,Electronics,Chile,Falabella Retail,Referral,Small,11.0,1,15.0,1,1,0.081
S02023,Home,Colombia,Marketplace direct,Event,Medium,1.0,5,12.0,0,0,0.0809
S08811,Food,Chile,Falabella Retail,Self sign-up,Medium,0.0,3,5.0,1,0,0.0809
S06785,Fashion,Peru,Falabella Retail,Self sign-up,Small,0.0,1,4.0,2,0,0.0808
S14595,Sports,Chile,Marketplace direct,Referral,Medium,1.0,1,8.0,0,0,0.0808
S04411,Electronics,Chile,Falabella Retail,Self sign-up,Micro,2.0,3,8.0,0,0,0.0808
S04908,Sports,Chile,Sodimac,Self sign-up,Micro,1.0,4,6.0,0,0,0.0807
S14735,Home,Chile,Marketplace direct,Referral,Medium,4.0,0,11.0,0,0,0.0807
S13568,Fashion,Chile,Falabella Retail,Self sign-up,Micro,1.0,1,5.0,2,0,0.0807
S14469,Food,Peru,Marketplace direct,Self sign-up,Micro,3.0,2,6.0,4,0,0.0806
S17964,Fashion,Peru,Tottus,Self sign-up,Small,6.0,2,12.0,3,0,0.0806
S19349,Hardware,Peru,Marketplace direct,Sales rep,Micro,4.0,5,15.0,1,0,0.0806
S04609,Food,Chile,Sodimac,Referral,Micro,5.0,1,9.0,2,0,0.0806
S01825,Electronics,Chile,Falabella Retail,Self sign-up,Micro,6.0,1,9.0,1,0,0.0805
S15480,Electronics,Colombia,Tottus,Sales rep,Small,9.0,2,19.0,5,0,0.0804
S19027,Home,Chile,Marketplace direct,Self sign-up,Small,0.0,0,4.0,4,0,0.0804
S01573,Hardware,Chile,Marketplace direct,Referral,Small,2.0,0,8.0,1,0,0.0804
S15876,Hardware,Chile,Marketplace direct,Self sign-up,Small,1.0,1,4.0,0,0,0.0804
S18410,Hardware,Peru,Marketplace direct,Self sign-up,Small,3.0,0,6.0,2,0,0.0803
S08869,Sports,Chile,Falabella Retail,Event,Micro,6.0,2,10.0,1,0,0.0803
S09610,Food,Chile,Falabella Retail,Referral,Micro,1.0,0,2.0,0,0,0.0802
S02918,Electronics,Chile,Sodimac,Self sign-up,Micro,1.0,0,3.0,0,0,0.0802
S00299,Sports,Chile,Falabella Retail,Self sign-up,Micro,2.0,2,6.0,2,0,0.0802
S00170,Home,Peru,Falabella Retail,Event,Micro,10.0,5,17.0,2,0,0.0802
S16474,Beauty,Colombia,Falabella Retail,Self sign-up,Micro,0.0,3,2.0,0,0,0.0802
S14802,Home,Peru,Tottus,Self sign-up,Micro,8.0,0,6.0,2,1,0.0801
S18330,Electronics,Chile,Sodimac,Referral,Micro,0.0,1,6.0,1,0,0.0801
S10184,Electronics,Chile,Falabella Retail,Self sign-up,Micro,1.0,1,4.0,0,0,0.0801
S09082,Electronics,Chile,Falabella Retail,Self sign-up,Micro,3.0,4,12.0,2,0,0.0801
S12819,Beauty,Chile,Sodimac,Referral,Medium,2.0,2,13.0,0,0,0.0801
S07747,Sports,Chile,Falabella Retail,Self sign-up,Small,5.0,0,6.0,0,0,0.08
S19278,Beauty,Chile,Marketplace direct,Event,Medium,6.0,3,16.0,1,0,0.08
S18540,Toys,Colombia,Falabella Retail,Self sign-up,Micro,4.0,5,12.0,5,0,0.08
S16747,Food,Chile,Falabella Retail,Sales rep,Medium,4.0,4,17.0,2,0,0.08
S07824,Food,Colombia,Marketplace direct,Self sign-up,Micro,1.0,3,1.0,0,0,0.0799
S19110,Electronics,Chile,Tottus,Sales rep,Micro,4.0,1,14.0,4,0,0.0799
S12643,Home,Chile,Sodimac,Sales rep,Medium,10.0,1,18.0,1,1,0.0798
S07191,Home,Peru,Falabella Retail,Self sign-up,Micro,6.0,4,14.0,2,1,0.0798
S16614,Fashion,Colombia,Marketplace direct,Sales rep,Micro,4.0,4,13.0,0,0,0.0798
S02407,Home,Peru,Sodimac,Self sign-up,Small,0.0,3,5.0,0,0,0.0798
S07339,Hardware,Chile,Falabella Retail,Sales rep,Micro,1.0,0,8.0,3,0,0.0798
S06690,Fashion,Chile,Sodimac,Self sign-up,Medium,5.0,1,12.0,1,0,0.0798
S01488,Hardware,Chile,Sodimac,Self sign-up,Medium,4.0,3,14.0,2,0,0.0797
S15432,Food,Chile,Tottus,Sales rep,Small,6.0,3,16.0,4,0,0.0797
S08641,Food,Chile,Tottus,Self sign-up,Small,6.0,2,10.0,1,1,0.0797
S12564,Fashion,Colombia,Falabella Retail,Self sign-up,Small,4.0,0,9.0,4,0,0.0797
S00710,Food,Colombia,Sodimac,Event,Small,4.0,1,7.0,1,0,0.0797
S09260,Food,Chile,Falabella Retail,Self sign-up,Micro,4.0,3,6.0,0,0,0.0796
S10688,Fashion,Chile,Marketplace direct,Referral,Micro,5.0,2,12.0,1,0,0.0796
S00640,Toys,Colombia,Marketplace direct,Self sign-up,Micro,1.0,2,2.0,2,0,0.0796
S13266,Sports,Chile,Falabella Retail,Self sign-up,Micro,2.0,0,5.0,4,0,0.0796
S09410,Fashion,Chile,Falabella Retail,Sales rep,Small,4.0,3,18.0,3,0,0.0796
S09354,Sports,Chile,Sodimac,Event,Micro,5.0,1,11.0,4,0,0.0796
S02501,Sports,Chile,Falabella Retail,Event,Small,10.0,2,14.0,1,1,0.0795
S03444,Hardware,Chile,Tottus,Self sign-up,Micro,1.0,2,4.0,1,0,0.0795
S15569,Electronics,Colombia,Marketplace direct,Self sign-up,Medium,0.0,0,3.0,1,0,0.0794
S12308,Sports,Colombia,Marketplace direct,Self sign-up,Micro,0.0,3,1.0,1,0,0.0794
S09312,Home,Chile,Tottus,Self sign-up,Micro,12.0,2,16.0,4,1,0.0793
S05480,Electronics,Chile,Tottus,Self sign-up,Micro,2.0,0,5.0,2,0,0.0793
S12529,Home,Chile,Sodimac,Self sign-up,Micro,2.0,0,5.0,2,0,0.0792
S17299,Electronics,Chile,Falabella Retail,Event,Micro,7.0,0,3.0,0,1,0.0792
S05749,Food,Peru,Falabella Retail,Sales rep,Micro,0.0,2,3.0,0,0,0.0792
S12149,Beauty,Colombia,Tottus,Self sign-up,Micro,1.0,1,1.0,0,0,0.0792
S18296,Home,Peru,Falabella Retail,Self sign-up,Small,1.0,0,3.0,0,0,0.0791
S16763,Electronics,Peru,Marketplace direct,Self sign-up,Small,0.0,5,8.0,0,0,0.0791
S14561,Food,Colombia,Tottus,Event,Medium,10.0,1,5.0,1,1,0.0791
S15877,Food,Chile,Sodimac,Self sign-up,Small,11.0,3,7.0,0,1,0.0791
S01493,Toys,Colombia,Falabella Retail,Sales rep,Small,0.0,0,3.0,1,0,0.0791
S15654,Electronics,Peru,Marketplace direct,Self sign-up,Micro,4.0,0,8.0,4,0,0.079
S09852,Fashion,Chile,Sodimac,Event,Micro,2.0,1,8.0,1,0,0.079
S05160,Food,Colombia,Sodimac,Self sign-up,Small,2.0,1,5.0,3,0,0.079
S11181,Electronics,Peru,Marketplace direct,Sales rep,Micro,1.0,0,6.0,0,0,0.079
S13363,Food,Chile,Falabella Retail,Event,Medium,2.0,3,10.0,0,0,0.079
S15918,Electronics,Chile,Tottus,Self sign-up,Small,2.0,0,7.0,2,0,0.0789
S18043,Home,Colombia,Marketplace direct,Sales rep,Micro,2.0,2,9.0,1,0,0.0789
S09361,Fashion,Peru,Tottus,Self sign-up,Medium,7.0,4,17.0,3,0,0.0788
S16998,Home,Chile,Marketplace direct,Self sign-up,Small,3.0,3,12.0,3,0,0.0788
S17559,Sports,Chile,Sodimac,Referral,Small,4.0,0,9.0,0,0,0.0788
S09628,Food,Chile,Marketplace direct,Self sign-up,Micro,0.0,3,1.0,1,0,0.0788
S06791,Home,Colombia,Tottus,Referral,Micro,6.0,4,10.0,0,1,0.0788
S07760,Fashion,Chile,Falabella Retail,Self sign-up,Micro,0.0,1,2.0,1,0,0.0788
S02716,Fashion,Peru,Tottus,Self sign-up,Micro,0.0,2,2.0,1,0,0.0786
S09101,Beauty,Chile,Falabella Retail,Sales rep,Micro,1.0,1,10.0,3,0,0.0786
S09355,Home,Chile,Falabella Retail,Self sign-up,Micro,0.0,0,1.0,2,0,0.0786
S02768,Hardware,Chile,Sodimac,Self sign-up,Small,10.0,4,18.0,4,0,0.0786
S13528,Beauty,Colombia,Falabella Retail,Self sign-up,Micro,13.0,2,5.0,0,1,0.0786
S12870,Hardware,Peru,Marketplace direct,Sales rep,Micro,19.0,2,11.0,0,1,0.0786
S06060,Sports,Chile,Falabella Retail,Sales rep,Micro,0.0,5,10.0,1,0,0.0786
S15141,Food,Peru,Falabella Retail,Self sign-up,Micro,3.0,2,5.0,2,0,0.0786
S09615,Fashion,Peru,Tottus,Self sign-up,Small,2.0,0,5.0,1,0,0.0785
S17277,Fashion,Colombia,Marketplace direct,Self sign-up,Micro,0.0,3,2.0,0,0,0.0784
S14102,Hardware,Colombia,Sodimac,Event,Micro,4.0,5,12.0,0,0,0.0784
S07414,Sports,Colombia,Falabella Retail,Sales rep,Micro,4.0,5,14.0,1,0,0.0784
S12208,Home,Chile,Marketplace direct,Event,Micro,3.0,0,8.0,3,0,0.0784
S08666,Fashion,Chile,Marketplace direct,Event,Small,1.0,2,10.0,2,0,0.0784
S02403,Hardware,Peru,Falabella Retail,Referral,Small,2.0,0,8.0,1,0,0.0784
S08292,Fashion,Peru,Sodimac,Event,Micro,3.0,2,11.0,2,1,0.0783
S14926,Fashion,Colombia,Sodimac,Self sign-up,Micro,3.0,5,11.0,1,0,0.0783
S11234,Toys,Chile,Marketplace direct,Self sign-up,Small,1.0,0,2.0,1,0,0.0783
S17287,Sports,Colombia,Sodimac,Self sign-up,Micro,8.0,2,5.0,1,1,0.0783
S05078,Fashion,Colombia,Marketplace direct,Referral,Medium,0.0,1,7.0,1,0,0.0783
S06093,Beauty,Chile,Tottus,Referral,Small,2.0,1,9.0,0,0,0.0783
S16108,Hardware,Peru,Falabella Retail,Self sign-up,Micro,3.0,1,6.0,2,0,0.0783
S05525,Food,Chile,Falabella Retail,Event,Micro,6.0,0,6.0,1,0,0.0783
S03401,Hardware,Colombia,Sodimac,Event,Micro,0.0,3,8.0,5,0,0.0782
S09727,Home,Chile,Marketplace direct,Self sign-up,Micro,2.0,4,8.0,0,0,0.0782
S08623,Sports,Chile,Tottus,Self sign-up,Micro,6.0,3,8.0,0,0,0.0782
S04310,Beauty,Peru,Tottus,Event,Small,8.0,0,12.0,3,0,0.0781
S15813,Food,Chile,Falabella Retail,Event,Micro,0.0,5,7.0,2,0,0.0781
S05985,Fashion,Colombia,Sodimac,Self sign-up,Micro,1.0,3,6.0,1,0,0.0781
S06310,Electronics,Chile,Marketplace direct,Sales rep,Micro,18.0,2,17.0,2,1,0.0781
S13932,Beauty,Peru,Marketplace direct,Self sign-up,Micro,0.0,5,6.0,1,0,0.0781
S11742,Food,Chile,Sodimac,Self sign-up,Micro,3.0,3,9.0,4,0,0.0781
S17574,Beauty,Chile,Tottus,Event,Micro,1.0,3,10.0,0,1,0.0781
S12929,Beauty,Chile,Falabella Retail,Sales rep,Medium,2.0,2,14.0,0,0,0.078
S16404,Fashion,Chile,Tottus,Self sign-up,Small,0.0,3,6.0,1,0,0.078
S19384,Electronics,Chile,Sodimac,Self sign-up,Micro,1.0,0,4.0,1,0,0.078
S18094,Fashion,Colombia,Falabella Retail,Self sign-up,Micro,11.0,1,9.0,1,0,0.078
S04141,Beauty,Colombia,Marketplace direct,Self sign-up,Micro,0.0,2,2.0,2,0,0.0779
S17110,Beauty,Colombia,Marketplace direct,Event,Micro,0.0,1,1.0,0,0,0.0778
S18074,Fashion,Peru,Falabella Retail,Sales rep,Small,3.0,5,17.0,0,0,0.0778
S01231,Beauty,Chile,Falabella Retail,Sales rep,Small,4.0,3,17.0,2,0,0.0777
S11718,Beauty,Peru,Marketplace direct,Self sign-up,Micro,0.0,2,2.0,1,0,0.0777
S09526,Fashion,Colombia,Sodimac,Event,Micro,3.0,2,9.0,1,0,0.0776
S11649,Hardware,Colombia,Marketplace direct,Referral,Small,0.0,5,9.0,0,0,0.0776
S19077,Toys,Peru,Marketplace direct,Self sign-up,Small,0.0,5,5.0,0,0,0.0776
S05101,Home,Chile,Sodimac,Sales rep,Micro,16.0,0,14.0,4,1,0.0775
S00144,Fashion,Chile,Falabella Retail,Event,Small,9.0,2,10.0,0,1,0.0775
S14193,Hardware,Colombia,Falabella Retail,Self sign-up,Small,9.0,4,16.0,4,0,0.0773
S00543,Food,Colombia,Falabella Retail,Self sign-up,Micro,1.0,5,6.0,2,0,0.0773
S01186,Fashion,Colombia,Falabella Retail,Self sign-up,Small,3.0,0,6.0,1,0,0.0772
S10191,Electronics,Chile,Sodimac,Referral,Micro,6.0,4,16.0,0,0,0.0772
S16477,Fashion,Chile,Sodimac,Self sign-up,Medium,0.0,1,7.0,2,0,0.0771
S14808,Beauty,Chile,Marketplace direct,Self sign-up,Micro,5.0,1,9.0,3,0,0.0771
S11114,Sports,Colombia,Marketplace direct,Sales rep,Micro,1.0,1,6.0,2,0,0.0771
S17040,Fashion,Chile,Marketplace direct,Self sign-up,Micro,2.0,1,7.0,3,0,0.0771
S00471,Fashion,Colombia,Tottus,Self sign-up,Small,3.0,5,12.0,1,0,0.0771
S06533,Electronics,Chile,Falabella Retail,Self sign-up,Small,0.0,0,5.0,3,0,0.077
S02778,Home,Chile,Sodimac,Event,Medium,7.0,1,16.0,0,1,0.077
S08150,Beauty,Peru,Falabella Retail,Self sign-up,Small,0.0,0,1.0,0,0,0.077
S04826,Home,Chile,Falabella Retail,Self sign-up,Micro,18.0,4,14.0,1,1,0.077
S14276,Sports,Peru,Marketplace direct,Self sign-up,Micro,0.0,3,2.0,1,0,0.0769
S03075,Hardware,Colombia,Marketplace direct,Self sign-up,Medium,4.0,2,9.0,0,0,0.0769
S07229,Food,Chile,Falabella Retail,Self sign-up,Medium,1.0,4,9.0,1,0,0.0769
S12577,Food,Chile,Sodimac,Sales rep,Micro,2.0,0,6.0,1,0,0.0768
S01934,Toys,Chile,Falabella Retail,Sales rep,Small,9.0,4,21.0,5,0,0.0768
S00109,Hardware,Chile,Tottus,Event,Small,1.0,1,6.0,0,0,0.0768
S15673,Beauty,Chile,Falabella Retail,Self sign-up,Micro,1.0,0,2.0,0,0,0.0768
S14842,Home,Peru,Sodimac,Event,Small,0.0,0,4.0,1,0,0.0768
S11758,Home,Peru,Tottus,Sales rep,Small,2.0,0,9.0,1,0,0.0768
S00381,Food,Peru,Sodimac,Self sign-up,Small,3.0,3,8.0,1,0,0.0768
S02704,Sports,Peru,Marketplace direct,Event,Micro,2.0,5,12.0,3,0,0.0768
S12618,Home,Peru,Tottus,Referral,Small,12.0,3,13.0,0,1,0.0768
S04235,Home,Chile,Tottus,Self sign-up,Medium,3.0,3,12.0,1,0,0.0768
S16321,Sports,Colombia,Marketplace direct,Self sign-up,Small,10.0,3,10.0,1,1,0.0767
S14844,Electronics,Peru,Sodimac,Self sign-up,Micro,1.0,1,4.0,0,0,0.0767
S04080,Fashion,Peru,Falabella Retail,Event,Small,2.0,1,10.0,2,0,0.0767
S19554,Home,Peru,Tottus,Self sign-up,Small,3.0,4,11.0,1,0,0.0767
S10819,Fashion,Colombia,Sodimac,Self sign-up,Medium,1.0,3,9.0,0,0,0.0766
S12542,Electronics,Chile,Falabella Retail,Referral,Micro,2.0,5,15.0,1,0,0.0766
S03464,Toys,Chile,Marketplace direct,Self sign-up,Small,0.0,4,6.0,2,0,0.0766
S18996,Fashion,Colombia,Falabella Retail,Self sign-up,Micro,9.0,5,15.0,1,1,0.0766
S07846,Fashion,Peru,Marketplace direct,Sales rep,Micro,9.0,1,14.0,2,0,0.0766
S02753,Electronics,Chile,Marketplace direct,Self sign-up,Micro,3.0,4,11.0,1,0,0.0765
S16907,Hardware,Chile,Marketplace direct,Referral,Medium,3.0,0,11.0,1,0,0.0765
S07613,Fashion,Chile,Falabella Retail,Self sign-up,Small,0.0,0,2.0,0,0,0.0765
S03660,Home,Colombia,Falabella Retail,Self sign-up,Micro,2.0,4,8.0,1,0,0.0765
S18758,Home,Colombia,Sodimac,Self sign-up,Micro,5.0,2,8.0,1,0,0.0765
S15050,Hardware,Chile,Marketplace direct,Self sign-up,Micro,1.0,0,1.0,0,0,0.0764
S00013,Hardware,Peru,Falabella Retail,Self sign-up,Small,2.0,0,5.0,1,0,0.0764
S11768,Electronics,Chile,Falabella Retail,Self sign-up,Micro,5.0,1,8.0,0,0,0.0764
S00923,Beauty,Chile,Tottus,Self sign-up,Micro,2.0,2,7.0,2,0,0.0763
S03590,Hardware,Peru,Sodimac,Self sign-up,Micro,1.0,1,5.0,3,0,0.0763
S00814,Electronics,Peru,Sodimac,Self sign-up,Small,5.0,0,10.0,2,0,0.0763
S12068,Electronics,Chile,Marketplace direct,Self sign-up,Micro,9.0,0,7.0,0,1,0.0762
S13174,Electronics,Chile,Sodimac,Event,Micro,3.0,4,13.0,0,0,0.0762
S02743,Toys,Colombia,Marketplace direct,Sales rep,Micro,0.0,3,4.0,0,0,0.0762
S05024,Sports,Peru,Marketplace direct,Event,Micro,3.0,1,7.0,0,1,0.0761
S00699,Home,Peru,Tottus,Event,Micro,7.0,0,8.0,1,0,0.0761
S02006,Fashion,Peru,Marketplace direct,Self sign-up,Micro,2.0,1,4.0,0,0,0.0761
S02339,Electronics,Chile,Marketplace direct,Self sign-up,Micro,0.0,0,1.0,1,0,0.0761
S06797,Home,Chile,Tottus,Event,Micro,12.0,4,23.0,10,0,0.076
S07598,Fashion,Chile,Marketplace direct,Self sign-up,Micro,9.0,3,14.0,1,1,0.076
S03077,Sports,Colombia,Sodimac,Sales rep,Medium,2.0,0,9.0,0,0,0.0759
S11244,Hardware,Chile,Falabella Retail,Self sign-up,Small,0.0,3,6.0,1,0,0.0759
S11031,Home,Colombia,Marketplace direct,Self sign-up,Micro,1.0,1,3.0,2,0,0.0759
S19210,Toys,Chile,Tottus,Event,Micro,8.0,0,7.0,1,0,0.0759
S10466,Fashion,Peru,Marketplace direct,Referral,Medium,0.0,1,8.0,1,0,0.0758
S07671,Home,Colombia,Sodimac,Self sign-up,Micro,3.0,0,4.0,1,0,0.0758
S05927,Hardware,Chile,Falabella Retail,Event,Micro,7.0,3,13.0,1,0,0.0758
S17636,Home,Colombia,Marketplace direct,Referral,Small,0.0,1,5.0,1,0,0.0758
S01789,Electronics,Colombia,Falabella Retail,Self sign-up,Micro,5.0,5,12.0,0,0,0.0757
S04605,Home,Chile,Sodimac,Self sign-up,Micro,2.0,1,5.0,0,0,0.0757
S09062,Fashion,Chile,Sodimac,Sales rep,Micro,9.0,0,15.0,3,0,0.0757
S01072,Fashion,Colombia,Sodimac,Self sign-up,Micro,0.0,1,2.0,2,0,0.0756
S07254,Beauty,Chile,Falabella Retail,Self sign-up,Micro,10.0,5,18.0,2,1,0.0755
S11237,Toys,Chile,Tottus,Sales rep,Small,7.0,4,18.0,3,0,0.0755
S15694,Hardware,Chile,Falabella Retail,Self sign-up,Micro,1.0,0,4.0,3,0,0.0755
S10929,Fashion,Peru,Sodimac,Referral,Small,7.0,3,16.0,0,0,0.0755
S07662,Sports,Colombia,Marketplace direct,Self sign-up,Small,15.0,1,8.0,1,1,0.0755
S06716,Toys,Colombia,Falabella Retail,Event,Micro,2.0,5,10.0,0,1,0.0755
S00914,Food,Chile,Sodimac,Sales rep,Micro,15.0,3,15.0,2,1,0.0754
S04167,Fashion,Peru,Falabella Retail,Self sign-up,Micro,3.0,3,9.0,1,0,0.0754
S01171,Toys,Colombia,Sodimac,Self sign-up,Small,3.0,3,8.0,1,0,0.0754
S06401,Home,Colombia,Falabella Retail,Self sign-up,Small,0.0,0,1.0,1,0,0.0753
S06135,Home,Chile,Sodimac,Self sign-up,Micro,3.0,1,6.0,0,0,0.0753
S19051,Home,Chile,Falabella Retail,Self sign-up,Medium,5.0,0,11.0,2,0,0.0753
S04632,Home,Peru,Tottus,Sales rep,Micro,1.0,3,9.0,0,0,0.0753
S12456,Home,Chile,Sodimac,Self sign-up,Small,0.0,3,6.0,0,0,0.0752
S04814,Fashion,Colombia,Falabella Retail,Referral,Small,0.0,1,6.0,1,0,0.0752
S12134,Hardware,Chile,Marketplace direct,Self sign-up,Small,4.0,5,14.0,0,1,0.0752
S06873,Fashion,Peru,Falabella Retail,Referral,Micro,1.0,0,5.0,0,0,0.0752
S02320,Electronics,Colombia,Falabella Retail,Self sign-up,Medium,0.0,0,3.0,0,0,0.0751
S15531,Food,Peru,Tottus,Sales rep,Small,20.0,0,10.0,1,1,0.0751
S02533,Electronics,Chile,Falabella Retail,Self sign-up,Micro,7.0,0,11.0,4,0,0.0751
S16767,Sports,Colombia,Tottus,Self sign-up,Micro,10.0,2,2.0,0,1,0.0751
S09348,Sports,Chile,Marketplace direct,Sales rep,Micro,6.0,5,18.0,3,0,0.0751
S15448,Food,Chile,Falabella Retail,Referral,Micro,8.0,0,5.0,1,1,0.0751
S04335,Electronics,Colombia,Marketplace direct,Self sign-up,Micro,0.0,1,1.0,1,0,0.0751
S02995,Fashion,Chile,Marketplace direct,Self sign-up,Micro,4.0,0,10.0,6,0,0.075
S01202,Hardware,Colombia,Falabella Retail,Sales rep,Small,8.0,0,14.0,3,0,0.075
S15166,Home,Colombia,Falabella Retail,Sales rep,Micro,2.0,5,13.0,0,0,0.075
S18849,Electronics,Peru,Falabella Retail,Self sign-up,Medium,6.0,0,12.0,2,0,0.0749
S01002,Electronics,Colombia,Tottus,Sales rep,Micro,1.0,5,12.0,0,0,0.0749
S08959,Sports,Peru,Falabella Retail,Self sign-up,Small,2.0,5,11.0,1,0,0.0748
S11445,Electronics,Chile,Falabella Retail,Self sign-up,Medium,2.0,3,13.0,1,0,0.0748
S18201,Home,Colombia,Tottus,Self sign-up,Micro,1.0,2,5.0,3,0,0.0748
S13044,Food,Chile,Falabella Retail,Sales rep,Small,5.0,2,12.0,0,0,0.0747
S16579,Electronics,Chile,Sodimac,Sales rep,Micro,6.0,1,15.0,2,0,0.0747
S05410,Home,Chile,Falabella Retail,Self sign-up,Micro,1.0,1,5.0,2,0,0.0747
S18417,Sports,Peru,Sodimac,Self sign-up,Micro,2.0,2,7.0,3,0,0.0746
S16239,Food,Chile,Falabella Retail,Self sign-up,Small,4.0,0,6.0,2,0,0.0745
S03970,Food,Colombia,Marketplace direct,Self sign-up,Micro,5.0,4,4.0,1,1,0.0745
S14692,Toys,Chile,Falabella Retail,Self sign-up,Micro,1.0,4,7.0,2,0,0.0745
S11922,Toys,Colombia,Marketplace direct,Self sign-up,Small,30.0,3,12.0,2,1,0.0745
S15796,Electronics,Colombia,Falabella Retail,Event,Small,2.0,0,7.0,0,0,0.0745
S06179,Fashion,Peru,Tottus,Self sign-up,Small,6.0,0,9.0,2,0,0.0745
S11475,Electronics,Chile,Sodimac,Self sign-up,Micro,3.0,4,12.0,1,0,0.0744
S08604,Sports,Chile,Sodimac,Self sign-up,Micro,7.0,4,12.0,1,0,0.0744
S05689,Hardware,Colombia,Sodimac,Self sign-up,Small,1.0,0,5.0,3,0,0.0743
S04328,Hardware,Chile,Sodimac,Self sign-up,Micro,2.0,0,5.0,2,0,0.0743
S02546,Food,Chile,Sodimac,Referral,Small,10.0,0,11.0,0,1,0.0743
S08295,Fashion,Colombia,Sodimac,Self sign-up,Small,4.0,1,9.0,0,1,0.0742
S16442,Home,Peru,Marketplace direct,Sales rep,Micro,1.0,2,8.0,0,0,0.0742
S07353,Beauty,Chile,Sodimac,Self sign-up,Small,2.0,0,10.0,5,0,0.0742
S02019,Fashion,Chile,Sodimac,Self sign-up,Micro,4.0,4,13.0,2,0,0.0741
S03382,Food,Chile,Marketplace direct,Self sign-up,Small,0.0,3,5.0,3,0,0.0741
S02167,Fashion,Colombia,Falabella Retail,Event,Micro,2.0,5,12.0,1,0,0.0741
S07002,Beauty,Chile,Falabella Retail,Self sign-up,Small,1.0,1,8.0,3,0,0.0741
S06596,Home,Peru,Falabella Retail,Self sign-up,Micro,2.0,4,9.0,1,0,0.0741
S06854,Electronics,Chile,Sodimac,Self sign-up,Small,8.0,0,13.0,3,0,0.074
S07111,Beauty,Colombia,Falabella Retail,Self sign-up,Micro,1.0,1,6.0,0,1,0.074
S14712,Food,Chile,Tottus,Self sign-up,Micro,2.0,4,7.0,2,0,0.074
S02405,Home,Colombia,Marketplace direct,Self sign-up,Micro,1.0,0,1.0,1,0,0.074
S03820,Toys,Peru,Sodimac,Self sign-up,Small,5.0,5,16.0,0,1,0.074
S12496,Fashion,Colombia,Sodimac,Self sign-up,Micro,1.0,2,5.0,1,0,0.074
S02164,Hardware,Chile,Falabella Retail,Self sign-up,Micro,1.0,2,6.0,2,0,0.0739
S01947,Food,Peru,Tottus,Self sign-up,Small,0.0,5,6.0,2,0,0.0739
S12323,Fashion,Chile,Tottus,Self sign-up,Micro,0.0,3,6.0,3,0,0.0739
S09083,Home,Colombia,Falabella Retail,Self sign-up,Micro,7.0,4,17.0,3,1,0.0739
S02183,Electronics,Chile,Falabella Retail,Self sign-up,Micro,0.0,1,3.0,1,0,0.0739
S17921,Food,Peru,Falabella Retail,Self sign-up,Micro,0.0,2,4.0,6,0,0.0738
S09870,Electronics,Peru,Sodimac,Event,Micro,6.0,0,14.0,6,0,0.0737
S15612,Beauty,Chile,Sodimac,Self sign-up,Micro,0.0,5,7.0,0,0,0.0737
S02575,Sports,Peru,Tottus,Referral,Small,2.0,0,6.0,0,0,0.0737
S18084,Food,Peru,Sodimac,Sales rep,Micro,5.0,3,12.0,1,0,0.0737
S18195,Fashion,Peru,Sodimac,Sales rep,Small,0.0,2,9.0,0,0,0.0737
S17063,Beauty,Chile,Marketplace direct,Self sign-up,Micro,5.0,2,9.0,1,0,0.0736
S17152,Sports,Colombia,Marketplace direct,Self sign-up,Micro,6.0,0,4.0,1,0,0.0736
S10834,Home,Colombia,Sodimac,Self sign-up,Micro,2.0,4,10.0,3,1,0.0735
S13850,Fashion,Colombia,Marketplace direct,Event,Small,1.0,1,6.0,0,0,0.0735
S09552,Sports,Chile,Sodimac,Sales rep,Small,6.0,0,15.0,3,1,0.0735
S06244,Home,Chile,Marketplace direct,Event,Micro,6.0,1,10.0,1,0,0.0735
S09505,Sports,Peru,Sodimac,Sales rep,Micro,3.0,5,14.0,0,0,0.0734
S13204,Fashion,Chile,Marketplace direct,Sales rep,Micro,3.0,1,11.0,1,0,0.0733
S18377,Fashion,Chile,Sodimac,Event,Micro,2.0,2,9.0,0,0,0.0733
S19536,Toys,Colombia,Tottus,Sales rep,Micro,2.0,1,5.0,0,0,0.0733
S02671,Fashion,Chile,Falabella Retail,Self sign-up,Micro,1.0,4,8.0,0,0,0.0733
S15950,Beauty,Chile,Tottus,Self sign-up,Micro,13.0,0,7.0,1,1,0.0733
S13110,Fashion,Colombia,Tottus,Self sign-up,Small,18.0,1,22.0,13,0,0.0733
S15638,Fashion,Chile,Falabella Retail,Self sign-up,Micro,3.0,3,9.0,0,0,0.0732
S12371,Home,Chile,Falabella Retail,Self sign-up,Micro,1.0,3,7.0,1,0,0.0731
S11098,Electronics,Chile,Tottus,Self sign-up,Small,0.0,3,7.0,1,0,0.0731
S11146,Electronics,Colombia,Falabella Retail,Self sign-up,Micro,1.0,4,8.0,1,0,0.0731
S07632,Hardware,Peru,Falabella Retail,Referral,Small,2.0,4,13.0,0,0,0.073
S06490,Home,Chile,Sodimac,Self sign-up,Micro,0.0,0,1.0,1,0,0.073
S00409,Food,Chile,Sodimac,Self sign-up,Small,18.0,0,7.0,2,1,0.073
S00775,Hardware,Colombia,Falabella Retail,Self sign-up,Micro,1.0,3,6.0,2,0,0.0729
S10338,Home,Colombia,Marketplace direct,Self sign-up,Micro,4.0,4,12.0,4,0,0.0729
S01347,Fashion,Colombia,Tottus,Self sign-up,Micro,15.0,2,20.0,12,0,0.0729
S12778,Fashion,Colombia,Tottus,Referral,Micro,3.0,0,6.0,0,0,0.0729
S07333,Sports,Colombia,Marketplace direct,Self sign-up,Small,1.0,0,1.0,0,0,0.0729
S06896,Food,Colombia,Sodimac,Self sign-up,Micro,11.0,5,10.0,1,1,0.0729
S07736,Toys,Peru,Tottus,Self sign-up,Medium,2.0,1,6.0,1,0,0.0729
S10320,Hardware,Peru,Sodimac,Self sign-up,Micro,1.0,2,5.0,1,0,0.0729
S18068,Food,Chile,Marketplace direct,Self sign-up,Small,4.0,2,10.0,4,0,0.0728
S00459,Sports,Colombia,Marketplace direct,Event,Medium,0.0,0,4.0,2,0,0.0728
S11857,Beauty,Chile,Sodimac,Self sign-up,Small,3.0,0,7.0,0,0,0.0728
S02619,Hardware,Peru,Falabella Retail,Self sign-up,Micro,3.0,1,2.0,1,1,0.0728
S03895,Sports,Peru,Falabella Retail,Self sign-up,Micro,0.0,3,2.0,0,0,0.0728
S05064,Food,Peru,Sodimac,Event,Micro,1.0,3,6.0,1,0,0.0728
S18300,Toys,Chile,Tottus,Self sign-up,Micro,3.0,3,5.0,1,1,0.0727
S04961,Electronics,Chile,Marketplace direct,Self sign-up,Micro,7.0,5,15.0,1,0,0.0727
S09942,Toys,Colombia,Tottus,Self sign-up,Micro,10.0,2,7.0,1,1,0.0727
S06988,Electronics,Colombia,Falabella Retail,Self sign-up,Micro,3.0,5,11.0,0,1,0.0727
S03953,Toys,Colombia,Falabella Retail,Sales rep,Small,9.0,5,18.0,1,0,0.0726
S02885,Home,Peru,Falabella Retail,Event,Micro,7.0,1,12.0,3,0,0.0726
S06028,Food,Chile,Marketplace direct,Referral,Micro,8.0,2,14.0,5,0,0.0726
S06617,Hardware,Colombia,Tottus,Self sign-up,Small,0.0,5,6.0,0,0,0.0726
S10246,Electronics,Chile,Falabella Retail,Self sign-up,Micro,6.0,2,11.0,1,0,0.0726
S11763,Electronics,Colombia,Falabella Retail,Referral,Small,1.0,4,14.0,2,0,0.0726
S15503,Food,Colombia,Marketplace direct,Self sign-up,Micro,3.0,0,4.0,5,0,0.0726
S15988,Electronics,Chile,Sodimac,Self sign-up,Small,0.0,5,10.0,0,0,0.0725
S13807,Home,Peru,Falabella Retail,Sales rep,Micro,5.0,4,15.0,0,0,0.0725
S00315,Home,Chile,Tottus,Referral,Micro,0.0,2,5.0,0,0,0.0725
S19820,Food,Chile,Falabella Retail,Referral,Micro,0.0,2,3.0,0,0,0.0725
S09536,Hardware,Peru,Sodimac,Self sign-up,Small,3.0,1,8.0,1,0,0.0724
S01689,Fashion,Chile,Falabella Retail,Referral,Small,1.0,1,10.0,1,0,0.0724
S17403,Home,Chile,Tottus,Self sign-up,Small,1.0,5,11.0,1,0,0.0724
S15789,Toys,Chile,Falabella Retail,Event,Micro,8.0,1,11.0,3,0,0.0724
S01978,Toys,Chile,Falabella Retail,Event,Micro,9.0,5,20.0,7,0,0.0724
S04277,Hardware,Peru,Falabella Retail,Self sign-up,Micro,12.0,1,9.0,3,1,0.0724
S01106,Electronics,Colombia,Tottus,Self sign-up,Medium,4.0,2,8.0,0,1,0.0723
S14130,Hardware,Chile,Falabella Retail,Self sign-up,Micro,3.0,3,9.0,1,0,0.0723
S09585,Hardware,Chile,Sodimac,Self sign-up,Small,3.0,3,13.0,0,1,0.0723
S02170,Fashion,Colombia,Marketplace direct,Self sign-up,Micro,3.0,3,8.0,1,0,0.0723
S14622,Food,Chile,Marketplace direct,Event,Micro,3.0,3,9.0,2,0,0.0723
S19107,Beauty,Chile,Falabella Retail,Event,Small,0.0,0,4.0,0,0,0.0722
S08112,Food,Chile,Marketplace direct,Self sign-up,Small,0.0,2,3.0,2,0,0.0722
S03555,Hardware,Colombia,Sodimac,Sales rep,Micro,10.0,1,13.0,1,0,0.0722
S04219,Sports,Peru,Tottus,Self sign-up,Micro,1.0,4,5.0,0,0,0.0722
S14482,Hardware,Peru,Tottus,Event,Micro,8.0,1,8.0,3,1,0.0722
S03926,Beauty,Colombia,Falabella Retail,Self sign-up,Small,15.0,0,8.0,0,1,0.0722
S15506,Food,Chile,Tottus,Self sign-up,Micro,2.0,3,5.0,1,0,0.0721
S03271,Beauty,Colombia,Falabella Retail,Self sign-up,Micro,2.0,3,8.0,2,0,0.0721
S16149,Electronics,Chile,Sodimac,Self sign-up,Micro,3.0,5,16.0,4,0,0.0721
S06122,Sports,Colombia,Tottus,Event,Medium,3.0,1,9.0,1,0,0.0721
S01217,Beauty,Colombia,Falabella Retail,Sales rep,Micro,3.0,4,16.0,1,1,0.072
S18274,Home,Colombia,Marketplace direct,Self sign-up,Micro,0.0,1,1.0,2,0,0.072
S19614,Home,Peru,Sodimac,Sales rep,Small,5.0,0,12.0,0,0,0.072
S04119,Fashion,Colombia,Falabella Retail,Event,Micro,2.0,5,13.0,2,0,0.072
S18782,Home,Colombia,Marketplace direct,Self sign-up,Medium,25.0,0,10.0,2,1,0.072
S04077,Beauty,Chile,Marketplace direct,Self sign-up,Micro,2.0,2,6.0,0,0,0.0719
S03552,Fashion,Chile,Tottus,Self sign-up,Small,1.0,0,4.0,0,0,0.0719
S02017,Electronics,Chile,Falabella Retail,Event,Micro,1.0,2,8.0,0,0,0.0719
S11070,Food,Colombia,Falabella Retail,Self sign-up,Micro,10.0,1,15.0,12,0,0.0719
S11801,Fashion,Peru,Falabella Retail,Sales rep,Micro,3.0,4,15.0,1,0,0.0718
S14137,Food,Chile,Sodimac,Referral,Small,3.0,0,9.0,2,0,0.0718
S10826,Sports,Chile,Sodimac,Self sign-up,Small,3.0,2,10.0,2,0,0.0718
S09048,Food,Colombia,Falabella Retail,Event,Small,4.0,3,10.0,1,0,0.0717
S11706,Beauty,Peru,Falabella Retail,Self sign-up,Micro,3.0,3,9.0,1,0,0.0715
S11230,Electronics,Colombia,Falabella Retail,Self sign-up,Micro,2.0,2,6.0,0,0,0.0715
S12698,Toys,Colombia,Tottus,Referral,Micro,2.0,4,8.0,0,0,0.0715
S06609,Electronics,Chile,Sodimac,Self sign-up,Micro,6.0,5,13.0,2,1,0.0715
S17826,Home,Peru,Falabella Retail,Event,Micro,0.0,2,4.0,0,0,0.0714
S10608,Food,Chile,Sodimac,Sales rep,Medium,5.0,2,16.0,2,0,0.0714
S11928,Toys,Chile,Sodimac,Event,Medium,14.0,3,22.0,6,0,0.0713
S11229,Toys,Colombia,Sodimac,Referral,Micro,0.0,1,3.0,2,0,0.0713
S04995,Home,Chile,Falabella Retail,Self sign-up,Micro,1.0,2,5.0,0,0,0.0713
S09869,Food,Colombia,Marketplace direct,Event,Small,6.0,0,8.0,0,1,0.0713
S15760,Home,Chile,Falabella Retail,Self sign-up,Small,2.0,1,7.0,0,0,0.0713
S19735,Beauty,Peru,Sodimac,Self sign-up,Micro,4.0,5,12.0,0,0,0.0712
S08753,Hardware,Peru,Falabella Retail,Sales rep,Micro,2.0,0,7.0,0,0,0.0712
S19841,Food,Chile,Falabella Retail,Referral,Micro,4.0,1,8.0,1,0,0.0712
S15147,Food,Peru,Marketplace direct,Self sign-up,Small,5.0,4,12.0,3,0,0.0712
S02046,Fashion,Chile,Falabella Retail,Self sign-up,Small,5.0,2,12.0,1,0,0.071
S05596,Food,Peru,Falabella Retail,Self sign-up,Micro,0.0,5,5.0,2,0,0.071
S14969,Food,Chile,Marketplace direct,Self sign-up,Micro,0.0,4,3.0,1,0,0.071
S06278,Toys,Colombia,Tottus,Self sign-up,Micro,0.0,4,2.0,1,0,0.071
S01134,Food,Colombia,Marketplace direct,Self sign-up,Micro,6.0,1,9.0,7,0,0.071
S09846,Hardware,Chile,Tottus,Self sign-up,Small,11.0,5,17.0,2,1,0.0709
S14671,Home,Colombia,Tottus,Event,Micro,0.0,1,2.0,1,0,0.0708
S08356,Sports,Chile,Falabella Retail,Referral,Micro,10.0,2,10.0,2,1,0.0708
S15981,Home,Chile,Falabella Retail,Self sign-up,Small,0.0,0,2.0,0,0,0.0708
S14771,Sports,Peru,Falabella Retail,Self sign-up,Micro,3.0,4,9.0,1,0,0.0708
S19311,Hardware,Chile,Sodimac,Sales rep,Micro,1.0,1,8.0,0,0,0.0708
S05194,Hardware,Colombia,Falabella Retail,Self sign-up,Small,5.0,2,9.0,0,1,0.0706
S15885,Sports,Chile,Sodimac,Referral,Micro,2.0,0,6.0,0,0,0.0706
S01362,Sports,Peru,Tottus,Self sign-up,Micro,5.0,5,11.0,1,0,0.0706
S04121,Hardware,Chile,Sodimac,Self sign-up,Small,0.0,3,6.0,0,0,0.0705
S14682,Food,Chile,Marketplace direct,Self sign-up,Small,2.0,4,11.0,2,1,0.0705
S17410,Toys,Colombia,Sodimac,Sales rep,Micro,5.0,2,10.0,0,0,0.0705
S18566,Sports,Chile,Sodimac,Sales rep,Micro,4.0,5,12.0,0,1,0.0704
S17514,Beauty,Colombia,Sodimac,Self sign-up,Micro,2.0,1,5.0,1,0,0.0704
S01028,Toys,Colombia,Tottus,Referral,Small,0.0,0,1.0,0,0,0.0704
S06341,Hardware,Colombia,Marketplace direct,Self sign-up,Micro,4.0,4,11.0,3,0,0.0704
S07560,Food,Chile,Falabella Retail,Sales rep,Micro,1.0,1,7.0,2,0,0.0703
S12935,Home,Colombia,Falabella Retail,Self sign-up,Micro,5.0,2,9.0,2,0,0.0702
S09771,Toys,Chile,Sodimac,Self sign-up,Micro,0.0,1,3.0,4,0,0.0702
S00720,Beauty,Chile,Tottus,Self sign-up,Small,5.0,3,14.0,3,0,0.0702
S04549,Home,Colombia,Marketplace direct,Event,Small,4.0,0,10.0,3,0,0.0701
S01373,Hardware,Chile,Marketplace direct,Sales rep,Micro,9.0,2,14.0,0,0,0.0701
S11531,Electronics,Chile,Falabella Retail,Self sign-up,Medium,4.0,5,17.0,0,0,0.0701
S12030,Home,Chile,Marketplace direct,Self sign-up,Micro,0.0,4,5.0,0,0,0.07
S04343,Home,Colombia,Falabella Retail,Self sign-up,Micro,2.0,0,4.0,2,0,0.07
S00491,Sports,Peru,Falabella Retail,Self sign-up,Micro,2.0,0,6.0,5,0,0.07
S15523,Electronics,Chile,Falabella Retail,Self sign-up,Micro,6.0,0,11.0,4,0,0.0699
S13434,Hardware,Chile,Marketplace direct,Sales rep,Small,17.0,0,13.0,0,1,0.0699
S11389,Home,Peru,Falabella Retail,Referral,Micro,1.0,3,9.0,0,0,0.0699
S05330,Toys,Colombia,Falabella Retail,Sales rep,Micro,3.0,5,14.0,2,0,0.0699
S12302,Hardware,Chile,Falabella Retail,Self sign-up,Micro,3.0,0,6.0,2,0,0.0699
S06684,Home,Chile,Falabella Retail,Self sign-up,Medium,5.0,1,12.0,1,0,0.0698
S08951,Fashion,Chile,Falabella Retail,Event,Small,0.0,0,7.0,3,0,0.0698
S12211,Electronics,Colombia,Marketplace direct,Self sign-up,Micro,2.0,0,3.0,0,0,0.0697
S03987,Fashion,Chile,Falabella Retail,Referral,Medium,0.0,5,15.0,1,0,0.0697
S14054,Fashion,Chile,Marketplace direct,Referral,Micro,2.0,0,7.0,0,0,0.0697
S08872,Electronics,Colombia,Marketplace direct,Self sign-up,Small,5.0,2,10.0,0,0,0.0697
S06761,Beauty,Colombia,Marketplace direct,Referral,Micro,0.0,0,4.0,3,0,0.0697
S15470,Home,Peru,Marketplace direct,Event,Micro,0.0,0,1.0,0,0,0.0696
S09765,Beauty,Peru,Falabella Retail,Self sign-up,Micro,0.0,1,1.0,0,0,0.0696
S03946,Home,Chile,Marketplace direct,Self sign-up,Small,9.0,1,14.0,4,0,0.0696
S10836,Fashion,Peru,Falabella Retail,Self sign-up,Micro,3.0,1,6.0,0,0,0.0696
S02699,Hardware,Colombia,Marketplace direct,Self sign-up,Micro,11.0,0,8.0,5,1,0.0696
S15906,Beauty,Chile,Sodimac,Self sign-up,Small,5.0,5,17.0,2,0,0.0696
S09378,Home,Colombia,Marketplace direct,Referral,Micro,9.0,3,14.0,1,0,0.0695
S19946,Sports,Peru,Sodimac,Sales rep,Micro,3.0,4,13.0,0,0,0.0695
S09301,Fashion,Chile,Falabella Retail,Self sign-up,Micro,2.0,3,10.0,2,0,0.0694
S04668,Hardware,Peru,Marketplace direct,Referral,Micro,0.0,4,8.0,1,0,0.0694
S18977,Hardware,Chile,Sodimac,Self sign-up,Medium,2.0,2,11.0,1,0,0.0693
S16859,Hardware,Colombia,Falabella Retail,Self sign-up,Micro,2.0,1,5.0,2,0,0.0693
S12619,Food,Peru,Marketplace direct,Self sign-up,Small,0.0,2,1.0,0,0,0.0693
S11777,Fashion,Peru,Falabella Retail,Sales rep,Small,3.0,5,21.0,4,0,0.0693
S11563,Home,Chile,Tottus,Self sign-up,Micro,10.0,3,16.0,2,1,0.0693
S18323,Fashion,Chile,Marketplace direct,Self sign-up,Micro,0.0,0,1.0,1,0,0.0693
S07074,Hardware,Colombia,Sodimac,Event,Small,8.0,1,13.0,2,0,0.0693
S03638,Hardware,Peru,Falabella Retail,Event,Micro,4.0,3,13.0,3,0,0.0692
S19733,Food,Colombia,Sodimac,Referral,Small,1.0,1,6.0,1,0,0.0692
S03617,Electronics,Colombia,Sodimac,Self sign-up,Micro,0.0,0,1.0,1,0,0.0691
S13989,Home,Peru,Tottus,Self sign-up,Small,2.0,2,8.0,1,0,0.0691
S12012,Hardware,Chile,Sodimac,Self sign-up,Small,6.0,5,17.0,2,0,0.0691
S12945,Fashion,Chile,Falabella Retail,Self sign-up,Micro,1.0,0,3.0,0,0,0.0691
S09598,Toys,Chile,Marketplace direct,Self sign-up,Micro,7.0,0,3.0,2,1,0.0691
S19411,Electronics,Chile,Marketplace direct,Referral,Micro,2.0,1,9.0,0,0,0.069
S12269,Electronics,Chile,Falabella Retail,Self sign-up,Micro,14.0,5,20.0,3,1,0.0689
S16753,Sports,Peru,Falabella Retail,Self sign-up,Micro,0.0,2,1.0,0,0,0.0689
S12840,Beauty,Peru,Sodimac,Self sign-up,Micro,7.0,1,9.0,1,1,0.0689
S13588,Sports,Colombia,Tottus,Self sign-up,Micro,10.0,2,10.0,3,0,0.0689
S14457,Home,Chile,Falabella Retail,Referral,Small,3.0,0,10.0,0,0,0.0689
S13333,Home,Peru,Sodimac,Sales rep,Micro,11.0,2,14.0,2,1,0.0688
S17302,Beauty,Colombia,Falabella Retail,Self sign-up,Micro,2.0,4,8.0,0,0,0.0688
S06346,Food,Chile,Falabella Retail,Self sign-up,Small,2.0,3,8.0,1,0,0.0688
S14886,Beauty,Chile,Falabella Retail,Self sign-up,Micro,0.0,0,2.0,2,0,0.0688
S05084,Food,Peru,Marketplace direct,Sales rep,Micro,4.0,3,11.0,1,0,0.0687
S12174,Food,Chile,Marketplace direct,Referral,Small,0.0,3,7.0,1,0,0.0687
S12528,Sports,Chile,Sodimac,Self sign-up,Micro,0.0,2,2.0,0,0,0.0687
S17655,Toys,Chile,Sodimac,Event,Small,7.0,5,17.0,1,0,0.0687
S09702,Food,Chile,Sodimac,Event,Micro,7.0,4,13.0,1,0,0.0687
S16273,Sports,Chile,Sodimac,Self sign-up,Micro,1.0,1,3.0,0,0,0.0686
S04200,Home,Colombia,Falabella Retail,Self sign-up,Micro,5.0,5,14.0,3,0,0.0685
S07097,Home,Peru,Tottus,Self sign-up,Micro,8.0,3,7.0,0,1,0.0685
S01100,Electronics,Chile,Falabella Retail,Sales rep,Small,1.0,3,14.0,0,0,0.0685
S13413,Home,Chile,Tottus,Self sign-up,Micro,1.0,1,4.0,1,0,0.0685
S11126,Fashion,Chile,Tottus,Self sign-up,Small,0.0,3,6.0,0,0,0.0685
S04980,Food,Chile,Marketplace direct,Event,Small,3.0,5,14.0,2,0,0.0685
S04339,Hardware,Peru,Tottus,Self sign-up,Micro,1.0,4,7.0,1,0,0.0685
S03693,Beauty,Chile,Falabella Retail,Self sign-up,Micro,4.0,4,12.0,1,0,0.0685
S06681,Hardware,Chile,Sodimac,Event,Micro,31.0,4,29.0,12,0,0.0684
S15858,Sports,Chile,Falabella Retail,Sales rep,Micro,3.0,0,8.0,0,0,0.0684
S17833,Electronics,Chile,Falabella Retail,Sales rep,Micro,3.0,3,16.0,2,0,0.0684
S03585,Hardware,Peru,Sodimac,Event,Small,1.0,1,8.0,1,0,0.0684
S00663,Electronics,Chile,Falabella Retail,Self sign-up,Micro,1.0,1,5.0,0,0,0.0684
S15866,Fashion,Peru,Marketplace direct,Referral,Micro,3.0,5,15.0,1,0,0.0683
S06202,Beauty,Peru,Marketplace direct,Self sign-up,Small,4.0,3,14.0,4,0,0.0683
S10626,Home,Chile,Falabella Retail,Self sign-up,Medium,4.0,0,11.0,2,0,0.0683
S03456,Food,Chile,Falabella Retail,Event,Micro,0.0,2,3.0,1,0,0.0683
S13019,Home,Peru,Marketplace direct,Self sign-up,Small,4.0,0,9.0,3,0,0.0683
S03513,Food,Chile,Sodimac,Self sign-up,Micro,3.0,0,5.0,3,0,0.0682
S18931,Beauty,Chile,Sodimac,Self sign-up,Micro,2.0,5,12.0,1,0,0.0682
S04289,Beauty,Chile,Falabella Retail,Self sign-up,Small,10.0,0,17.0,8,0,0.0682
S15636,Toys,Chile,Falabella Retail,Self sign-up,Micro,0.0,2,5.0,5,0,0.0681
S03311,Food,Peru,Sodimac,Self sign-up,Micro,22.0,2,10.0,3,1,0.0681
S02395,Food,Chile,Falabella Retail,Self sign-up,Micro,2.0,5,5.0,0,1,0.0681
S12080,Hardware,Chile,Tottus,Self sign-up,Micro,2.0,1,5.0,1,0,0.068
S15297,Home,Chile,Falabella Retail,Sales rep,Micro,5.0,1,12.0,0,0,0.068
S06467,Toys,Peru,Marketplace direct,Self sign-up,Micro,10.0,1,9.0,3,0,0.068
S12783,Fashion,Colombia,Sodimac,Self sign-up,Small,1.0,0,4.0,0,0,0.068
S04452,Sports,Chile,Falabella Retail,Event,Small,0.0,3,7.0,0,0,0.068
S11543,Hardware,Colombia,Marketplace direct,Sales rep,Micro,15.0,1,13.0,0,0,0.068
S05873,Electronics,Colombia,Tottus,Event,Small,15.0,0,10.0,1,1,0.068
S02954,Beauty,Peru,Falabella Retail,Referral,Medium,2.0,0,12.0,2,0,0.068
S06916,Fashion,Chile,Falabella Retail,Sales rep,Micro,5.0,3,16.0,1,0,0.0679
S14998,Home,Chile,Marketplace direct,Self sign-up,Micro,9.0,4,11.0,0,1,0.0679
S16090,Home,Chile,Falabella Retail,Event,Small,4.0,1,11.0,0,0,0.0678
S13451,Sports,Chile,Tottus,Referral,Small,2.0,3,12.0,1,0,0.0678
S16848,Home,Colombia,Falabella Retail,Referral,Micro,1.0,0,6.0,2,0,0.0678
S00369,Hardware,Chile,Marketplace direct,Self sign-up,Micro,4.0,1,7.0,1,0,0.0678
S17590,Toys,Peru,Falabella Retail,Self sign-up,Micro,0.0,4,3.0,0,0,0.0678
S06384,Home,Peru,Marketplace direct,Self sign-up,Small,0.0,0,2.0,1,0,0.0677
S02502,Food,Chile,Sodimac,Self sign-up,Micro,7.0,3,6.0,0,1,0.0677
S11163,Food,Chile,Marketplace direct,Self sign-up,Micro,2.0,4,7.0,1,0,0.0677
S08184,Fashion,Chile,Marketplace direct,Self sign-up,Small,2.0,0,6.0,0,0,0.0677
S15618,Home,Chile,Marketplace direct,Self sign-up,Micro,7.0,1,9.0,1,0,0.0676
S04658,Beauty,Chile,Falabella Retail,Referral,Micro,1.0,3,10.0,0,0,0.0676
S12406,Beauty,Colombia,Falabella Retail,Self sign-up,Small,11.0,1,14.0,4,0,0.0675
S12930,Beauty,Peru,Sodimac,Self sign-up,Small,0.0,0,3.0,1,0,0.0675
S01795,Home,Chile,Sodimac,Self sign-up,Small,0.0,1,4.0,0,0,0.0675
S06075,Beauty,Chile,Sodimac,Self sign-up,Micro,0.0,1,3.0,1,0,0.0675
S15982,Sports,Colombia,Sodimac,Referral,Micro,1.0,2,7.0,1,0,0.0674
S03247,Hardware,Colombia,Falabella Retail,Self sign-up,Micro,0.0,2,2.0,1,0,0.0674
S16988,Beauty,Colombia,Marketplace direct,Event,Small,3.0,1,11.0,3,0,0.0674
S03377,Food,Chile,Sodimac,Sales rep,Micro,0.0,2,5.0,0,0,0.0674
S11342,Home,Chile,Falabella Retail,Referral,Micro,7.0,2,14.0,1,0,0.0674
S04399,Toys,Peru,Falabella Retail,Event,Micro,1.0,3,6.0,0,0,0.0673
S13391,Hardware,Peru,Falabella Retail,Sales rep,Small,1.0,3,12.0,0,0,0.0673
S07158,Home,Colombia,Falabella Retail,Sales rep,Micro,2.0,3,11.0,0,0,0.0672
S16692,Beauty,Chile,Falabella Retail,Event,Micro,1.0,4,11.0,1,0,0.0672
S01455,Electronics,Colombia,Sodimac,Self sign-up,Small,3.0,0,7.0,0,0,0.0672
S18090,Toys,Chile,Tottus,Event,Medium,5.0,5,16.0,0,0,0.0671
S16716,Beauty,Peru,Marketplace direct,Event,Micro,4.0,4,13.0,1,0,0.0671
S14489,Electronics,Chile,Marketplace direct,Self sign-up,Small,2.0,5,15.0,2,0,0.0671
S12967,Home,Peru,Falabella Retail,Self sign-up,Micro,4.0,3,10.0,1,0,0.0671
S17127,Sports,Colombia,Falabella Retail,Self sign-up,Micro,18.0,2,8.0,0,1,0.0671
S16564,Food,Chile,Sodimac,Self sign-up,Micro,8.0,1,10.0,4,0,0.0671
S06024,Hardware,Chile,Marketplace direct,Self sign-up,Micro,0.0,2,3.0,1,0,0.067
S10738,Toys,Chile,Marketplace direct,Sales rep,Micro,4.0,4,13.0,0,0,0.067
S18948,Beauty,Peru,Sodimac,Sales rep,Micro,4.0,4,17.0,1,1,0.067
S10048,Food,Chile,Sodimac,Self sign-up,Micro,1.0,3,6.0,2,0,0.067
S11640,Toys,Chile,Sodimac,Referral,Micro,1.0,0,5.0,1,0,0.0669
S04705,Home,Chile,Marketplace direct,Event,Micro,3.0,0,9.0,3,0,0.0669
S16155,Hardware,Chile,Falabella Retail,Self sign-up,Micro,14.0,0,14.0,6,0,0.0668
S00541,Beauty,Chile,Falabella Retail,Self sign-up,Micro,0.0,0,3.0,3,0,0.0668
S05147,Fashion,Chile,Marketplace direct,Sales rep,Micro,6.0,2,14.0,0,0,0.0667
S00200,Toys,Chile,Falabella Retail,Referral,Micro,3.0,0,7.0,1,0,0.0667
S15291,Electronics,Colombia,Falabella Retail,Self sign-up,Micro,1.0,1,7.0,4,0,0.0667
S12295,Toys,Chile,Marketplace direct,Self sign-up,Small,11.0,2,15.0,5,0,0.0667
S11722,Beauty,Colombia,Sodimac,Self sign-up,Micro,2.0,0,4.0,1,0,0.0667
S04109,Beauty,Chile,Tottus,Self sign-up,Micro,0.0,1,2.0,1,0,0.0666
S18834,Home,Colombia,Falabella Retail,Referral,Micro,10.0,2,16.0,2,1,0.0666
S12723,Food,Peru,Tottus,Sales rep,Small,0.0,1,4.0,0,0,0.0666
S03184,Electronics,Peru,Falabella Retail,Self sign-up,Small,0.0,1,5.0,1,0,0.0666
S02249,Fashion,Peru,Sodimac,Self sign-up,Micro,9.0,0,11.0,1,1,0.0665
S09672,Food,Colombia,Falabella Retail,Self sign-up,Micro,6.0,4,9.0,1,0,0.0665
S17007,Fashion,Peru,Falabella Retail,Referral,Small,12.0,2,20.0,4,0,0.0665
S03508,Sports,Chile,Falabella Retail,Self sign-up,Micro,1.0,2,5.0,1,0,0.0665
S05305,Sports,Colombia,Tottus,Self sign-up,Micro,8.0,5,13.0,3,1,0.0665
S18588,Electronics,Chile,Marketplace direct,Event,Micro,13.0,3,20.0,5,0,0.0665
S05553,Home,Chile,Sodimac,Event,Micro,14.0,2,17.0,3,0,0.0664
S03480,Fashion,Chile,Marketplace direct,Sales rep,Micro,2.0,2,12.0,1,0,0.0664
S00671,Beauty,Chile,Tottus,Self sign-up,Micro,7.0,2,12.0,3,0,0.0664
S17881,Home,Peru,Marketplace direct,Self sign-up,Micro,5.0,0,7.0,2,0,0.0663
S17461,Home,Chile,Tottus,Sales rep,Micro,14.0,4,21.0,3,0,0.0663
S12872,Electronics,Colombia,Tottus,Self sign-up,Micro,0.0,0,1.0,2,0,0.0663
S06219,Fashion,Colombia,Falabella Retail,Referral,Micro,1.0,4,12.0,2,0,0.0663
S08110,Home,Chile,Sodimac,Self sign-up,Small,4.0,0,9.0,1,0,0.0663
S19555,Home,Peru,Marketplace direct,Event,Micro,0.0,2,4.0,0,0,0.0663
S00437,Fashion,Colombia,Marketplace direct,Self sign-up,Micro,1.0,0,3.0,2,0,0.0663
S13369,Sports,Chile,Falabella Retail,Self sign-up,Small,1.0,2,7.0,1,0,0.0662
S00990,Sports,Chile,Tottus,Self sign-up,Micro,8.0,2,11.0,3,0,0.0662
S18685,Home,Chile,Tottus,Event,Micro,9.0,1,13.0,3,1,0.0662
S02056,Food,Colombia,Marketplace direct,Referral,Small,3.0,4,11.0,0,0,0.0662
S00102,Home,Chile,Falabella Retail,Self sign-up,Small,4.0,1,10.0,1,0,0.0662
S10265,Fashion,Chile,Marketplace direct,Sales rep,Micro,1.0,3,12.0,1,0,0.0662
S17087,Home,Chile,Falabella Retail,Event,Micro,4.0,1,10.0,1,0,0.0661
S12210,Hardware,Colombia,Marketplace direct,Event,Micro,8.0,3,14.0,3,0,0.0661
S14525,Sports,Chile,Marketplace direct,Self sign-up,Micro,12.0,4,17.0,3,1,0.0661
S03902,Sports,Chile,Marketplace direct,Self sign-up,Micro,5.0,2,14.0,8,0,0.066
S06623,Fashion,Colombia,Tottus,Event,Small,5.0,3,17.0,5,1,0.066
S14988,Fashion,Chile,Marketplace direct,Self sign-up,Micro,5.0,3,13.0,3,0,0.066
S14090,Fashion,Peru,Falabella Retail,Self sign-up,Micro,0.0,3,6.0,2,0,0.0659
S12428,Food,Chile,Falabella Retail,Self sign-up,Micro,12.0,5,13.0,1,1,0.0659
S16002,Home,Chile,Sodimac,Self sign-up,Small,0.0,4,9.0,1,0,0.0658
S12050,Fashion,Colombia,Falabella Retail,Self sign-up,Micro,0.0,0,2.0,3,0,0.0658
S09622,Food,Colombia,Tottus,Sales rep,Micro,2.0,1,5.0,0,0,0.0658
S16999,Beauty,Chile,Sodimac,Self sign-up,Micro,0.0,0,1.0,0,0,0.0657
S09247,Fashion,Chile,Tottus,Self sign-up,Small,11.0,2,19.0,7,0,0.0657
S17914,Fashion,Chile,Falabella Retail,Self sign-up,Micro,1.0,2,6.0,0,0,0.0657
S09409,Sports,Peru,Marketplace direct,Self sign-up,Micro,2.0,1,4.0,1,0,0.0657
S03873,Electronics,Chile,Marketplace direct,Self sign-up,Small,4.0,2,12.0,1,0,0.0657
S15186,Electronics,Peru,Marketplace direct,Self sign-up,Micro,2.0,4,12.0,3,0,0.0657
S13755,Hardware,Colombia,Falabella Retail,Self sign-up,Medium,3.0,1,10.0,2,0,0.0657
S11024,Home,Chile,Sodimac,Self sign-up,Micro,1.0,0,4.0,1,0,0.0657
S09012,Hardware,Colombia,Falabella Retail,Self sign-up,Small,1.0,3,7.0,0,0,0.0657
S13305,Home,Peru,Sodimac,Self sign-up,Small,4.0,1,6.0,0,1,0.0656
S00047,Home,Chile,Falabella Retail,Self sign-up,Small,1.0,4,11.0,1,0,0.0656
S08136,Beauty,Chile,Marketplace direct,Sales rep,Small,3.0,0,12.0,1,0,0.0656
S17378,Toys,Colombia,Sodimac,Self sign-up,Small,9.0,4,10.0,1,1,0.0656
S07609,Hardware,Chile,Falabella Retail,Sales rep,Small,17.0,3,21.0,1,0,0.0656
S13991,Electronics,Chile,Tottus,Referral,Micro,7.0,1,14.0,2,0,0.0656
S03659,Electronics,Peru,Falabella Retail,Event,Micro,2.0,4,12.0,0,0,0.0655
S12023,Electronics,Colombia,Tottus,Self sign-up,Small,18.0,1,11.0,2,1,0.0655
S12607,Hardware,Colombia,Falabella Retail,Sales rep,Small,7.0,0,12.0,0,0,0.0655
S19884,Home,Peru,Sodimac,Event,Small,0.0,0,5.0,1,0,0.0655
S04633,Home,Colombia,Sodimac,Sales rep,Small,6.0,2,15.0,0,0,0.0655
S03080,Home,Peru,Falabella Retail,Self sign-up,Micro,18.0,3,11.0,1,1,0.0655
S14936,Beauty,Colombia,Sodimac,Sales rep,Micro,6.0,2,14.0,1,0,0.0655
S10663,Toys,Peru,Sodimac,Referral,Small,3.0,0,8.0,0,0,0.0654
S12627,Home,Peru,Tottus,Self sign-up,Small,4.0,0,10.0,2,1,0.0654
S00527,Food,Chile,Sodimac,Self sign-up,Medium,1.0,0,5.0,1,0,0.0654
S04382,Home,Peru,Falabella Retail,Self sign-up,Micro,10.0,3,12.0,0,0,0.0653
S15951,Home,Peru,Sodimac,Self sign-up,Medium,2.0,5,16.0,2,0,0.0653
S03578,Toys,Chile,Falabella Retail,Self sign-up,Micro,2.0,0,3.0,1,0,0.0653
S00701,Home,Colombia,Tottus,Referral,Micro,8.0,1,16.0,7,0,0.0653
S12158,Electronics,Colombia,Sodimac,Self sign-up,Micro,3.0,1,9.0,3,0,0.0653
S03629,Home,Chile,Falabella Retail,Sales rep,Medium,4.0,0,14.0,0,0,0.0652
S12784,Beauty,Peru,Sodimac,Event,Small,6.0,0,15.0,5,0,0.0652
S10368,Fashion,Colombia,Sodimac,Self sign-up,Medium,3.0,2,11.0,0,0,0.0652
S16571,Toys,Chile,Sodimac,Event,Micro,14.0,2,10.0,0,1,0.0652
S07185,Fashion,Colombia,Tottus,Self sign-up,Medium,4.0,4,15.0,2,0,0.0652
S18578,Food,Peru,Sodimac,Self sign-up,Small,3.0,0,5.0,1,0,0.0652
S11399,Food,Chile,Falabella Retail,Self sign-up,Micro,1.0,3,5.0,1,0,0.0651
S07911,Electronics,Peru,Falabella Retail,Self sign-up,Micro,0.0,0,1.0,0,0,0.0651
S06837,Sports,Colombia,Falabella Retail,Sales rep,Small,6.0,1,17.0,6,0,0.065
S11805,Sports,Chile,Marketplace direct,Self sign-up,Micro,0.0,1,1.0,1,0,0.065
S15212,Sports,Peru,Tottus,Event,Micro,6.0,5,15.0,0,1,0.0649
S03835,Fashion,Chile,Sodimac,Sales rep,Medium,2.0,3,18.0,1,0,0.0649
S18526,Electronics,Chile,Sodimac,Event,Micro,7.0,3,15.0,0,0,0.0649
S05547,Sports,Colombia,Marketplace direct,Self sign-up,Small,1.0,0,5.0,4,0,0.0649
S08767,Food,Chile,Sodimac,Self sign-up,Small,3.0,1,7.0,1,0,0.0649
S07189,Sports,Chile,Falabella Retail,Self sign-up,Small,13.0,4,16.0,0,1,0.0648
S08099,Food,Colombia,Falabella Retail,Self sign-up,Micro,24.0,5,13.0,2,1,0.0647
S03511,Sports,Peru,Falabella Retail,Event,Small,0.0,1,4.0,0,0,0.0647
S02706,Hardware,Peru,Sodimac,Event,Micro,3.0,0,9.0,3,0,0.0646
S04252,Home,Peru,Falabella Retail,Self sign-up,Medium,1.0,0,6.0,0,0,0.0646
S00150,Hardware,Chile,Falabella Retail,Sales rep,Micro,0.0,0,7.0,3,0,0.0646
S17119,Toys,Colombia,Falabella Retail,Self sign-up,Micro,1.0,5,7.0,1,0,0.0645
S05003,Home,Chile,Falabella Retail,Self sign-up,Micro,4.0,1,9.0,2,0,0.0645
S00375,Electronics,Chile,Falabella Retail,Self sign-up,Micro,1.0,1,7.0,2,0,0.0645
S07906,Sports,Colombia,Falabella Retail,Self sign-up,Medium,6.0,4,16.0,3,0,0.0645
S01659,Electronics,Colombia,Falabella Retail,Sales rep,Micro,2.0,2,11.0,0,0,0.0645
S16248,Fashion,Colombia,Falabella Retail,Self sign-up,Small,5.0,2,12.0,2,0,0.0645
S01731,Electronics,Colombia,Marketplace direct,Self sign-up,Micro,2.0,2,7.0,1,0,0.0644
S16936,Toys,Chile,Tottus,Self sign-up,Micro,1.0,0,1.0,1,0,0.0644
S06969,Beauty,Chile,Marketplace direct,Self sign-up,Micro,1.0,5,11.0,2,0,0.0643
S14195,Toys,Colombia,Falabella Retail,Referral,Small,2.0,4,13.0,2,0,0.0643
S19076,Fashion,Peru,Marketplace direct,Self sign-up,Small,0.0,0,2.0,0,0,0.0642
S12479,Fashion,Chile,Sodimac,Self sign-up,Micro,1.0,4,10.0,1,0,0.0642
S16007,Home,Peru,Marketplace direct,Referral,Micro,3.0,0,9.0,2,0,0.0642
S06363,Electronics,Chile,Tottus,Self sign-up,Micro,3.0,1,7.0,0,0,0.0642
S10540,Food,Peru,Marketplace direct,Self sign-up,Small,4.0,1,8.0,3,0,0.0642
S08038,Electronics,Colombia,Marketplace direct,Event,Small,4.0,0,10.0,1,0,0.0642
S11701,Toys,Peru,Tottus,Sales rep,Small,17.0,1,14.0,2,1,0.0641
S17820,Sports,Colombia,Falabella Retail,Referral,Small,8.0,2,14.0,1,0,0.0641
S06621,Home,Colombia,Sodimac,Self sign-up,Small,7.0,0,11.0,3,0,0.0641
S18258,Home,Chile,Marketplace direct,Referral,Micro,1.0,2,10.0,2,0,0.064
S16269,Hardware,Colombia,Falabella Retail,Self sign-up,Small,22.0,0,9.0,2,1,0.064
S01319,Hardware,Colombia,Falabella Retail,Sales rep,Micro,3.0,1,10.0,1,0,0.064
S04331,Food,Colombia,Sodimac,Self sign-up,Small,0.0,1,1.0,1,0,0.0639
S18076,Fashion,Peru,Sodimac,Self sign-up,Micro,3.0,0,8.0,3,0,0.0639
S18470,Fashion,Chile,Sodimac,Self sign-up,Small,3.0,3,13.0,1,0,0.0639
S11719,Food,Peru,Falabella Retail,Self sign-up,Micro,1.0,5,8.0,2,0,0.0639
S04876,Home,Chile,Falabella Retail,Sales rep,Small,0.0,0,7.0,0,0,0.0638
S02901,Food,Chile,Tottus,Sales rep,Micro,4.0,4,14.0,2,0,0.0638
S01165,Hardware,Chile,Tottus,Referral,Micro,7.0,1,10.0,4,1,0.0638
S09670,Home,Peru,Marketplace direct,Self sign-up,Micro,2.0,5,10.0,0,0,0.0637
S04157,Electronics,Chile,Marketplace direct,Self sign-up,Medium,3.0,1,11.0,0,0,0.0637
S02251,Toys,Colombia,Tottus,Sales rep,Micro,0.0,1,3.0,1,0,0.0637
S15009,Fashion,Chile,Falabella Retail,Self sign-up,Micro,5.0,1,11.0,3,0,0.0637
S01349,Electronics,Chile,Marketplace direct,Self sign-up,Micro,3.0,3,10.0,0,0,0.0636
S08615,Sports,Colombia,Tottus,Sales rep,Medium,8.0,0,16.0,4,0,0.0636
S14811,Home,Peru,Marketplace direct,Self sign-up,Medium,2.0,4,14.0,2,0,0.0636
S18435,Sports,Peru,Tottus,Event,Medium,10.0,0,12.0,3,1,0.0636
S14601,Hardware,Colombia,Marketplace direct,Event,Small,1.0,2,9.0,2,0,0.0635
S09874,Home,Colombia,Sodimac,Sales rep,Micro,2.0,2,12.0,2,0,0.0635
S05279,Toys,Peru,Sodimac,Self sign-up,Micro,14.0,5,18.0,2,1,0.0635
S10228,Electronics,Chile,Tottus,Self sign-up,Micro,3.0,0,9.0,4,0,0.0635
S02907,Electronics,Chile,Marketplace direct,Self sign-up,Micro,1.0,1,5.0,0,0,0.0634
S16551,Sports,Colombia,Falabella Retail,Self sign-up,Micro,1.0,0,2.0,2,0,0.0634
S15336,Sports,Colombia,Tottus,Self sign-up,Micro,1.0,5,8.0,2,0,0.0633
S14235,Fashion,Chile,Falabella Retail,Self sign-up,Small,11.0,0,14.0,3,0,0.0633
S03751,Beauty,Chile,Falabella Retail,Sales rep,Micro,10.0,0,10.0,0,1,0.0633
S05889,Electronics,Colombia,Tottus,Event,Micro,0.0,4,7.0,0,0,0.0633
S10874,Food,Peru,Tottus,Sales rep,Micro,0.0,0,1.0,0,0,0.0633
S07914,Hardware,Peru,Marketplace direct,Self sign-up,Micro,7.0,4,10.0,0,1,0.0632
S12222,Sports,Chile,Sodimac,Referral,Small,5.0,0,11.0,0,0,0.0632
S16962,Home,Peru,Marketplace direct,Self sign-up,Small,2.0,2,8.0,0,0,0.0632
S05556,Home,Peru,Falabella Retail,Event,Micro,9.0,5,19.0,3,0,0.0631
S16815,Sports,Chile,Sodimac,Self sign-up,Micro,1.0,4,10.0,3,0,0.0631
S02889,Electronics,Chile,Falabella Retail,Event,Small,2.0,5,17.0,1,0,0.0631
S07221,Home,Peru,Marketplace direct,Sales rep,Micro,0.0,0,4.0,0,0,0.0631
S02550,Beauty,Colombia,Sodimac,Self sign-up,Micro,3.0,2,8.0,1,0,0.0631
S12097,Electronics,Chile,Falabella Retail,Self sign-up,Micro,3.0,2,10.0,1,0,0.0631
S00638,Toys,Chile,Tottus,Self sign-up,Micro,3.0,5,11.0,2,0,0.063
S14270,Food,Chile,Sodimac,Event,Small,1.0,1,6.0,0,0,0.063
S14494,Home,Colombia,Falabella Retail,Self sign-up,Micro,16.0,2,14.0,3,0,0.063
S01980,Hardware,Chile,Falabella Retail,Self sign-up,Small,1.0,1,6.0,0,0,0.063
S04510,Beauty,Peru,Falabella Retail,Self sign-up,Medium,1.0,2,9.0,0,0,0.063
S05230,Hardware,Colombia,Sodimac,Self sign-up,Micro,0.0,0,5.0,7,0,0.063
S06946,Toys,Chile,Tottus,Self sign-up,Micro,8.0,5,12.0,1,1,0.063
S02061,Home,Chile,Falabella Retail,Self sign-up,Micro,1.0,0,8.0,6,0,0.0629
S16908,Fashion,Chile,Falabella Retail,Self sign-up,Micro,8.0,5,17.0,2,0,0.0629
S10697,Beauty,Colombia,Marketplace direct,Self sign-up,Small,1.0,3,9.0,2,0,0.0629
S01766,Food,Chile,Tottus,Self sign-up,Micro,1.0,5,8.0,2,0,0.0629
S00176,Fashion,Peru,Marketplace direct,Sales rep,Small,2.0,0,11.0,1,0,0.0629
S01104,Electronics,Peru,Sodimac,Self sign-up,Small,7.0,0,13.0,3,0,0.0629
S02532,Sports,Colombia,Marketplace direct,Sales rep,Medium,1.0,0,8.0,0,0,0.0629
S05651,Fashion,Colombia,Falabella Retail,Sales rep,Micro,6.0,0,14.0,4,0,0.0628
S18042,Beauty,Chile,Sodimac,Self sign-up,Micro,5.0,2,10.0,0,0,0.0628
S19006,Food,Colombia,Tottus,Event,Small,7.0,1,9.0,1,0,0.0628
S06229,Fashion,Colombia,Marketplace direct,Event,Micro,10.0,4,14.0,1,1,0.0628
S14747,Fashion,Chile,Falabella Retail,Self sign-up,Small,4.0,1,10.0,0,0,0.0628
S01334,Food,Colombia,Sodimac,Self sign-up,Medium,0.0,2,5.0,2,0,0.0627
S00836,Toys,Colombia,Falabella Retail,Self sign-up,Micro,4.0,0,6.0,4,0,0.0627
S03134,Toys,Peru,Tottus,Event,Small,3.0,0,6.0,0,0,0.0627
S02526,Food,Peru,Falabella Retail,Self sign-up,Micro,21.0,2,6.0,1,1,0.0626
S07663,Food,Chile,Marketplace direct,Sales rep,Micro,4.0,0,9.0,2,0,0.0626
S12839,Food,Peru,Marketplace direct,Self sign-up,Micro,0.0,3,1.0,0,0,0.0626
S13653,Fashion,Chile,Sodimac,Self sign-up,Micro,1.0,3,8.0,0,0,0.0626
S00020,Toys,Colombia,Falabella Retail,Self sign-up,Small,2.0,0,3.0,0,0,0.0626
S15222,Sports,Colombia,Tottus,Event,Micro,6.0,0,10.0,5,0,0.0625
S19081,Home,Chile,Falabella Retail,Referral,Micro,5.0,4,17.0,2,0,0.0625
S18503,Electronics,Colombia,Falabella Retail,Self sign-up,Micro,2.0,3,9.0,1,0,0.0625
S03353,Home,Chile,Sodimac,Referral,Small,1.0,4,14.0,0,0,0.0625
S16976,Electronics,Chile,Tottus,Event,Micro,15.0,0,19.0,8,0,0.0625
S14277,Home,Peru,Sodimac,Referral,Small,1.0,0,8.0,0,0,0.0625
S04836,Electronics,Chile,Falabella Retail,Self sign-up,Micro,4.0,2,10.0,0,0,0.0624
S15808,Electronics,Chile,Tottus,Event,Micro,5.0,4,17.0,3,0,0.0624
S05422,Toys,Peru,Marketplace direct,Self sign-up,Small,0.0,1,1.0,0,0,0.0623
S05994,Beauty,Peru,Tottus,Sales rep,Micro,2.0,2,12.0,2,0,0.0623
S09805,Hardware,Chile,Marketplace direct,Sales rep,Micro,2.0,0,8.0,0,0,0.0623
S15840,Beauty,Peru,Falabella Retail,Self sign-up,Micro,5.0,1,11.0,4,0,0.0623
S00476,Fashion,Colombia,Tottus,Sales rep,Micro,3.0,0,9.0,1,0,0.0622
S08106,Home,Chile,Falabella Retail,Event,Micro,3.0,5,15.0,1,0,0.0622
S16057,Toys,Chile,Marketplace direct,Referral,Small,2.0,3,12.0,1,0,0.0622
S10333,Electronics,Colombia,Falabella Retail,Self sign-up,Micro,2.0,0,5.0,1,0,0.0622
S04445,Fashion,Chile,Marketplace direct,Referral,Small,0.0,0,6.0,0,0,0.0621
S02089,Fashion,Colombia,Marketplace direct,Self sign-up,Micro,17.0,1,10.0,3,1,0.0621
S16328,Electronics,Peru,Marketplace direct,Referral,Micro,3.0,1,10.0,0,0,0.0621
S19504,Food,Colombia,Marketplace direct,Referral,Small,7.0,5,16.0,1,1,0.062
S18458,Hardware,Chile,Marketplace direct,Sales rep,Micro,3.0,4,16.0,2,0,0.062
S06076,Sports,Chile,Tottus,Sales rep,Micro,8.0,4,16.0,0,0,0.062
S01213,Fashion,Chile,Falabella Retail,Self sign-up,Small,5.0,0,11.0,2,0,0.0618
S07996,Electronics,Chile,Marketplace direct,Self sign-up,Micro,2.0,0,6.0,1,0,0.0618
S07232,Home,Colombia,Falabella Retail,Self sign-up,Micro,11.0,4,14.0,1,0,0.0618
S10681,Hardware,Chile,Sodimac,Sales rep,Micro,3.0,1,12.0,1,0,0.0618
S10781,Sports,Chile,Falabella Retail,Event,Medium,6.0,1,14.0,1,0,0.0618
S08244,Food,Chile,Sodimac,Referral,Micro,1.0,0,4.0,0,0,0.0618
S07835,Home,Chile,Falabella Retail,Self sign-up,Micro,10.0,3,9.0,0,1,0.0617
S02385,Toys,Chile,Falabella Retail,Self sign-up,Micro,0.0,1,1.0,1,0,0.0617
S04013,Electronics,Chile,Tottus,Event,Micro,9.0,2,13.0,2,1,0.0617
S08402,Beauty,Colombia,Falabella Retail,Sales rep,Small,5.0,3,16.0,0,0,0.0617
S19966,Sports,Chile,Marketplace direct,Self sign-up,Micro,1.0,2,5.0,1,0,0.0617
S12758,Fashion,Peru,Falabella Retail,Sales rep,Micro,4.0,3,17.0,3,0,0.0616
S09795,Beauty,Colombia,Marketplace direct,Sales rep,Micro,1.0,1,8.0,1,0,0.0616
S19004,Beauty,Peru,Sodimac,Self sign-up,Micro,5.0,4,13.0,1,0,0.0616
S17295,Food,Peru,Falabella Retail,Self sign-up,Small,5.0,4,13.0,2,1,0.0616
S11223,Fashion,Chile,Falabella Retail,Self sign-up,Micro,7.0,1,13.0,4,0,0.0615
S06198,Fashion,Colombia,Marketplace direct,Self sign-up,Micro,10.0,3,10.0,0,1,0.0615
S17563,Sports,Colombia,Marketplace direct,Self sign-up,Medium,2.0,3,10.0,1,0,0.0615
S07665,Fashion,Colombia,Falabella Retail,Self sign-up,Medium,2.0,0,9.0,2,0,0.0614
S11811,Fashion,Peru,Marketplace direct,Self sign-up,Micro,2.0,0,4.0,0,0,0.0614
S03270,Food,Chile,Falabella Retail,Event,Small,1.0,5,12.0,1,0,0.0614
S17207,Electronics,Peru,Tottus,Self sign-up,Small,3.0,5,14.0,0,0,0.0614
S19642,Home,Chile,Sodimac,Event,Micro,4.0,1,10.0,0,0,0.0614
S14630,Home,Peru,Falabella Retail,Self sign-up,Micro,6.0,1,9.0,1,0,0.0614
S14782,Beauty,Colombia,Marketplace direct,Sales rep,Small,2.0,1,13.0,3,0,0.0614
S18101,Sports,Chile,Falabella Retail,Event,Micro,1.0,3,8.0,0,0,0.0613
S12801,Sports,Chile,Falabella Retail,Self sign-up,Micro,2.0,0,5.0,2,0,0.0613
S14986,Hardware,Peru,Tottus,Self sign-up,Micro,1.0,2,5.0,1,0,0.0613
S01717,Beauty,Chile,Falabella Retail,Self sign-up,Micro,4.0,2,10.0,1,0,0.0613
S00867,Hardware,Chile,Marketplace direct,Self sign-up,Micro,7.0,3,12.0,1,1,0.0613
S09303,Beauty,Chile,Marketplace direct,Self sign-up,Micro,2.0,2,7.0,0,0,0.0613
S00827,Home,Colombia,Marketplace direct,Self sign-up,Micro,1.0,0,3.0,2,0,0.0613
S01586,Fashion,Chile,Marketplace direct,Self sign-up,Micro,1.0,5,10.0,0,0,0.0612
S08516,Food,Colombia,Marketplace direct,Self sign-up,Small,8.0,2,10.0,2,0,0.0612
S09272,Food,Chile,Sodimac,Self sign-up,Micro,3.0,2,10.0,5,0,0.0612
S10592,Sports,Chile,Falabella Retail,Self sign-up,Small,0.0,1,3.0,0,0,0.0612
S17059,Fashion,Colombia,Falabella Retail,Self sign-up,Micro,10.0,4,13.0,1,1,0.0612
S03651,Home,Peru,Sodimac,Self sign-up,Micro,1.0,0,3.0,0,0,0.0611
S02040,Home,Chile,Sodimac,Self sign-up,Small,2.0,3,11.0,0,0,0.0611
S01519,Home,Colombia,Falabella Retail,Self sign-up,Small,0.0,2,5.0,1,0,0.0611
S04787,Toys,Chile,Falabella Retail,Self sign-up,Micro,3.0,1,9.0,5,0,0.0611
S11219,Toys,Colombia,Sodimac,Self sign-up,Small,2.0,3,9.0,0,1,0.0611
S17283,Electronics,Colombia,Marketplace direct,Sales rep,Medium,0.0,0,9.0,1,0,0.0611
S16116,Home,Peru,Falabella Retail,Self sign-up,Micro,1.0,1,4.0,0,0,0.061
S07889,Sports,Chile,Sodimac,Event,Small,0.0,0,4.0,0,0,0.061
S07877,Toys,Colombia,Falabella Retail,Sales rep,Micro,10.0,4,21.0,7,0,0.061
S16462,Electronics,Chile,Tottus,Self sign-up,Micro,0.0,2,4.0,0,0,0.061
S05094,Food,Peru,Marketplace direct,Self sign-up,Medium,3.0,2,9.0,1,0,0.061
S04458,Electronics,Colombia,Sodimac,Self sign-up,Micro,9.0,1,12.0,1,1,0.061
S11474,Electronics,Chile,Sodimac,Self sign-up,Micro,4.0,4,14.0,1,0,0.061
S15766,Electronics,Chile,Marketplace direct,Self sign-up,Micro,7.0,1,14.0,5,0,0.061
S08786,Sports,Chile,Falabella Retail,Event,Small,0.0,1,5.0,0,0,0.0609
S02813,Electronics,Peru,Marketplace direct,Sales rep,Micro,2.0,0,9.0,0,0,0.0609
S15089,Beauty,Colombia,Falabella Retail,Event,Micro,2.0,0,7.0,2,0,0.0609
S19588,Home,Peru,Tottus,Self sign-up,Small,5.0,4,13.0,0,0,0.0608
S17587,Electronics,Colombia,Marketplace direct,Self sign-up,Micro,20.0,4,15.0,1,1,0.0608
S10324,Home,Chile,Falabella Retail,Sales rep,Small,3.0,3,16.0,0,0,0.0608
S05009,Fashion,Peru,Falabella Retail,Event,Micro,5.0,1,11.0,1,0,0.0608
S03520,Beauty,Peru,Marketplace direct,Self sign-up,Small,0.0,1,5.0,2,0,0.0607
S17314,Fashion,Chile,Marketplace direct,Self sign-up,Small,2.0,2,11.0,2,0,0.0607
S00024,Toys,Colombia,Falabella Retail,Referral,Micro,6.0,2,14.0,5,0,0.0607
S18881,Sports,Colombia,Marketplace direct,Self sign-up,Micro,9.0,5,12.0,2,1,0.0607
S18372,Food,Peru,Falabella Retail,Self sign-up,Micro,1.0,3,4.0,0,0,0.0606
S15352,Hardware,Peru,Falabella Retail,Self sign-up,Micro,2.0,1,5.0,0,0,0.0606
S07626,Food,Chile,Falabella Retail,Self sign-up,Medium,5.0,0,8.0,0,0,0.0606
S07430,Hardware,Chile,Tottus,Event,Micro,1.0,4,12.0,3,0,0.0605
S07030,Electronics,Colombia,Falabella Retail,Self sign-up,Micro,1.0,4,10.0,2,0,0.0605
S07085,Toys,Peru,Falabella Retail,Event,Micro,2.0,0,4.0,0,0,0.0605
S15787,Home,Colombia,Marketplace direct,Self sign-up,Micro,2.0,4,9.0,1,0,0.0605
S01629,Fashion,Chile,Falabella Retail,Sales rep,Micro,14.0,2,20.0,4,1,0.0605
S03806,Sports,Colombia,Falabella Retail,Self sign-up,Small,3.0,3,9.0,0,0,0.0605
S15209,Toys,Chile,Falabella Retail,Event,Micro,11.0,1,7.0,0,1,0.0605
S03927,Hardware,Colombia,Sodimac,Self sign-up,Small,1.0,1,6.0,1,0,0.0605
S15729,Food,Peru,Marketplace direct,Self sign-up,Small,1.0,2,5.0,1,0,0.0605
S03341,Hardware,Chile,Falabella Retail,Self sign-up,Micro,4.0,1,9.0,2,0,0.0605
S06927,Food,Chile,Falabella Retail,Sales rep,Micro,1.0,3,9.0,0,0,0.0604
S12109,Electronics,Chile,Marketplace direct,Self sign-up,Micro,0.0,4,7.0,0,0,0.0604
S03285,Sports,Chile,Tottus,Referral,Small,5.0,1,14.0,3,0,0.0604
S11842,Sports,Peru,Sodimac,Event,Micro,4.0,3,15.0,5,0,0.0603
S14647,Hardware,Chile,Sodimac,Sales rep,Micro,1.0,1,9.0,0,0,0.0603
S15556,Hardware,Colombia,Marketplace direct,Self sign-up,Medium,13.0,1,12.0,2,1,0.0603
S12958,Food,Chile,Marketplace direct,Self sign-up,Small,6.0,4,15.0,4,0,0.0603
S00648,Sports,Peru,Sodimac,Referral,Small,1.0,3,11.0,0,0,0.0603
S08931,Home,Colombia,Marketplace direct,Self sign-up,Micro,1.0,5,9.0,1,0,0.0603
S03186,Toys,Chile,Falabella Retail,Self sign-up,Small,3.0,4,11.0,0,0,0.0603
S09051,Beauty,Chile,Falabella Retail,Self sign-up,Small,2.0,2,12.0,3,0,0.0603
S08731,Beauty,Chile,Sodimac,Self sign-up,Micro,11.0,3,12.0,0,1,0.0602
S16025,Food,Chile,Falabella Retail,Event,Micro,6.0,5,16.0,3,0,0.0602
S01048,Hardware,Chile,Sodimac,Self sign-up,Micro,3.0,1,7.0,0,0,0.0601
S19744,Home,Chile,Tottus,Self sign-up,Small,2.0,0,6.0,0,0,0.0601
S18940,Fashion,Colombia,Falabella Retail,Self sign-up,Micro,10.0,0,9.0,1,0,0.0601
S17821,Home,Peru,Marketplace direct,Self sign-up,Medium,0.0,1,5.0,0,0,0.06
S01350,Hardware,Chile,Falabella Retail,Self sign-up,Small,4.0,2,14.0,4,0,0.06
S01864,Sports,Peru,Falabella Retail,Event,Micro,12.0,1,10.0,1,1,0.06
S18946,Sports,Chile,Marketplace direct,Self sign-up,Micro,7.0,3,12.0,2,0,0.06
S05310,Fashion,Colombia,Falabella Retail,Self sign-up,Micro,5.0,3,11.0,1,0,0.06
S19142,Home,Colombia,Tottus,Event,Micro,3.0,0,8.0,3,0,0.0599
S17458,Sports,Chile,Sodimac,Self sign-up,Small,2.0,1,8.0,1,0,0.0599
S02153,Hardware,Colombia,Sodimac,Self sign-up,Micro,2.0,5,10.0,0,0,0.0599
S06446,Sports,Colombia,Marketplace direct,Self sign-up,Micro,5.0,4,5.0,0,1,0.0599
S19930,Food,Chile,Marketplace direct,Self sign-up,Small,1.0,0,3.0,1,0,0.0599
S09058,Electronics,Chile,Falabella Retail,Referral,Micro,0.0,2,8.0,0,0,0.0599
S03104,Sports,Chile,Marketplace direct,Self sign-up,Micro,3.0,3,1.0,0,1,0.0599
S17428,Beauty,Colombia,Marketplace direct,Self sign-up,Micro,0.0,3,5.0,2,0,0.0599
S14223,Food,Chile,Falabella Retail,Self sign-up,Small,1.0,1,4.0,0,0,0.0598
S17670,Beauty,Chile,Marketplace direct,Event,Micro,4.0,3,13.0,1,0,0.0598
S05055,Home,Colombia,Sodimac,Self sign-up,Small,1.0,2,7.0,0,0,0.0598
S04213,Electronics,Chile,Sodimac,Self sign-up,Micro,3.0,0,8.0,1,0,0.0598
S15594,Sports,Chile,Falabella Retail,Referral,Small,0.0,3,9.0,0,0,0.0597
S12934,Food,Peru,Sodimac,Referral,Medium,13.0,0,22.0,10,0,0.0597
S17114,Home,Colombia,Falabella Retail,Self sign-up,Small,1.0,3,8.0,0,0,0.0597
S09067,Beauty,Colombia,Falabella Retail,Self sign-up,Medium,16.0,0,15.0,1,1,0.0596
S07808,Food,Peru,Sodimac,Sales rep,Medium,3.0,4,17.0,1,0,0.0596
S06357,Food,Chile,Falabella Retail,Self sign-up,Small,3.0,5,15.0,4,0,0.0596
S03983,Home,Colombia,Falabella Retail,Self sign-up,Small,3.0,2,9.0,0,0,0.0596
S11079,Toys,Chile,Marketplace direct,Self sign-up,Medium,10.0,4,19.0,4,0,0.0596
S05700,Hardware,Peru,Tottus,Self sign-up,Micro,3.0,1,7.0,2,0,0.0594
S09227,Toys,Chile,Falabella Retail,Sales rep,Micro,10.0,2,15.0,1,0,0.0594
S00202,Fashion,Colombia,Falabella Retail,Self sign-up,Micro,0.0,0,1.0,1,0,0.0594
S07174,Fashion,Chile,Tottus,Event,Small,3.0,2,13.0,1,0,0.0594
S06329,Home,Chile,Sodimac,Referral,Small,2.0,2,13.0,0,0,0.0594
S14073,Beauty,Peru,Falabella Retail,Event,Micro,0.0,4,8.0,0,0,0.0593
S08822,Sports,Colombia,Marketplace direct,Self sign-up,Micro,5.0,5,14.0,4,0,0.0593
S10315,Hardware,Colombia,Sodimac,Self sign-up,Micro,0.0,1,1.0,0,0,0.0593
S01566,Electronics,Peru,Falabella Retail,Self sign-up,Small,9.0,2,14.0,0,0,0.0592
S10538,Beauty,Peru,Marketplace direct,Sales rep,Small,1.0,2,14.0,3,0,0.0592
S05362,Electronics,Chile,Tottus,Self sign-up,Medium,3.0,2,15.0,3,0,0.0592
S02045,Electronics,Chile,Sodimac,Sales rep,Micro,3.0,0,13.0,2,1,0.0591
S09008,Sports,Peru,Marketplace direct,Self sign-up,Micro,3.0,5,11.0,1,0,0.0591
S19968,Sports,Colombia,Marketplace direct,Sales rep,Micro,0.0,0,4.0,2,0,0.059
S19540,Electronics,Colombia,Falabella Retail,Referral,Micro,3.0,5,17.0,2,0,0.059
S16009,Toys,Peru,Falabella Retail,Self sign-up,Micro,0.0,2,2.0,1,0,0.059
S11439,Hardware,Colombia,Marketplace direct,Self sign-up,Small,1.0,0,4.0,1,0,0.0589
S09458,Beauty,Chile,Falabella Retail,Self sign-up,Small,0.0,2,6.0,0,0,0.0588
S09063,Toys,Chile,Sodimac,Self sign-up,Micro,0.0,2,3.0,1,0,0.0588
S07316,Hardware,Chile,Falabella Retail,Event,Small,12.0,4,22.0,4,0,0.0588
S15739,Fashion,Peru,Tottus,Self sign-up,Micro,1.0,1,4.0,0,0,0.0588
S04839,Electronics,Chile,Falabella Retail,Self sign-up,Micro,2.0,3,10.0,0,0,0.0587
S01581,Home,Colombia,Marketplace direct,Self sign-up,Small,2.0,3,9.0,0,0,0.0587
S14380,Beauty,Chile,Sodimac,Referral,Small,7.0,1,16.0,1,0,0.0587
S06442,Hardware,Colombia,Falabella Retail,Self sign-up,Micro,0.0,0,1.0,2,0,0.0587
S12255,Hardware,Chile,Sodimac,Event,Small,8.0,2,16.0,1,0,0.0586
S08504,Sports,Chile,Sodimac,Self sign-up,Micro,4.0,0,9.0,4,0,0.0585
S03979,Sports,Colombia,Tottus,Sales rep,Micro,3.0,5,16.0,3,0,0.0585
S12682,Electronics,Chile,Sodimac,Self sign-up,Micro,0.0,1,4.0,0,0,0.0584
S07610,Toys,Chile,Marketplace direct,Self sign-up,Micro,1.0,2,7.0,4,0,0.0584
S10481,Electronics,Chile,Sodimac,Self sign-up,Small,6.0,0,12.0,1,0,0.0584
S16401,Home,Colombia,Falabella Retail,Referral,Medium,0.0,1,8.0,0,0,0.0584
S04808,Fashion,Chile,Tottus,Event,Micro,2.0,1,8.0,0,0,0.0584
S02747,Home,Peru,Marketplace direct,Event,Small,4.0,2,13.0,1,0,0.0584
S16580,Toys,Chile,Sodimac,Self sign-up,Small,3.0,0,7.0,1,0,0.0583
S13456,Electronics,Chile,Marketplace direct,Self sign-up,Micro,2.0,0,8.0,3,0,0.0583
S19882,Electronics,Peru,Tottus,Referral,Micro,8.0,4,17.0,0,1,0.0583
S03258,Beauty,Colombia,Falabella Retail,Self sign-up,Micro,0.0,3,4.0,0,0,0.0583
S03764,Electronics,Chile,Marketplace direct,Self sign-up,Small,3.0,2,12.0,1,0,0.0582
S08651,Food,Peru,Tottus,Self sign-up,Micro,9.0,0,9.0,5,0,0.0582
S05261,Beauty,Chile,Tottus,Self sign-up,Small,0.0,1,4.0,0,0,0.0582
S00809,Food,Chile,Tottus,Referral,Micro,2.0,1,6.0,0,0,0.0582
S02432,Beauty,Colombia,Marketplace direct,Self sign-up,Small,2.0,0,6.0,1,0,0.0582
S15581,Home,Colombia,Tottus,Sales rep,Micro,2.0,3,12.0,1,0,0.0581
S13867,Hardware,Peru,Sodimac,Self sign-up,Small,4.0,3,12.0,0,0,0.0581
S10830,Toys,Chile,Sodimac,Self sign-up,Small,6.0,0,13.0,6,0,0.0581
S09035,Home,Chile,Sodimac,Sales rep,Micro,8.0,0,15.0,2,0,0.058
S16101,Fashion,Chile,Falabella Retail,Self sign-up,Micro,8.0,3,14.0,1,0,0.058
S12525,Electronics,Chile,Marketplace direct,Self sign-up,Micro,3.0,0,9.0,3,0,0.058
S02132,Food,Chile,Marketplace direct,Self sign-up,Micro,4.0,2,7.0,1,0,0.0579
S14779,Electronics,Chile,Marketplace direct,Self sign-up,Micro,8.0,5,16.0,0,0,0.0579
S07264,Beauty,Peru,Falabella Retail,Referral,Micro,6.0,3,17.0,3,0,0.0579
S08330,Home,Chile,Sodimac,Self sign-up,Micro,6.0,0,9.0,1,0,0.0579
S19634,Toys,Peru,Marketplace direct,Self sign-up,Micro,3.0,4,9.0,1,0,0.0578
S10329,Hardware,Colombia,Falabella Retail,Referral,Micro,2.0,2,9.0,0,0,0.0578
S17062,Hardware,Colombia,Sodimac,Self sign-up,Small,6.0,3,14.0,2,0,0.0578
S02148,Toys,Peru,Marketplace direct,Self sign-up,Micro,0.0,0,2.0,0,1,0.0578
S13128,Beauty,Chile,Sodimac,Self sign-up,Small,8.0,4,19.0,3,0,0.0578
S17294,Electronics,Colombia,Sodimac,Event,Micro,2.0,3,11.0,0,0,0.0577
S16456,Hardware,Peru,Marketplace direct,Self sign-up,Micro,2.0,2,7.0,1,0,0.0577
S01483,Home,Chile,Falabella Retail,Self sign-up,Medium,0.0,0,5.0,0,0,0.0577
S05544,Beauty,Chile,Marketplace direct,Self sign-up,Micro,5.0,1,10.0,2,0,0.0577
S05638,Electronics,Chile,Tottus,Self sign-up,Small,8.0,2,16.0,1,1,0.0577
S05247,Home,Colombia,Sodimac,Referral,Micro,4.0,4,15.0,1,0,0.0577
S14170,Hardware,Chile,Falabella Retail,Self sign-up,Small,7.0,1,15.0,2,1,0.0576
S11818,Electronics,Colombia,Tottus,Self sign-up,Micro,8.0,3,7.0,0,1,0.0576
S02987,Beauty,Chile,Marketplace direct,Self sign-up,Micro,0.0,0,1.0,0,0,0.0576
S09123,Fashion,Chile,Tottus,Self sign-up,Micro,6.0,4,13.0,0,0,0.0576
S04981,Home,Peru,Falabella Retail,Event,Micro,0.0,1,4.0,0,0,0.0576
S13072,Beauty,Peru,Sodimac,Self sign-up,Micro,0.0,1,5.0,3,0,0.0575
S06171,Fashion,Peru,Falabella Retail,Self sign-up,Micro,13.0,3,19.0,6,0,0.0575
S11734,Hardware,Chile,Marketplace direct,Self sign-up,Micro,7.0,5,11.0,1,1,0.0575
S05367,Toys,Colombia,Tottus,Self sign-up,Micro,9.0,3,13.0,5,0,0.0574
S06413,Food,Colombia,Falabella Retail,Referral,Small,0.0,2,5.0,0,0,0.0574
S13541,Food,Chile,Falabella Retail,Self sign-up,Medium,3.0,3,11.0,0,0,0.0574
S01209,Fashion,Chile,Falabella Retail,Self sign-up,Small,6.0,4,19.0,4,0,0.0573
S09347,Hardware,Chile,Sodimac,Self sign-up,Micro,1.0,4,9.0,0,0,0.0573
S07581,Hardware,Peru,Marketplace direct,Self sign-up,Small,1.0,3,9.0,1,0,0.0573
S10816,Toys,Colombia,Falabella Retail,Referral,Medium,6.0,5,18.0,0,0,0.0573
S10726,Toys,Chile,Falabella Retail,Self sign-up,Micro,3.0,3,8.0,0,0,0.0573
S16340,Beauty,Chile,Falabella Retail,Self sign-up,Micro,3.0,4,14.0,3,0,0.0572
S04556,Toys,Chile,Falabella Retail,Self sign-up,Small,5.0,2,10.0,0,0,0.0572
S00228,Sports,Chile,Sodimac,Event,Micro,4.0,1,10.0,1,0,0.0572
S17612,Home,Chile,Sodimac,Self sign-up,Micro,9.0,0,16.0,8,0,0.0572
S16518,Fashion,Chile,Falabella Retail,Self sign-up,Micro,1.0,0,5.0,1,0,0.0571
S04769,Sports,Chile,Tottus,Self sign-up,Small,0.0,0,3.0,2,0,0.0571
S18956,Fashion,Chile,Falabella Retail,Sales rep,Small,0.0,0,9.0,1,0,0.0571
S09621,Toys,Chile,Tottus,Self sign-up,Small,4.0,4,13.0,2,0,0.0571
S13591,Sports,Peru,Sodimac,Self sign-up,Small,1.0,3,9.0,1,0,0.057
S16381,Home,Chile,Tottus,Self sign-up,Micro,3.0,2,8.0,0,0,0.057
S00959,Beauty,Colombia,Sodimac,Sales rep,Micro,7.0,4,18.0,1,0,0.057
S19198,Toys,Colombia,Sodimac,Referral,Micro,10.0,2,13.0,1,0,0.0569
S08513,Food,Peru,Marketplace direct,Event,Small,1.0,1,6.0,1,0,0.0569
S04853,Electronics,Chile,Sodimac,Referral,Micro,6.0,0,15.0,3,0,0.0568
S17669,Sports,Peru,Falabella Retail,Event,Micro,0.0,2,5.0,1,0,0.0567
S09089,Fashion,Colombia,Falabella Retail,Sales rep,Micro,1.0,3,12.0,1,0,0.0567
S10730,Beauty,Chile,Sodimac,Self sign-up,Medium,2.0,2,12.0,0,0,0.0567
S07195,Food,Colombia,Tottus,Event,Small,1.0,4,9.0,1,0,0.0567
S18891,Beauty,Chile,Marketplace direct,Self sign-up,Micro,6.0,5,16.0,2,0,0.0567
S05120,Sports,Chile,Marketplace direct,Event,Micro,7.0,1,10.0,0,0,0.0567
S19163,Electronics,Colombia,Sodimac,Self sign-up,Micro,6.0,3,12.0,0,0,0.0567
S02396,Home,Peru,Sodimac,Self sign-up,Micro,3.0,4,12.0,1,0,0.0566
S07355,Fashion,Peru,Falabella Retail,Referral,Medium,3.0,4,19.0,1,0,0.0565
S02920,Food,Colombia,Sodimac,Self sign-up,Medium,2.0,1,8.0,2,0,0.0565
S05225,Fashion,Colombia,Marketplace direct,Self sign-up,Small,0.0,0,2.0,0,0,0.0565
S06049,Fashion,Chile,Falabella Retail,Sales rep,Micro,9.0,1,17.0,2,0,0.0565
S00339,Food,Chile,Falabella Retail,Event,Micro,0.0,2,5.0,2,0,0.0565
S04710,Hardware,Colombia,Marketplace direct,Self sign-up,Medium,3.0,2,11.0,1,0,0.0565
S09493,Beauty,Colombia,Tottus,Self sign-up,Micro,4.0,2,10.0,3,0,0.0564
S08003,Electronics,Chile,Tottus,Referral,Micro,3.0,4,15.0,0,0,0.0564
S08597,Sports,Chile,Tottus,Self sign-up,Micro,8.0,2,12.0,3,0,0.0564
S19881,Home,Chile,Falabella Retail,Self sign-up,Micro,9.0,5,20.0,5,0,0.0564
S16074,Sports,Chile,Falabella Retail,Event,Micro,1.0,2,8.0,1,0,0.0564
S19606,Food,Chile,Falabella Retail,Event,Small,1.0,0,5.0,0,0,0.0563
S14974,Electronics,Peru,Sodimac,Sales rep,Medium,2.0,0,14.0,0,0,0.0563
S05378,Home,Chile,Marketplace direct,Referral,Micro,3.0,4,15.0,1,0,0.0563
S06763,Sports,Peru,Marketplace direct,Event,Micro,6.0,4,13.0,0,0,0.0562
S07014,Home,Peru,Sodimac,Self sign-up,Micro,7.0,0,9.0,1,0,0.0562
S13891,Hardware,Chile,Marketplace direct,Self sign-up,Medium,8.0,2,16.0,2,0,0.0562
S15659,Toys,Peru,Marketplace direct,Referral,Micro,2.0,0,6.0,1,0,0.0562
S05183,Sports,Chile,Falabella Retail,Event,Micro,0.0,0,3.0,1,0,0.0562
S12504,Beauty,Peru,Marketplace direct,Event,Micro,0.0,2,6.0,1,0,0.0562
S03395,Food,Peru,Sodimac,Sales rep,Micro,1.0,3,10.0,1,0,0.0562
S10855,Home,Colombia,Sodimac,Self sign-up,Micro,1.0,0,6.0,4,0,0.0561
S11870,Electronics,Peru,Sodimac,Sales rep,Micro,2.0,3,16.0,2,0,0.0561
S18370,Sports,Chile,Tottus,Sales rep,Small,3.0,2,14.0,1,0,0.056
S16821,Food,Peru,Falabella Retail,Self sign-up,Micro,5.0,4,11.0,0,1,0.056
S06572,Sports,Chile,Tottus,Self sign-up,Small,3.0,3,11.0,1,0,0.056
S07049,Home,Chile,Falabella Retail,Self sign-up,Small,5.0,2,13.0,1,0,0.056
S08333,Beauty,Colombia,Tottus,Self sign-up,Micro,4.0,0,9.0,5,0,0.056
S02745,Toys,Peru,Falabella Retail,Self sign-up,Micro,1.0,3,6.0,1,0,0.0559
S11433,Hardware,Chile,Falabella Retail,Event,Small,1.0,0,9.0,2,0,0.0559
S03794,Beauty,Chile,Sodimac,Self sign-up,Small,1.0,2,9.0,0,0,0.0559
S17529,Fashion,Colombia,Tottus,Event,Micro,3.0,5,14.0,1,0,0.0559
S11686,Home,Colombia,Marketplace direct,Self sign-up,Medium,10.0,0,13.0,2,0,0.0559
S06196,Toys,Colombia,Sodimac,Referral,Micro,3.0,1,10.0,3,0,0.0559
S16315,Food,Colombia,Sodimac,Event,Micro,1.0,0,2.0,0,0,0.0559
S00473,Electronics,Colombia,Falabella Retail,Self sign-up,Micro,0.0,3,6.0,1,0,0.0559
S12912,Home,Colombia,Marketplace direct,Event,Micro,4.0,4,14.0,2,0,0.0559
S01800,Sports,Peru,Falabella Retail,Sales rep,Micro,8.0,0,13.0,2,0,0.0559
S00022,Food,Chile,Sodimac,Event,Small,7.0,2,16.0,3,1,0.0558
S06599,Fashion,Colombia,Falabella Retail,Referral,Micro,4.0,3,14.0,1,0,0.0558
S06677,Hardware,Peru,Marketplace direct,Self sign-up,Medium,8.0,0,14.0,3,1,0.0557
S09632,Home,Peru,Tottus,Self sign-up,Small,2.0,1,8.0,1,0,0.0557
S12443,Home,Chile,Falabella Retail,Self sign-up,Small,0.0,2,7.0,1,0,0.0557
S01010,Sports,Peru,Marketplace direct,Self sign-up,Medium,4.0,5,15.0,0,0,0.0557
S12894,Sports,Peru,Falabella Retail,Self sign-up,Small,3.0,5,13.0,0,0,0.0557
S18118,Fashion,Chile,Sodimac,Self sign-up,Micro,6.0,3,17.0,4,1,0.0557
S19394,Fashion,Chile,Falabella Retail,Self sign-up,Micro,3.0,2,11.0,2,0,0.0557
S01079,Home,Peru,Tottus,Event,Micro,3.0,4,13.0,1,0,0.0556
S16946,Food,Peru,Sodimac,Self sign-up,Micro,1.0,2,6.0,3,0,0.0556
S08273,Toys,Peru,Tottus,Referral,Micro,6.0,3,13.0,0,1,0.0556
S15274,Sports,Peru,Marketplace direct,Event,Micro,6.0,3,15.0,4,0,0.0556
S17725,Sports,Colombia,Sodimac,Self sign-up,Small,0.0,0,2.0,1,0,0.0556
S12161,Sports,Chile,Marketplace direct,Sales rep,Micro,1.0,2,10.0,1,0,0.0556
S06593,Hardware,Peru,Falabella Retail,Self sign-up,Small,1.0,4,11.0,1,0,0.0556
S19910,Electronics,Chile,Marketplace direct,Self sign-up,Micro,0.0,3,7.0,1,0,0.0555
S19121,Home,Colombia,Sodimac,Event,Medium,1.0,5,16.0,1,0,0.0555
S14764,Home,Chile,Falabella Retail,Event,Small,2.0,0,10.0,1,0,0.0555
S04284,Hardware,Chile,Sodimac,Sales rep,Micro,0.0,1,8.0,1,0,0.0555
S05023,Sports,Chile,Sodimac,Sales rep,Micro,8.0,1,17.0,4,0,0.0555
S05775,Electronics,Peru,Marketplace direct,Event,Micro,0.0,2,7.0,1,0,0.0555
S18277,Toys,Chile,Marketplace direct,Event,Micro,0.0,0,1.0,0,0,0.0555
S02659,Home,Colombia,Marketplace direct,Self sign-up,Micro,3.0,2,7.0,0,0,0.0555
S18432,Beauty,Chile,Sodimac,Self sign-up,Small,1.0,0,8.0,2,0,0.0555
S16041,Fashion,Chile,Falabella Retail,Self sign-up,Medium,7.0,0,16.0,4,0,0.0554
S04863,Toys,Peru,Tottus,Self sign-up,Small,4.0,0,8.0,3,0,0.0554
S09594,Fashion,Chile,Tottus,Self sign-up,Medium,4.0,3,13.0,1,1,0.0554
S12179,Fashion,Colombia,Falabella Retail,Event,Micro,2.0,5,13.0,0,0,0.0554
S08526,Hardware,Chile,Sodimac,Self sign-up,Small,16.0,5,23.0,4,0,0.0554
S18506,Toys,Colombia,Marketplace direct,Self sign-up,Micro,6.0,2,9.0,0,1,0.0554
S08146,Home,Peru,Tottus,Self sign-up,Small,0.0,0,3.0,1,0,0.0553
S04998,Fashion,Chile,Falabella Retail,Self sign-up,Micro,4.0,5,15.0,1,0,0.0553
S02865,Electronics,Chile,Marketplace direct,Self sign-up,Micro,3.0,1,9.0,1,0,0.0553
S10431,Sports,Peru,Falabella Retail,Sales rep,Micro,2.0,0,11.0,4,0,0.0553
S07284,Food,Chile,Sodimac,Sales rep,Micro,0.0,0,6.0,3,0,0.0553
S16960,Food,Chile,Marketplace direct,Self sign-up,Micro,6.0,5,8.0,0,1,0.0552
S16690,Electronics,Chile,Sodimac,Referral,Micro,2.0,4,18.0,2,1,0.0552
S04371,Electronics,Chile,Falabella Retail,Referral,Micro,1.0,3,13.0,1,0,0.0552
S09987,Hardware,Chile,Falabella Retail,Self sign-up,Small,0.0,3,8.0,1,0,0.0551
S05295,Beauty,Peru,Sodimac,Self sign-up,Micro,5.0,2,11.0,1,0,0.0551
S10621,Fashion,Chile,Tottus,Self sign-up,Micro,2.0,4,11.0,1,1,0.0551
S04785,Hardware,Colombia,Marketplace direct,Self sign-up,Micro,0.0,5,6.0,0,0,0.0551
S07848,Home,Colombia,Falabella Retail,Self sign-up,Small,2.0,1,8.0,1,0,0.055
S16918,Electronics,Peru,Falabella Retail,Event,Small,5.0,1,15.0,2,0,0.055
S06195,Fashion,Chile,Falabella Retail,Event,Micro,1.0,1,11.0,4,0,0.055
S00808,Fashion,Chile,Marketplace direct,Self sign-up,Micro,3.0,5,13.0,0,0,0.055
S00910,Toys,Chile,Falabella Retail,Self sign-up,Small,1.0,4,9.0,0,1,0.055
S18994,Fashion,Colombia,Sodimac,Event,Small,2.0,1,10.0,0,0,0.055
S18614,Beauty,Colombia,Marketplace direct,Self sign-up,Small,7.0,1,11.0,1,0,0.0549
S02931,Home,Colombia,Falabella Retail,Self sign-up,Micro,0.0,0,1.0,1,0,0.0549
S10236,Hardware,Colombia,Marketplace direct,Self sign-up,Small,0.0,5,8.0,0,0,0.0549
S16194,Fashion,Chile,Falabella Retail,Sales rep,Micro,6.0,0,13.0,0,0,0.0549
S17629,Hardware,Chile,Falabella Retail,Self sign-up,Small,0.0,0,4.0,1,0,0.0549
S06382,Sports,Chile,Falabella Retail,Sales rep,Small,2.0,1,15.0,4,0,0.0548
S16680,Home,Colombia,Marketplace direct,Referral,Micro,30.0,0,14.0,1,1,0.0548
S13701,Home,Colombia,Falabella Retail,Sales rep,Micro,4.0,0,7.0,0,1,0.0548
S08625,Electronics,Chile,Falabella Retail,Self sign-up,Small,0.0,2,9.0,2,0,0.0548
S17532,Home,Chile,Falabella Retail,Self sign-up,Micro,0.0,4,7.0,0,0,0.0548
S03930,Beauty,Colombia,Sodimac,Referral,Micro,15.0,3,17.0,0,1,0.0547
S14684,Fashion,Colombia,Falabella Retail,Self sign-up,Small,1.0,0,5.0,0,0,0.0547
S11312,Beauty,Chile,Falabella Retail,Self sign-up,Medium,2.0,0,10.0,1,0,0.0547
S17134,Home,Chile,Falabella Retail,Self sign-up,Micro,6.0,0,9.0,1,0,0.0547
S18790,Fashion,Peru,Falabella Retail,Referral,Micro,6.0,1,15.0,3,0,0.0547
S07864,Toys,Chile,Falabella Retail,Sales rep,Small,8.0,2,16.0,0,0,0.0547
S02993,Beauty,Chile,Marketplace direct,Self sign-up,Micro,3.0,4,13.0,2,0,0.0546
S11246,Home,Peru,Marketplace direct,Self sign-up,Micro,11.0,4,20.0,7,0,0.0546
S17836,Electronics,Chile,Tottus,Self sign-up,Micro,0.0,0,2.0,0,0,0.0546
S05152,Fashion,Chile,Falabella Retail,Referral,Small,2.0,3,15.0,0,0,0.0546
S03085,Home,Chile,Falabella Retail,Event,Micro,3.0,5,15.0,0,0,0.0546
S11550,Electronics,Colombia,Falabella Retail,Self sign-up,Micro,2.0,0,5.0,0,0,0.0545
S09853,Electronics,Colombia,Tottus,Self sign-up,Micro,2.0,5,11.0,0,0,0.0545
S10547,Fashion,Peru,Falabella Retail,Referral,Micro,7.0,2,16.0,2,0,0.0545
S04948,Sports,Colombia,Sodimac,Self sign-up,Micro,7.0,3,12.0,2,0,0.0544
S15282,Food,Peru,Sodimac,Self sign-up,Small,10.0,4,21.0,5,1,0.0544
S10668,Home,Chile,Sodimac,Self sign-up,Micro,16.0,0,15.0,7,1,0.0544
S05677,Beauty,Peru,Falabella Retail,Self sign-up,Small,3.0,5,15.0,0,1,0.0544
S14907,Electronics,Colombia,Tottus,Referral,Medium,5.0,2,17.0,1,0,0.0543
S14028,Toys,Colombia,Tottus,Self sign-up,Micro,2.0,0,2.0,1,0,0.0543
S04239,Sports,Chile,Marketplace direct,Sales rep,Micro,13.0,5,24.0,5,0,0.0542
S06645,Electronics,Peru,Tottus,Self sign-up,Micro,1.0,1,10.0,6,0,0.0542
S14734,Sports,Colombia,Sodimac,Self sign-up,Micro,0.0,0,1.0,2,0,0.0542
S00700,Home,Colombia,Sodimac,Sales rep,Micro,0.0,3,9.0,0,0,0.0542
S00273,Beauty,Chile,Marketplace direct,Referral,Small,3.0,0,12.0,1,0,0.0542
S13679,Electronics,Peru,Marketplace direct,Self sign-up,Micro,1.0,5,14.0,4,0,0.0541
S17359,Hardware,Peru,Falabella Retail,Self sign-up,Small,4.0,2,15.0,3,1,0.0541
S06821,Food,Peru,Falabella Retail,Referral,Micro,2.0,1,9.0,3,0,0.0541
S04442,Hardware,Chile,Sodimac,Sales rep,Micro,6.0,1,14.0,0,1,0.054
S10482,Hardware,Chile,Tottus,Self sign-up,Micro,15.0,4,16.0,2,1,0.054
S15553,Sports,Chile,Marketplace direct,Self sign-up,Micro,3.0,1,6.0,0,0,0.054
S19094,Home,Chile,Sodimac,Self sign-up,Small,7.0,2,17.0,4,0,0.054
S12144,Fashion,Colombia,Sodimac,Self sign-up,Micro,1.0,5,11.0,1,0,0.0539
S05302,Toys,Peru,Falabella Retail,Self sign-up,Small,0.0,1,4.0,2,0,0.0539
S12031,Sports,Peru,Falabella Retail,Self sign-up,Micro,0.0,1,2.0,1,0,0.0539
S05494,Hardware,Chile,Marketplace direct,Sales rep,Small,3.0,1,14.0,1,0,0.0539
S17909,Food,Chile,Tottus,Self sign-up,Micro,2.0,3,6.0,0,0,0.0539
S10651,Fashion,Peru,Falabella Retail,Self sign-up,Medium,0.0,5,12.0,0,0,0.0539
S11698,Hardware,Chile,Falabella Retail,Self sign-up,Micro,1.0,1,5.0,0,0,0.0538
S19041,Home,Chile,Marketplace direct,Self sign-up,Micro,4.0,2,11.0,2,0,0.0538
S09486,Sports,Chile,Tottus,Sales rep,Small,4.0,2,15.0,1,0,0.0538
S10727,Sports,Chile,Falabella Retail,Self sign-up,Micro,3.0,1,10.0,0,1,0.0538
S07168,Beauty,Peru,Tottus,Self sign-up,Small,3.0,0,8.0,1,0,0.0538
S19732,Home,Colombia,Falabella Retail,Referral,Micro,1.0,4,12.0,1,0,0.0537
S11465,Toys,Colombia,Sodimac,Self sign-up,Micro,5.0,1,6.0,0,0,0.0537
S14250,Toys,Chile,Falabella Retail,Referral,Small,0.0,1,7.0,1,0,0.0537
S10531,Electronics,Colombia,Marketplace direct,Self sign-up,Micro,14.0,4,16.0,1,1,0.0537
S18556,Sports,Colombia,Tottus,Referral,Small,2.0,0,8.0,1,0,0.0536
S10031,Toys,Peru,Sodimac,Referral,Micro,5.0,4,14.0,0,0,0.0536
S01814,Hardware,Peru,Falabella Retail,Self sign-up,Micro,3.0,1,10.0,4,0,0.0536
S14892,Home,Chile,Marketplace direct,Sales rep,Micro,3.0,2,13.0,0,0,0.0535
S04385,Food,Chile,Sodimac,Event,Micro,20.0,3,12.0,0,1,0.0535
S16469,Home,Colombia,Marketplace direct,Self sign-up,Small,1.0,0,5.0,1,0,0.0535
S15453,Electronics,Colombia,Marketplace direct,Sales rep,Medium,9.0,1,23.0,6,0,0.0535
S02867,Beauty,Peru,Marketplace direct,Sales rep,Micro,0.0,0,6.0,1,0,0.0535
S07310,Fashion,Peru,Marketplace direct,Self sign-up,Micro,1.0,2,7.0,1,0,0.0535
S11450,Hardware,Peru,Marketplace direct,Event,Micro,4.0,1,9.0,0,0,0.0534
S14882,Electronics,Peru,Sodimac,Self sign-up,Micro,4.0,0,8.0,0,0,0.0534
S07672,Food,Chile,Falabella Retail,Sales rep,Medium,7.0,0,14.0,1,1,0.0534
S19377,Food,Colombia,Falabella Retail,Event,Micro,5.0,4,11.0,0,0,0.0534
S00900,Fashion,Peru,Marketplace direct,Self sign-up,Micro,5.0,1,11.0,3,0,0.0534
S01505,Fashion,Chile,Sodimac,Self sign-up,Micro,0.0,4,8.0,0,0,0.0534
S06885,Food,Colombia,Falabella Retail,Self sign-up,Small,4.0,1,8.0,2,0,0.0534
S18539,Home,Colombia,Sodimac,Self sign-up,Small,2.0,1,11.0,4,0,0.0533
S08892,Toys,Chile,Marketplace direct,Sales rep,Micro,0.0,4,9.0,0,0,0.0533
S15169,Sports,Chile,Sodimac,Referral,Small,1.0,0,10.0,2,0,0.0533
S05783,Hardware,Colombia,Falabella Retail,Self sign-up,Micro,5.0,4,13.0,2,0,0.0533
S14174,Home,Colombia,Falabella Retail,Event,Micro,4.0,1,9.0,1,1,0.0532
S04480,Fashion,Colombia,Marketplace direct,Event,Micro,0.0,0,4.0,2,0,0.0532
S10537,Toys,Chile,Sodimac,Self sign-up,Medium,5.0,1,12.0,1,0,0.0532
S09390,Sports,Peru,Falabella Retail,Self sign-up,Small,4.0,2,10.0,0,0,0.0532
S10612,Hardware,Colombia,Tottus,Self sign-up,Micro,8.0,0,14.0,9,0,0.0532
S05036,Hardware,Chile,Tottus,Referral,Micro,10.0,2,13.0,0,1,0.0531
S14602,Beauty,Chile,Marketplace direct,Self sign-up,Micro,1.0,1,6.0,1,0,0.0531
S17686,Home,Chile,Falabella Retail,Referral,Micro,1.0,2,10.0,0,0,0.0531
S14121,Home,Chile,Tottus,Referral,Small,8.0,4,19.0,0,0,0.0531
S11918,Food,Chile,Marketplace direct,Referral,Medium,2.0,0,10.0,1,0,0.053
S11386,Electronics,Colombia,Falabella Retail,Referral,Medium,5.0,0,16.0,2,0,0.053
S06020,Food,Peru,Marketplace direct,Self sign-up,Micro,1.0,3,6.0,2,0,0.053
S01735,Toys,Peru,Falabella Retail,Self sign-up,Small,4.0,3,10.0,0,1,0.053
S06070,Food,Colombia,Falabella Retail,Referral,Micro,0.0,1,3.0,1,0,0.053
S04059,Hardware,Colombia,Falabella Retail,Referral,Small,10.0,1,17.0,3,0,0.053
S14405,Hardware,Peru,Marketplace direct,Referral,Micro,0.0,0,7.0,0,1,0.0529
S17654,Home,Chile,Sodimac,Self sign-up,Small,2.0,2,13.0,3,0,0.0529
S03810,Beauty,Chile,Falabella Retail,Event,Micro,3.0,4,14.0,0,0,0.0529
S15979,Food,Colombia,Falabella Retail,Self sign-up,Micro,11.0,2,12.0,4,0,0.0529
S13563,Fashion,Peru,Tottus,Self sign-up,Micro,5.0,0,7.0,0,0,0.0529
S01531,Electronics,Chile,Tottus,Event,Micro,1.0,2,10.0,1,0,0.0529
S15931,Fashion,Peru,Falabella Retail,Event,Micro,2.0,0,9.0,2,0,0.0529
S00661,Hardware,Chile,Falabella Retail,Self sign-up,Small,4.0,2,14.0,0,1,0.0529
S07622,Electronics,Peru,Sodimac,Self sign-up,Micro,5.0,2,13.0,2,0,0.0529
S04944,Beauty,Chile,Falabella Retail,Self sign-up,Micro,0.0,0,2.0,0,0,0.0529
S04830,Beauty,Chile,Sodimac,Event,Small,2.0,0,10.0,0,0,0.0528
S09145,Toys,Peru,Falabella Retail,Referral,Small,0.0,2,7.0,0,0,0.0528
S13396,Electronics,Colombia,Sodimac,Sales rep,Small,0.0,0,9.0,1,0,0.0528
S07805,Sports,Peru,Falabella Retail,Self sign-up,Micro,0.0,3,4.0,0,0,0.0528
S04716,Fashion,Colombia,Sodimac,Sales rep,Micro,3.0,5,17.0,0,0,0.0528
S06192,Home,Chile,Tottus,Self sign-up,Micro,6.0,2,12.0,2,0,0.0528
S12678,Home,Chile,Falabella Retail,Self sign-up,Small,3.0,2,12.0,1,0,0.0528
S03748,Home,Chile,Sodimac,Sales rep,Micro,3.0,2,18.0,5,0,0.0528
S02663,Home,Chile,Marketplace direct,Self sign-up,Micro,27.0,2,22.0,6,1,0.0527
S07250,Beauty,Peru,Marketplace direct,Sales rep,Micro,3.0,1,17.0,7,0,0.0527
S17773,Home,Chile,Marketplace direct,Self sign-up,Small,1.0,3,13.0,4,0,0.0527
S00868,Electronics,Chile,Sodimac,Self sign-up,Small,4.0,2,16.0,1,1,0.0527
S10960,Home,Chile,Marketplace direct,Self sign-up,Micro,1.0,0,7.0,4,0,0.0527
S06884,Food,Chile,Marketplace direct,Self sign-up,Small,0.0,1,2.0,0,0,0.0526
S01446,Food,Chile,Falabella Retail,Referral,Micro,0.0,2,5.0,0,0,0.0526
S09230,Electronics,Peru,Tottus,Sales rep,Micro,3.0,4,16.0,0,0,0.0525
S00600,Fashion,Peru,Tottus,Event,Micro,3.0,1,9.0,0,0,0.0525
S12043,Electronics,Colombia,Tottus,Self sign-up,Micro,1.0,3,8.0,1,0,0.0524
S06903,Home,Chile,Marketplace direct,Self sign-up,Micro,4.0,1,9.0,1,0,0.0524
S12217,Fashion,Chile,Marketplace direct,Sales rep,Small,4.0,1,15.0,0,0,0.0524
S02578,Electronics,Chile,Sodimac,Sales rep,Small,0.0,1,11.0,0,0,0.0524
S04625,Sports,Chile,Sodimac,Self sign-up,Micro,6.0,0,10.0,3,0,0.0524
S03372,Hardware,Chile,Falabella Retail,Self sign-up,Micro,1.0,2,9.0,0,1,0.0524
S16059,Fashion,Chile,Falabella Retail,Self sign-up,Small,10.0,1,13.0,1,1,0.0523
S09453,Sports,Chile,Tottus,Self sign-up,Medium,0.0,4,9.0,0,0,0.0523
S13012,Food,Chile,Sodimac,Event,Micro,3.0,4,14.0,3,0,0.0523
S04648,Home,Peru,Sodimac,Sales rep,Micro,5.0,1,15.0,2,0,0.0522
S08912,Sports,Chile,Sodimac,Self sign-up,Small,9.0,1,17.0,6,0,0.0521
S03384,Home,Colombia,Falabella Retail,Referral,Small,1.0,3,12.0,0,0,0.0521
S10440,Home,Peru,Falabella Retail,Event,Small,8.0,0,9.0,0,1,0.0521
S11388,Home,Chile,Tottus,Self sign-up,Small,0.0,0,4.0,1,0,0.0521
S12759,Fashion,Colombia,Sodimac,Self sign-up,Small,1.0,1,7.0,0,0,0.0521
S03723,Fashion,Peru,Falabella Retail,Event,Micro,6.0,2,13.0,0,0,0.0521
S08382,Electronics,Peru,Marketplace direct,Referral,Small,9.0,4,21.0,1,0,0.052
S02838,Fashion,Chile,Falabella Retail,Referral,Micro,6.0,3,17.0,1,0,0.0519
S19015,Fashion,Chile,Tottus,Self sign-up,Small,4.0,4,12.0,1,1,0.0519
S11017,Fashion,Chile,Falabella Retail,Sales rep,Micro,3.0,5,19.0,1,0,0.0519
S03257,Home,Colombia,Sodimac,Self sign-up,Micro,13.0,5,17.0,3,1,0.0519
S16274,Home,Peru,Sodimac,Event,Small,6.0,0,13.0,1,0,0.0518
S02178,Home,Chile,Marketplace direct,Self sign-up,Micro,0.0,2,5.0,1,0,0.0518
S10513,Fashion,Colombia,Falabella Retail,Referral,Small,3.0,1,13.0,1,0,0.0517
S13471,Toys,Peru,Tottus,Self sign-up,Micro,1.0,0,5.0,5,0,0.0517
S02007,Electronics,Colombia,Marketplace direct,Self sign-up,Micro,1.0,2,7.0,1,0,0.0517
S05278,Home,Colombia,Tottus,Self sign-up,Micro,3.0,2,8.0,1,0,0.0517
S05608,Fashion,Colombia,Tottus,Sales rep,Micro,3.0,3,15.0,2,0,0.0517
S09580,Toys,Chile,Falabella Retail,Self sign-up,Micro,5.0,3,10.0,0,0,0.0517
S04741,Home,Chile,Sodimac,Self sign-up,Small,1.0,5,15.0,2,0,0.0516
S11028,Fashion,Chile,Sodimac,Self sign-up,Micro,3.0,2,11.0,1,0,0.0516
S19523,Fashion,Peru,Falabella Retail,Self sign-up,Micro,1.0,0,5.0,1,0,0.0516
S14643,Toys,Peru,Falabella Retail,Self sign-up,Small,1.0,4,9.0,0,0,0.0516
S04870,Fashion,Chile,Marketplace direct,Event,Micro,1.0,2,9.0,0,0,0.0516
S01018,Electronics,Chile,Tottus,Event,Micro,1.0,1,8.0,0,0,0.0515
S15441,Food,Chile,Tottus,Self sign-up,Micro,0.0,0,1.0,3,0,0.0515
S11426,Hardware,Colombia,Falabella Retail,Self sign-up,Small,2.0,1,8.0,1,0,0.0515
S00849,Food,Chile,Tottus,Sales rep,Micro,10.0,3,15.0,0,0,0.0515
S11505,Home,Colombia,Tottus,Self sign-up,Micro,19.0,3,14.0,2,1,0.0515
S04302,Food,Chile,Marketplace direct,Self sign-up,Medium,7.0,2,22.0,12,0,0.0515
S00494,Toys,Chile,Falabella Retail,Self sign-up,Small,19.0,4,19.0,1,1,0.0514
S17308,Hardware,Peru,Sodimac,Self sign-up,Micro,6.0,3,16.0,5,0,0.0514
S18254,Hardware,Colombia,Falabella Retail,Self sign-up,Micro,0.0,0,1.0,1,0,0.0514
S04201,Hardware,Peru,Falabella Retail,Referral,Small,5.0,3,17.0,1,0,0.0514
S15345,Food,Peru,Falabella Retail,Self sign-up,Micro,2.0,0,4.0,2,0,0.0513
S09818,Fashion,Chile,Tottus,Event,Small,6.0,5,19.0,0,0,0.0513
S00610,Beauty,Peru,Marketplace direct,Referral,Micro,3.0,0,11.0,2,1,0.0512
S13946,Hardware,Peru,Falabella Retail,Self sign-up,Micro,0.0,0,1.0,0,0,0.0512
S14201,Food,Peru,Tottus,Self sign-up,Micro,2.0,1,3.0,0,0,0.0512
S18055,Home,Chile,Marketplace direct,Self sign-up,Small,7.0,4,15.0,0,1,0.0512
S03266,Home,Peru,Marketplace direct,Self sign-up,Small,4.0,3,14.0,2,0,0.0512
S08272,Food,Chile,Sodimac,Event,Micro,1.0,3,8.0,0,0,0.0512
S00255,Toys,Chile,Marketplace direct,Self sign-up,Micro,1.0,2,7.0,3,0,0.0512
S04243,Fashion,Chile,Sodimac,Sales rep,Micro,4.0,1,14.0,0,0,0.0511
S18679,Sports,Peru,Falabella Retail,Referral,Small,2.0,0,9.0,0,0,0.0511
S05813,Toys,Colombia,Marketplace direct,Self sign-up,Micro,2.0,4,8.0,1,0,0.0511
S04297,Beauty,Colombia,Sodimac,Self sign-up,Micro,2.0,1,7.0,1,0,0.051
S14947,Fashion,Chile,Falabella Retail,Self sign-up,Micro,14.0,0,7.0,0,1,0.051
S17878,Electronics,Peru,Falabella Retail,Event,Micro,6.0,2,17.0,4,0,0.0509
S16367,Fashion,Peru,Sodimac,Self sign-up,Small,4.0,2,14.0,2,0,0.0509
S13752,Hardware,Colombia,Falabella Retail,Self sign-up,Micro,4.0,1,7.0,0,0,0.0509
S12749,Home,Colombia,Falabella Retail,Self sign-up,Small,0.0,4,8.0,0,0,0.0509
S19545,Hardware,Chile,Tottus,Self sign-up,Micro,2.0,5,13.0,2,0,0.0508
S14038,Hardware,Chile,Sodimac,Self sign-up,Micro,1.0,0,6.0,2,0,0.0508
S06141,Electronics,Chile,Falabella Retail,Self sign-up,Micro,4.0,2,9.0,0,1,0.0507
S03206,Electronics,Chile,Tottus,Self sign-up,Micro,2.0,3,11.0,1,0,0.0507
S10336,Beauty,Colombia,Sodimac,Self sign-up,Micro,7.0,3,13.0,0,1,0.0507
S06260,Hardware,Chile,Sodimac,Self sign-up,Micro,2.0,1,12.0,6,0,0.0506
S16371,Sports,Colombia,Tottus,Self sign-up,Micro,1.0,2,7.0,4,0,0.0506
S17583,Home,Chile,Marketplace direct,Self sign-up,Micro,3.0,2,9.0,0,0,0.0506
S01790,Toys,Peru,Marketplace direct,Event,Small,2.0,4,12.0,0,0,0.0505
S09034,Fashion,Peru,Tottus,Self sign-up,Micro,4.0,2,11.0,2,0,0.0505
S16023,Sports,Chile,Falabella Retail,Self sign-up,Small,1.0,0,6.0,1,0,0.0505
S17177,Toys,Peru,Marketplace direct,Self sign-up,Small,8.0,4,17.0,4,0,0.0505
S11360,Hardware,Chile,Tottus,Self sign-up,Micro,0.0,0,1.0,0,0,0.0504
S19257,Beauty,Colombia,Falabella Retail,Self sign-up,Small,0.0,1,5.0,1,0,0.0504
S19042,Toys,Peru,Falabella Retail,Self sign-up,Micro,0.0,5,7.0,1,0,0.0504
S09533,Fashion,Chile,Falabella Retail,Self sign-up,Micro,4.0,2,14.0,4,0,0.0504
S18893,Electronics,Colombia,Falabella Retail,Self sign-up,Micro,28.0,0,15.0,3,1,0.0504
S15500,Beauty,Colombia,Tottus,Self sign-up,Small,5.0,3,13.0,1,0,0.0504
S16782,Electronics,Chile,Tottus,Self sign-up,Micro,8.0,1,11.0,0,1,0.0503
S08218,Fashion,Chile,Sodimac,Self sign-up,Small,3.0,4,15.0,0,0,0.0503
S16912,Fashion,Peru,Marketplace direct,Event,Micro,3.0,4,16.0,3,0,0.0503
S10146,Electronics,Colombia,Marketplace direct,Event,Medium,0.0,0,7.0,0,0,0.0503
S13594,Hardware,Peru,Marketplace direct,Sales rep,Micro,0.0,0,5.0,0,0,0.0503
S05211,Home,Colombia,Tottus,Referral,Micro,1.0,2,9.0,1,0,0.0503
S14258,Fashion,Colombia,Sodimac,Self sign-up,Micro,6.0,1,16.0,8,0,0.0503
S07913,Hardware,Peru,Marketplace direct,Self sign-up,Small,0.0,4,8.0,0,0,0.0503
S08176,Sports,Peru,Sodimac,Self sign-up,Micro,5.0,1,8.0,0,0,0.0503
S13092,Fashion,Chile,Marketplace direct,Self sign-up,Micro,5.0,1,12.0,3,0,0.0502
S15265,Electronics,Colombia,Sodimac,Self sign-up,Micro,1.0,2,8.0,1,0,0.0502
S01637,Food,Peru,Falabella Retail,Sales rep,Medium,2.0,0,13.0,3,0,0.0502
S19761,Beauty,Chile,Sodimac,Self sign-up,Micro,3.0,3,13.0,2,0,0.0502
S16135,Toys,Chile,Falabella Retail,Event,Small,9.0,4,18.0,1,0,0.0502
S10159,Toys,Colombia,Falabella Retail,Referral,Micro,1.0,0,5.0,1,0,0.0502
S19782,Home,Colombia,Tottus,Sales rep,Small,3.0,0,11.0,0,0,0.0502
S06571,Beauty,Chile,Falabella Retail,Self sign-up,Small,1.0,4,12.0,0,0,0.0502
S04744,Electronics,Chile,Tottus,Self sign-up,Micro,7.0,3,16.0,3,0,0.0502
S07171,Beauty,Chile,Falabella Retail,Self sign-up,Small,2.0,0,8.0,0,0,0.0501
S10984,Toys,Peru,Falabella Retail,Self sign-up,Small,13.0,4,19.0,4,0,0.0501
S16146,Electronics,Peru,Falabella Retail,Self sign-up,Micro,8.0,1,13.0,2,0,0.0501
S16104,Sports,Chile,Marketplace direct,Self sign-up,Micro,2.0,3,9.0,1,0,0.0501
S03163,Toys,Peru,Sodimac,Sales rep,Micro,6.0,1,15.0,3,1,0.0501
S18756,Fashion,Chile,Falabella Retail,Referral,Micro,3.0,2,14.0,1,0,0.05
S06098,Sports,Peru,Marketplace direct,Self sign-up,Medium,2.0,4,11.0,0,1,0.05
S14061,Home,Chile,Falabella Retail,Self sign-up,Micro,0.0,0,3.0,1,0,0.05
S02093,Home,Chile,Marketplace direct,Event,Micro,2.0,1,12.0,4,0,0.05
S13445,Home,Chile,Tottus,Referral,Micro,6.0,0,12.0,1,0,0.0499
S10439,Fashion,Colombia,Sodimac,Event,Medium,11.0,0,15.0,2,1,0.0499
S00429,Hardware,Chile,Marketplace direct,Sales rep,Micro,0.0,2,10.0,2,0,0.0499
S05625,Beauty,Chile,Falabella Retail,Event,Small,3.0,3,15.0,0,0,0.0499
S16530,Beauty,Peru,Sodimac,Self sign-up,Micro,16.0,0,9.0,0,1,0.0499
S11895,Home,Chile,Falabella Retail,Self sign-up,Micro,0.0,1,6.0,3,0,0.0499
S11813,Food,Colombia,Tottus,Sales rep,Micro,19.0,1,16.0,3,1,0.0498
S16019,Food,Chile,Falabella Retail,Self sign-up,Small,2.0,3,10.0,1,0,0.0498
S10995,Hardware,Chile,Marketplace direct,Sales rep,Micro,10.0,2,16.0,1,1,0.0498
S15474,Beauty,Chile,Marketplace direct,Sales rep,Micro,5.0,5,19.0,0,0,0.0498
S08092,Home,Chile,Sodimac,Event,Micro,3.0,1,13.0,3,0,0.0498
S11767,Toys,Chile,Marketplace direct,Referral,Micro,4.0,5,15.0,0,0,0.0497
S15167,Sports,Peru,Falabella Retail,Self sign-up,Micro,17.0,5,16.0,1,1,0.0497
S15258,Home,Chile,Falabella Retail,Sales rep,Micro,12.0,4,20.0,0,1,0.0497
S18393,Food,Chile,Sodimac,Self sign-up,Micro,1.0,0,3.0,1,0,0.0497
S07071,Home,Colombia,Sodimac,Self sign-up,Micro,4.0,1,12.0,5,0,0.0497
S13577,Food,Chile,Sodimac,Event,Small,2.0,2,11.0,1,0,0.0497
S12215,Electronics,Chile,Sodimac,Sales rep,Micro,3.0,2,17.0,2,0,0.0497
S17163,Electronics,Peru,Falabella Retail,Self sign-up,Small,0.0,1,6.0,0,0,0.0496
S03784,Beauty,Peru,Tottus,Event,Small,1.0,2,10.0,0,0,0.0496
S00840,Electronics,Chile,Sodimac,Self sign-up,Micro,3.0,3,14.0,2,0,0.0496
S14318,Sports,Chile,Sodimac,Self sign-up,Small,0.0,2,6.0,0,0,0.0496
S11155,Electronics,Chile,Sodimac,Event,Small,3.0,5,19.0,0,0,0.0496
S17816,Sports,Chile,Marketplace direct,Self sign-up,Micro,3.0,0,6.0,1,0,0.0496
S05863,Toys,Chile,Marketplace direct,Event,Micro,14.0,4,17.0,1,0,0.0496
S04950,Home,Chile,Falabella Retail,Self sign-up,Micro,4.0,1,9.0,0,0,0.0496
S03731,Hardware,Chile,Marketplace direct,Self sign-up,Small,5.0,2,14.0,1,1,0.0496
S09010,Fashion,Colombia,Falabella Retail,Self sign-up,Micro,3.0,3,10.0,0,0,0.0495
S12931,Beauty,Colombia,Falabella Retail,Referral,Micro,2.0,1,10.0,1,0,0.0495
S10384,Toys,Colombia,Marketplace direct,Self sign-up,Micro,15.0,1,8.0,2,1,0.0495
S01970,Home,Chile,Falabella Retail,Self sign-up,Medium,4.0,0,13.0,2,0,0.0495
S11322,Beauty,Chile,Sodimac,Event,Micro,6.0,5,18.0,0,0,0.0494
S14982,Food,Colombia,Falabella Retail,Self sign-up,Micro,4.0,3,10.0,3,0,0.0494
S10262,Electronics,Colombia,Falabella Retail,Self sign-up,Micro,5.0,0,6.0,0,1,0.0494
S11629,Sports,Colombia,Sodimac,Self sign-up,Micro,2.0,4,9.0,0,0,0.0494
S17657,Fashion,Chile,Marketplace direct,Self sign-up,Micro,17.0,1,11.0,2,1,0.0494
S18212,Home,Chile,Marketplace direct,Self sign-up,Medium,2.0,0,10.0,1,0,0.0494
S12556,Electronics,Chile,Falabella Retail,Self sign-up,Small,7.0,2,15.0,0,0,0.0494
S17018,Sports,Chile,Falabella Retail,Self sign-up,Micro,3.0,2,10.0,2,0,0.0493
S07488,Home,Chile,Marketplace direct,Self sign-up,Micro,2.0,2,9.0,1,0,0.0493
S14872,Hardware,Peru,Marketplace direct,Self sign-up,Micro,6.0,2,10.0,0,0,0.0493
S04533,Fashion,Colombia,Marketplace direct,Event,Micro,3.0,2,11.0,1,0,0.0493
S18268,Home,Chile,Sodimac,Event,Micro,7.0,2,20.0,7,0,0.0493
S02844,Home,Peru,Tottus,Self sign-up,Micro,10.0,1,15.0,6,1,0.0493
S07979,Fashion,Colombia,Sodimac,Event,Micro,0.0,1,5.0,0,0,0.0493
S17379,Fashion,Chile,Marketplace direct,Referral,Micro,2.0,3,14.0,1,0,0.0493
S12449,Fashion,Chile,Marketplace direct,Self sign-up,Micro,1.0,4,10.0,0,0,0.0493
S01364,Fashion,Peru,Sodimac,Self sign-up,Micro,5.0,4,17.0,2,1,0.0492
S06274,Electronics,Colombia,Marketplace direct,Self sign-up,Small,4.0,2,14.0,3,0,0.0492
S05554,Sports,Chile,Sodimac,Event,Micro,3.0,1,11.0,2,0,0.0492
S05159,Home,Colombia,Falabella Retail,Sales rep,Small,8.0,0,17.0,2,1,0.0492
S10520,Hardware,Chile,Marketplace direct,Referral,Micro,4.0,4,17.0,2,0,0.0492
S04904,Toys,Chile,Tottus,Self sign-up,Micro,12.0,3,13.0,1,0,0.0492
S13529,Beauty,Colombia,Falabella Retail,Self sign-up,Micro,0.0,1,4.0,2,0,0.0491
S03151,Beauty,Colombia,Falabella Retail,Self sign-up,Micro,0.0,1,4.0,2,0,0.0491
S08712,Toys,Peru,Falabella Retail,Referral,Medium,10.0,0,17.0,3,0,0.0491
S17250,Sports,Chile,Tottus,Self sign-up,Small,1.0,4,10.0,0,0,0.0491
S19228,Toys,Chile,Marketplace direct,Sales rep,Medium,11.0,5,27.0,5,0,0.0491
S08011,Toys,Peru,Falabella Retail,Self sign-up,Medium,1.0,1,7.0,0,0,0.0491
S14742,Toys,Peru,Falabella Retail,Self sign-up,Micro,3.0,5,15.0,1,1,0.049
S05413,Home,Colombia,Tottus,Self sign-up,Medium,1.0,0,7.0,1,0,0.049
S01752,Hardware,Colombia,Marketplace direct,Self sign-up,Small,2.0,2,10.0,2,0,0.049
S05262,Electronics,Peru,Falabella Retail,Self sign-up,Small,4.0,3,15.0,1,0,0.049
S11810,Food,Chile,Tottus,Self sign-up,Small,10.0,4,20.0,7,0,0.049
S17660,Fashion,Chile,Sodimac,Self sign-up,Micro,5.0,0,10.0,1,0,0.049
S10988,Home,Chile,Marketplace direct,Self sign-up,Micro,1.0,0,5.0,1,0,0.0489
S14304,Food,Peru,Marketplace direct,Self sign-up,Micro,0.0,2,2.0,1,0,0.0489
S10149,Sports,Peru,Tottus,Self sign-up,Micro,9.0,5,15.0,1,0,0.0489
S06074,Hardware,Colombia,Marketplace direct,Event,Small,0.0,3,8.0,0,0,0.0489
S06864,Beauty,Peru,Marketplace direct,Event,Small,3.0,0,10.0,0,0,0.0488
S18492,Electronics,Colombia,Sodimac,Sales rep,Micro,3.0,4,20.0,4,0,0.0488
S15891,Sports,Peru,Marketplace direct,Self sign-up,Medium,7.0,2,15.0,2,0,0.0488
S10853,Toys,Chile,Falabella Retail,Self sign-up,Micro,2.0,4,11.0,2,0,0.0488
S10032,Toys,Peru,Falabella Retail,Self sign-up,Micro,2.0,0,5.0,2,0,0.0488
S02784,Home,Chile,Marketplace direct,Self sign-up,Small,1.0,0,7.0,1,0,0.0487
S01271,Fashion,Colombia,Sodimac,Self sign-up,Micro,6.0,2,11.0,0,0,0.0487
S14716,Beauty,Colombia,Sodimac,Self sign-up,Micro,8.0,5,18.0,3,0,0.0487
S16496,Toys,Colombia,Sodimac,Referral,Micro,1.0,0,8.0,4,0,0.0487
S03169,Beauty,Peru,Sodimac,Sales rep,Micro,10.0,1,16.0,0,0,0.0486
S07637,Food,Chile,Sodimac,Sales rep,Micro,5.0,0,12.0,2,0,0.0486
S04147,Sports,Peru,Falabella Retail,Self sign-up,Micro,1.0,4,9.0,1,0,0.0486
S08876,Hardware,Peru,Sodimac,Self sign-up,Micro,7.0,2,13.0,2,0,0.0486
S00698,Sports,Colombia,Marketplace direct,Event,Micro,0.0,0,2.0,1,0,0.0486
S03454,Food,Chile,Falabella Retail,Self sign-up,Micro,1.0,3,6.0,0,0,0.0486
S01808,Fashion,Peru,Sodimac,Sales rep,Micro,2.0,4,16.0,0,0,0.0486
S11558,Toys,Peru,Tottus,Sales rep,Small,1.0,4,13.0,0,0,0.0486
S17202,Sports,Chile,Sodimac,Self sign-up,Micro,10.0,4,19.0,5,0,0.0485
S07243,Hardware,Chile,Falabella Retail,Referral,Small,4.0,3,19.0,3,0,0.0485
S14447,Sports,Chile,Marketplace direct,Referral,Small,4.0,1,15.0,3,0,0.0485
S13914,Food,Chile,Falabella Retail,Self sign-up,Micro,7.0,5,15.0,2,0,0.0485
S19951,Beauty,Colombia,Falabella Retail,Self sign-up,Micro,6.0,1,9.0,0,0,0.0485
S02488,Electronics,Peru,Sodimac,Event,Small,6.0,2,18.0,2,0,0.0485
S18663,Sports,Peru,Falabella Retail,Referral,Small,1.0,3,12.0,0,0,0.0484
S10880,Electronics,Chile,Sodimac,Self sign-up,Micro,5.0,2,14.0,0,1,0.0484
S06398,Beauty,Colombia,Tottus,Event,Small,5.0,0,12.0,2,0,0.0484
S01282,Fashion,Colombia,Falabella Retail,Referral,Small,4.0,0,12.0,0,0,0.0484
S05631,Home,Colombia,Marketplace direct,Self sign-up,Small,5.0,2,12.0,1,0,0.0484
S08078,Food,Colombia,Marketplace direct,Event,Micro,6.0,5,13.0,0,0,0.0484
S00604,Food,Chile,Tottus,Self sign-up,Small,12.0,4,14.0,0,1,0.0484
S13879,Home,Peru,Falabella Retail,Self sign-up,Small,4.0,3,14.0,1,0,0.0484
S12621,Toys,Chile,Falabella Retail,Self sign-up,Micro,1.0,2,7.0,2,0,0.0484
S10478,Home,Colombia,Marketplace direct,Self sign-up,Small,1.0,4,11.0,1,0,0.0483
S17439,Hardware,Chile,Falabella Retail,Self sign-up,Micro,5.0,1,11.0,2,0,0.0483
S00878,Beauty,Peru,Tottus,Sales rep,Micro,4.0,3,15.0,0,0,0.0483
S13526,Toys,Chile,Marketplace direct,Self sign-up,Small,10.0,1,9.0,0,1,0.0483
S09052,Food,Chile,Marketplace direct,Self sign-up,Small,7.0,0,9.0,1,0,0.0482
S13306,Food,Chile,Falabella Retail,Sales rep,Micro,3.0,3,16.0,4,0,0.0482
S17349,Electronics,Chile,Marketplace direct,Referral,Small,4.0,0,13.0,0,1,0.0482
S11648,Home,Peru,Sodimac,Referral,Micro,2.0,0,9.0,0,0,0.0482
S08462,Sports,Chile,Falabella Retail,Self sign-up,Micro,1.0,2,7.0,1,0,0.0482
S19439,Home,Chile,Sodimac,Sales rep,Micro,6.0,2,18.0,2,0,0.0481
S09945,Electronics,Colombia,Falabella Retail,Self sign-up,Micro,4.0,2,11.0,1,0,0.0481
S17710,Food,Colombia,Falabella Retail,Self sign-up,Micro,6.0,0,13.0,10,0,0.048
S16032,Electronics,Chile,Tottus,Self sign-up,Small,4.0,0,11.0,1,0,0.048
S19040,Beauty,Chile,Sodimac,Event,Micro,6.0,5,19.0,1,0,0.048
S07616,Home,Peru,Falabella Retail,Self sign-up,Medium,1.0,1,10.0,1,0,0.048
S11726,Fashion,Chile,Falabella Retail,Self sign-up,Micro,9.0,2,15.0,2,0,0.048
S09026,Toys,Colombia,Sodimac,Event,Micro,2.0,4,12.0,2,0,0.048
S00964,Food,Peru,Sodimac,Referral,Micro,12.0,0,11.0,0,1,0.0479
S05228,Home,Colombia,Falabella Retail,Event,Micro,3.0,1,9.0,0,0,0.0479
S17404,Home,Peru,Sodimac,Self sign-up,Small,5.0,0,11.0,1,0,0.0479
S19661,Hardware,Colombia,Sodimac,Self sign-up,Small,15.0,0,18.0,7,0,0.0479
S10299,Food,Chile,Falabella Retail,Self sign-up,Medium,15.0,2,15.0,1,1,0.0479
S00688,Toys,Peru,Sodimac,Self sign-up,Small,2.0,4,12.0,1,0,0.0479
S02612,Fashion,Chile,Falabella Retail,Self sign-up,Micro,10.0,5,21.0,4,0,0.0479
S14266,Hardware,Peru,Marketplace direct,Sales rep,Micro,2.0,0,9.0,0,0,0.0479
S17691,Electronics,Peru,Sodimac,Self sign-up,Micro,11.0,4,17.0,0,0,0.0478
S09299,Electronics,Colombia,Sodimac,Referral,Medium,1.0,1,13.0,0,0,0.0478
S04679,Hardware,Colombia,Falabella Retail,Self sign-up,Medium,2.0,1,11.0,2,0,0.0478
S02126,Home,Chile,Sodimac,Sales rep,Micro,1.0,4,16.0,0,1,0.0478
S15614,Sports,Colombia,Marketplace direct,Event,Small,6.0,4,16.0,1,0,0.0478
S02830,Home,Colombia,Falabella Retail,Self sign-up,Medium,4.0,3,15.0,1,0,0.0478
S15850,Fashion,Peru,Sodimac,Self sign-up,Micro,11.0,2,17.0,4,0,0.0478
S16180,Food,Peru,Sodimac,Self sign-up,Small,10.0,3,16.0,3,0,0.0477
S12964,Fashion,Chile,Falabella Retail,Referral,Medium,9.0,2,19.0,0,1,0.0477
S08734,Toys,Colombia,Marketplace direct,Event,Micro,2.0,1,8.0,3,0,0.0477
S14106,Toys,Chile,Marketplace direct,Self sign-up,Small,5.0,3,12.0,0,0,0.0477
S17276,Food,Colombia,Sodimac,Event,Small,15.0,1,10.0,0,1,0.0476
S02232,Electronics,Colombia,Sodimac,Self sign-up,Small,5.0,2,14.0,1,0,0.0476
S18120,Sports,Colombia,Sodimac,Self sign-up,Small,1.0,5,12.0,1,0,0.0476
S05771,Hardware,Colombia,Falabella Retail,Self sign-up,Micro,0.0,1,2.0,0,0,0.0476
S16226,Food,Chile,Marketplace direct,Self sign-up,Small,2.0,3,9.0,0,0,0.0476
S04194,Home,Chile,Marketplace direct,Self sign-up,Small,2.0,3,15.0,4,0,0.0475
S04232,Toys,Peru,Sodimac,Self sign-up,Small,5.0,4,14.0,0,1,0.0475
S19170,Toys,Colombia,Falabella Retail,Self sign-up,Small,0.0,0,1.0,0,0,0.0475
S01322,Electronics,Peru,Falabella Retail,Referral,Micro,2.0,4,16.0,1,0,0.0475
S10918,Hardware,Colombia,Marketplace direct,Self sign-up,Small,3.0,1,9.0,1,0,0.0475
S14167,Toys,Chile,Marketplace direct,Self sign-up,Micro,0.0,4,7.0,2,0,0.0475
S13818,Home,Chile,Falabella Retail,Event,Small,9.0,1,18.0,3,0,0.0474
S05855,Hardware,Chile,Sodimac,Sales rep,Micro,5.0,1,15.0,1,0,0.0474
S19727,Home,Peru,Tottus,Referral,Micro,13.0,1,17.0,3,0,0.0474
S07656,Hardware,Chile,Falabella Retail,Event,Micro,4.0,2,13.0,1,0,0.0474
S15438,Food,Colombia,Falabella Retail,Event,Micro,3.0,0,5.0,0,0,0.0474
S14179,Electronics,Colombia,Falabella Retail,Self sign-up,Micro,3.0,1,9.0,1,0,0.0473
S18706,Beauty,Chile,Sodimac,Self sign-up,Micro,1.0,0,7.0,2,0,0.0473
S01562,Hardware,Chile,Marketplace direct,Self sign-up,Medium,1.0,2,12.0,2,0,0.0473
S18601,Home,Chile,Falabella Retail,Event,Micro,0.0,2,8.0,1,0,0.0473
S17468,Toys,Chile,Marketplace direct,Self sign-up,Small,3.0,1,8.0,0,0,0.0473
S15597,Fashion,Colombia,Marketplace direct,Referral,Micro,5.0,2,13.0,0,0,0.0473
S19999,Electronics,Peru,Falabella Retail,Sales rep,Medium,1.0,0,15.0,2,0,0.0473
S19858,Hardware,Chile,Marketplace direct,Event,Micro,10.0,3,19.0,4,0,0.0472
S18315,Sports,Peru,Falabella Retail,Self sign-up,Micro,0.0,1,2.0,0,0,0.0472
S08914,Fashion,Chile,Tottus,Self sign-up,Micro,12.0,1,18.0,7,0,0.0472
S06429,Electronics,Peru,Falabella Retail,Event,Micro,3.0,4,15.0,0,0,0.0472
S10350,Home,Chile,Sodimac,Referral,Small,1.0,0,12.0,2,0,0.0472
S11690,Home,Chile,Sodimac,Self sign-up,Small,1.0,1,11.0,3,0,0.0472
S17894,Home,Peru,Sodimac,Sales rep,Micro,0.0,4,12.0,0,0,0.0471
S14999,Hardware,Chile,Tottus,Self sign-up,Small,17.0,0,12.0,1,1,0.0471
S11494,Sports,Peru,Falabella Retail,Self sign-up,Small,3.0,2,10.0,0,0,0.0471
S03101,Home,Peru,Falabella Retail,Self sign-up,Micro,2.0,4,11.0,0,0,0.0471
S08323,Food,Colombia,Sodimac,Sales rep,Micro,6.0,1,11.0,0,0,0.0471
S18820,Home,Peru,Sodimac,Self sign-up,Micro,11.0,5,19.0,2,0,0.047
S05573,Hardware,Colombia,Falabella Retail,Self sign-up,Micro,11.0,2,11.0,1,1,0.047
S02478,Fashion,Chile,Marketplace direct,Self sign-up,Micro,9.0,3,16.0,2,0,0.047
S04857,Sports,Chile,Falabella Retail,Self sign-up,Micro,1.0,5,12.0,2,0,0.047
S02858,Toys,Colombia,Falabella Retail,Sales rep,Micro,2.0,3,12.0,1,0,0.0469
S07222,Beauty,Peru,Falabella Retail,Event,Micro,1.0,2,14.0,6,0,0.0469
S03839,Home,Chile,Falabella Retail,Self sign-up,Micro,2.0,5,13.0,0,0,0.0468
S19597,Home,Colombia,Sodimac,Sales rep,Micro,4.0,5,18.0,0,0,0.0468
S04598,Home,Chile,Falabella Retail,Sales rep,Micro,7.0,0,12.0,0,1,0.0468
S11313,Home,Peru,Sodimac,Sales rep,Micro,1.0,0,9.0,0,0,0.0468
S14088,Fashion,Chile,Tottus,Event,Micro,1.0,1,8.0,0,0,0.0468
S13625,Sports,Chile,Falabella Retail,Self sign-up,Small,4.0,0,12.0,4,0,0.0468
S00934,Toys,Chile,Marketplace direct,Self sign-up,Micro,4.0,2,9.0,1,0,0.0468
S19029,Hardware,Colombia,Tottus,Event,Small,1.0,2,9.0,0,0,0.0468
S15403,Sports,Chile,Marketplace direct,Event,Micro,1.0,0,6.0,1,0,0.0467
S08237,Beauty,Colombia,Marketplace direct,Self sign-up,Small,0.0,1,5.0,1,0,0.0467
S05797,Hardware,Colombia,Tottus,Self sign-up,Small,0.0,1,5.0,2,0,0.0467
S08691,Home,Chile,Falabella Retail,Self sign-up,Micro,4.0,1,11.0,2,0,0.0467
S04388,Toys,Chile,Marketplace direct,Self sign-up,Small,8.0,5,17.0,1,0,0.0467
S13724,Hardware,Peru,Sodimac,Self sign-up,Micro,2.0,4,11.0,0,0,0.0467
S14451,Food,Peru,Marketplace direct,Self sign-up,Micro,4.0,1,8.0,3,0,0.0466
S09654,Hardware,Colombia,Sodimac,Referral,Medium,3.0,1,14.0,0,0,0.0466
S06842,Toys,Colombia,Falabella Retail,Referral,Small,5.0,2,13.0,0,0,0.0466
S10346,Beauty,Colombia,Falabella Retail,Self sign-up,Small,1.0,1,7.0,0,0,0.0466
S16244,Home,Chile,Falabella Retail,Self sign-up,Micro,0.0,4,8.0,0,0,0.0465
S08114,Electronics,Chile,Tottus,Self sign-up,Micro,8.0,0,13.0,1,1,0.0465
S08433,Sports,Colombia,Tottus,Self sign-up,Micro,9.0,4,7.0,0,1,0.0465
S18392,Home,Chile,Falabella Retail,Self sign-up,Small,8.0,0,12.0,0,0,0.0465
S16436,Fashion,Chile,Falabella Retail,Referral,Micro,8.0,2,18.0,2,0,0.0465
S17649,Hardware,Peru,Marketplace direct,Referral,Small,3.0,1,18.0,7,0,0.0465
S01812,Toys,Colombia,Sodimac,Self sign-up,Micro,7.0,3,13.0,3,0,0.0465
S14959,Home,Chile,Falabella Retail,Self sign-up,Micro,9.0,1,15.0,4,0,0.0465
S08829,Food,Chile,Marketplace direct,Sales rep,Medium,0.0,2,11.0,1,0,0.0464
S16494,Electronics,Chile,Falabella Retail,Event,Micro,5.0,0,15.0,4,0,0.0464
S17394,Beauty,Chile,Falabella Retail,Self sign-up,Micro,12.0,0,11.0,1,1,0.0463
S08989,Fashion,Colombia,Marketplace direct,Sales rep,Small,7.0,1,20.0,5,0,0.0463
S00647,Beauty,Colombia,Tottus,Self sign-up,Small,1.0,3,9.0,0,0,0.0463
S06468,Food,Chile,Tottus,Self sign-up,Small,0.0,0,2.0,1,0,0.0463
S14640,Sports,Chile,Tottus,Event,Small,0.0,4,10.0,0,0,0.0463
S13438,Home,Peru,Falabella Retail,Self sign-up,Medium,0.0,0,9.0,4,0,0.0463
S00298,Toys,Colombia,Falabella Retail,Sales rep,Small,3.0,0,11.0,1,0,0.0463
S11524,Hardware,Colombia,Falabella Retail,Referral,Micro,3.0,1,10.0,0,0,0.0463
S08721,Fashion,Chile,Sodimac,Self sign-up,Micro,1.0,1,8.0,1,0,0.0462
S01665,Hardware,Chile,Marketplace direct,Sales rep,Micro,3.0,4,17.0,1,0,0.0462
S12961,Sports,Chile,Sodimac,Self sign-up,Medium,0.0,5,13.0,1,0,0.0462
S11927,Toys,Peru,Tottus,Self sign-up,Small,3.0,0,10.0,5,0,0.0462
S01096,Home,Colombia,Tottus,Referral,Small,1.0,4,15.0,2,0,0.0462
S15035,Electronics,Chile,Sodimac,Self sign-up,Micro,2.0,4,14.0,1,0,0.0462
S15958,Home,Chile,Sodimac,Event,Small,1.0,2,12.0,0,0,0.0461
S04845,Home,Chile,Marketplace direct,Event,Small,1.0,2,12.0,1,0,0.0461
S11480,Sports,Peru,Sodimac,Event,Micro,6.0,2,14.0,2,0,0.0461
S10898,Electronics,Colombia,Falabella Retail,Event,Micro,4.0,0,13.0,4,0,0.046
S17262,Electronics,Chile,Tottus,Self sign-up,Micro,4.0,5,16.0,1,0,0.046
S19001,Food,Peru,Marketplace direct,Self sign-up,Micro,1.0,1,5.0,3,0,0.046
S18780,Beauty,Colombia,Falabella Retail,Referral,Micro,9.0,3,18.0,2,0,0.046
S19449,Food,Colombia,Sodimac,Sales rep,Small,9.0,3,17.0,0,0,0.046
S04238,Beauty,Peru,Falabella Retail,Sales rep,Micro,4.0,0,12.0,0,0,0.0459
S06145,Sports,Chile,Marketplace direct,Self sign-up,Small,2.0,1,8.0,0,0,0.0459
S02756,Hardware,Chile,Marketplace direct,Referral,Micro,0.0,0,5.0,0,0,0.0459
S15662,Hardware,Peru,Falabella Retail,Self sign-up,Small,0.0,1,5.0,0,0,0.0459
S07564,Home,Chile,Tottus,Self sign-up,Micro,5.0,1,11.0,2,0,0.0459
S06863,Home,Peru,Tottus,Event,Micro,0.0,0,8.0,1,1,0.0459
S17400,Hardware,Chile,Tottus,Self sign-up,Micro,2.0,5,12.0,0,0,0.0459
S04923,Hardware,Chile,Sodimac,Self sign-up,Micro,1.0,0,5.0,0,0,0.0458
S05885,Electronics,Chile,Tottus,Self sign-up,Small,1.0,1,12.0,4,0,0.0458
S04315,Sports,Colombia,Marketplace direct,Self sign-up,Micro,4.0,4,12.0,2,0,0.0458
S03234,Home,Colombia,Marketplace direct,Self sign-up,Micro,3.0,2,9.0,1,0,0.0458
S05041,Electronics,Chile,Falabella Retail,Self sign-up,Micro,7.0,4,17.0,1,0,0.0458
S13518,Fashion,Peru,Sodimac,Event,Small,8.0,5,21.0,0,0,0.0457
S01392,Electronics,Chile,Sodimac,Self sign-up,Small,2.0,1,12.0,1,0,0.0457
S07810,Electronics,Peru,Marketplace direct,Sales rep,Medium,6.0,2,20.0,0,0,0.0457
S19273,Home,Chile,Falabella Retail,Self sign-up,Micro,4.0,3,13.0,1,0,0.0457
S18117,Electronics,Colombia,Falabella Retail,Referral,Micro,4.0,3,15.0,0,0,0.0457
S11251,Toys,Chile,Tottus,Event,Micro,5.0,3,12.0,0,0,0.0457
S02485,Fashion,Chile,Falabella Retail,Self sign-up,Micro,5.0,0,8.0,0,1,0.0457
S13318,Toys,Peru,Sodimac,Event,Micro,4.0,4,14.0,1,0,0.0457
S00193,Hardware,Peru,Tottus,Self sign-up,Small,2.0,1,8.0,0,0,0.0457
S09867,Toys,Chile,Marketplace direct,Referral,Micro,10.0,1,14.0,3,1,0.0456
S18591,Home,Chile,Falabella Retail,Self sign-up,Micro,3.0,2,10.0,1,1,0.0456
S13185,Home,Chile,Marketplace direct,Self sign-up,Micro,6.0,5,18.0,3,0,0.0456
S11792,Sports,Chile,Marketplace direct,Event,Micro,0.0,0,3.0,0,0,0.0456
S10497,Sports,Colombia,Sodimac,Sales rep,Medium,6.0,1,18.0,2,0,0.0456
S10527,Sports,Colombia,Sodimac,Self sign-up,Micro,5.0,5,19.0,2,1,0.0456
S13346,Hardware,Chile,Marketplace direct,Self sign-up,Micro,7.0,3,17.0,5,0,0.0455
S19096,Fashion,Chile,Sodimac,Self sign-up,Micro,6.0,3,15.0,1,0,0.0455
S13405,Fashion,Peru,Falabella Retail,Sales rep,Micro,11.0,3,21.0,2,0,0.0455
S16760,Hardware,Chile,Sodimac,Referral,Micro,17.0,0,14.0,0,1,0.0455
S02345,Electronics,Colombia,Tottus,Referral,Small,3.0,2,15.0,1,0,0.0455
S10088,Home,Chile,Marketplace direct,Sales rep,Micro,3.0,2,14.0,0,0,0.0455
S14076,Home,Chile,Sodimac,Self sign-up,Micro,4.0,4,18.0,5,0,0.0455
S13828,Fashion,Peru,Tottus,Self sign-up,Micro,4.0,3,13.0,2,0,0.0454
S07779,Sports,Colombia,Tottus,Self sign-up,Small,3.0,1,9.0,2,0,0.0453
S15433,Hardware,Chile,Marketplace direct,Self sign-up,Small,9.0,5,20.0,2,0,0.0452
S09894,Beauty,Chile,Falabella Retail,Self sign-up,Micro,2.0,1,8.0,0,0,0.0452
S19123,Electronics,Chile,Tottus,Referral,Micro,2.0,1,13.0,2,0,0.0452
S17501,Food,Peru,Tottus,Sales rep,Micro,6.0,4,15.0,0,0,0.0452
S12884,Food,Peru,Falabella Retail,Event,Small,1.0,0,9.0,4,0,0.0452
S13338,Sports,Chile,Tottus,Self sign-up,Micro,5.0,2,12.0,3,0,0.0452
S04745,Electronics,Colombia,Marketplace direct,Self sign-up,Micro,11.0,4,19.0,4,0,0.0452
S06294,Electronics,Colombia,Tottus,Self sign-up,Micro,15.0,4,19.0,3,1,0.0452
S05892,Beauty,Colombia,Tottus,Self sign-up,Micro,1.0,3,8.0,1,0,0.0451
S00518,Electronics,Colombia,Marketplace direct,Self sign-up,Micro,0.0,0,2.0,0,0,0.0451
S18304,Toys,Colombia,Falabella Retail,Event,Medium,5.0,2,17.0,4,0,0.0451
S14357,Food,Colombia,Falabella Retail,Sales rep,Small,3.0,1,11.0,0,0,0.0451
S02808,Home,Chile,Sodimac,Event,Micro,3.0,4,16.0,1,0,0.0451
S04337,Electronics,Peru,Falabella Retail,Self sign-up,Small,5.0,5,18.0,0,0,0.045
S13892,Hardware,Colombia,Sodimac,Event,Small,2.0,4,16.0,2,0,0.045
S08426,Hardware,Peru,Falabella Retail,Self sign-up,Micro,10.0,3,14.0,0,1,0.045
S19868,Food,Chile,Falabella Retail,Sales rep,Micro,4.0,0,11.0,0,1,0.045
S12310,Food,Peru,Falabella Retail,Self sign-up,Medium,7.0,4,18.0,3,0,0.045
S16797,Fashion,Colombia,Sodimac,Event,Small,3.0,2,16.0,3,0,0.045
S09475,Food,Chile,Marketplace direct,Self sign-up,Small,3.0,5,13.0,0,0,0.045
S15667,Food,Peru,Tottus,Self sign-up,Small,4.0,3,11.0,1,0,0.0449
S01791,Home,Chile,Tottus,Sales rep,Medium,9.0,0,22.0,5,0,0.0449
S16890,Electronics,Colombia,Falabella Retail,Self sign-up,Micro,0.0,2,6.0,1,0,0.0449
S01536,Toys,Chile,Falabella Retail,Sales rep,Micro,5.0,0,12.0,1,0,0.0449
S17580,Home,Chile,Marketplace direct,Event,Small,6.0,2,19.0,2,1,0.0449
S01872,Food,Chile,Marketplace direct,Self sign-up,Micro,0.0,1,1.0,0,0,0.0449
S11453,Electronics,Colombia,Falabella Retail,Referral,Small,3.0,2,15.0,0,0,0.0448
S05260,Sports,Chile,Tottus,Self sign-up,Micro,3.0,0,8.0,3,0,0.0448
S14057,Fashion,Peru,Sodimac,Self sign-up,Small,4.0,5,18.0,1,0,0.0448
S05318,Fashion,Colombia,Sodimac,Self sign-up,Micro,5.0,2,11.0,0,0,0.0447
S07255,Electronics,Peru,Tottus,Self sign-up,Micro,5.0,4,14.0,0,0,0.0447
S05245,Sports,Colombia,Marketplace direct,Self sign-up,Micro,3.0,1,9.0,4,0,0.0447
S12648,Home,Chile,Marketplace direct,Referral,Medium,6.0,4,22.0,1,0,0.0447
S19711,Electronics,Peru,Tottus,Self sign-up,Micro,4.0,1,11.0,2,0,0.0447
S18833,Beauty,Chile,Marketplace direct,Referral,Small,8.0,1,19.0,3,1,0.0446
S03141,Home,Peru,Marketplace direct,Self sign-up,Micro,16.0,0,7.0,0,1,0.0446
S14322,Hardware,Chile,Marketplace direct,Self sign-up,Micro,3.0,2,11.0,2,0,0.0446
S16299,Fashion,Peru,Tottus,Self sign-up,Small,0.0,0,4.0,0,0,0.0446
S00158,Toys,Chile,Sodimac,Self sign-up,Micro,0.0,1,5.0,3,0,0.0445
S18522,Food,Peru,Falabella Retail,Sales rep,Medium,5.0,4,19.0,0,0,0.0445
S19745,Sports,Chile,Falabella Retail,Self sign-up,Small,4.0,2,15.0,4,0,0.0445
S05951,Fashion,Colombia,Falabella Retail,Self sign-up,Medium,1.0,0,8.0,0,0,0.0444
S06119,Electronics,Chile,Marketplace direct,Self sign-up,Micro,3.0,2,12.0,0,1,0.0444
S19298,Fashion,Colombia,Marketplace direct,Self sign-up,Micro,2.0,1,9.0,3,0,0.0444
S16388,Sports,Colombia,Falabella Retail,Event,Micro,4.0,4,13.0,0,0,0.0443
S01820,Food,Chile,Sodimac,Self sign-up,Medium,5.0,5,17.0,0,0,0.0443
S02302,Fashion,Chile,Marketplace direct,Self sign-up,Micro,9.0,3,18.0,4,0,0.0443
S11275,Fashion,Peru,Tottus,Self sign-up,Medium,4.0,0,12.0,1,0,0.0442
S19766,Fashion,Colombia,Sodimac,Self sign-up,Small,3.0,4,16.0,2,0,0.0442
S16001,Fashion,Chile,Marketplace direct,Self sign-up,Micro,3.0,4,13.0,0,0,0.0442
S02425,Toys,Colombia,Falabella Retail,Self sign-up,Micro,6.0,1,9.0,2,0,0.0442
S19602,Food,Colombia,Tottus,Sales rep,Micro,4.0,1,10.0,1,0,0.0441
S15381,Home,Chile,Sodimac,Event,Micro,6.0,5,21.0,3,0,0.0441
S03035,Sports,Chile,Tottus,Self sign-up,Medium,12.0,2,16.0,0,0,0.044
S12191,Electronics,Colombia,Tottus,Self sign-up,Micro,4.0,2,10.0,0,0,0.044
S17333,Hardware,Chile,Sodimac,Self sign-up,Medium,2.0,2,13.0,0,0,0.044
S03630,Electronics,Chile,Tottus,Self sign-up,Micro,0.0,3,9.0,2,0,0.0439
S18793,Food,Chile,Sodimac,Referral,Medium,0.0,5,15.0,1,0,0.0439
S05122,Fashion,Colombia,Marketplace direct,Event,Small,3.0,0,11.0,1,0,0.0439
S15269,Electronics,Chile,Tottus,Event,Small,6.0,5,23.0,3,0,0.0439
S10524,Hardware,Chile,Sodimac,Referral,Micro,9.0,1,16.0,1,0,0.0439
S12423,Electronics,Peru,Sodimac,Self sign-up,Micro,20.0,0,17.0,1,1,0.0439
S10025,Electronics,Colombia,Falabella Retail,Self sign-up,Micro,9.0,1,15.0,4,0,0.0439
S05836,Hardware,Peru,Sodimac,Self sign-up,Micro,5.0,3,14.0,2,0,0.0439
S17388,Beauty,Chile,Falabella Retail,Self sign-up,Micro,3.0,4,14.0,1,0,0.0439
S12926,Sports,Chile,Falabella Retail,Self sign-up,Small,11.0,2,18.0,3,1,0.0438
S09013,Home,Colombia,Sodimac,Self sign-up,Micro,4.0,3,13.0,2,0,0.0438
S01882,Fashion,Peru,Sodimac,Self sign-up,Medium,12.0,0,17.0,0,1,0.0438
S08858,Home,Peru,Sodimac,Referral,Micro,0.0,0,13.0,4,1,0.0438
S06618,Home,Peru,Sodimac,Event,Small,1.0,0,9.0,0,0,0.0438
S03229,Fashion,Chile,Falabella Retail,Self sign-up,Micro,2.0,0,8.0,1,0,0.0438
S03710,Hardware,Colombia,Sodimac,Referral,Micro,5.0,2,15.0,1,1,0.0438
S19234,Food,Chile,Sodimac,Self sign-up,Micro,6.0,0,8.0,1,0,0.0437
S15153,Home,Peru,Falabella Retail,Self sign-up,Micro,4.0,0,6.0,1,1,0.0437
S08467,Fashion,Colombia,Marketplace direct,Sales rep,Micro,2.0,1,11.0,0,0,0.0437
S02141,Fashion,Colombia,Marketplace direct,Self sign-up,Small,2.0,5,14.0,0,0,0.0436
S09079,Home,Colombia,Falabella Retail,Self sign-up,Medium,1.0,4,13.0,0,0,0.0436
S03145,Sports,Chile,Marketplace direct,Sales rep,Micro,0.0,1,7.0,0,0,0.0436
S08270,Fashion,Peru,Tottus,Self sign-up,Micro,1.0,2,8.0,1,0,0.0436
S15101,Fashion,Chile,Tottus,Referral,Micro,2.0,1,11.0,0,0,0.0435
S11666,Sports,Chile,Marketplace direct,Self sign-up,Micro,0.0,2,4.0,0,0,0.0435
S07132,Electronics,Peru,Marketplace direct,Event,Micro,3.0,1,11.0,0,0,0.0435
S18256,Fashion,Chile,Tottus,Sales rep,Small,9.0,3,25.0,5,0,0.0435
S04601,Food,Chile,Marketplace direct,Self sign-up,Micro,1.0,0,3.0,1,0,0.0435
S10934,Fashion,Colombia,Marketplace direct,Self sign-up,Micro,1.0,3,8.0,0,0,0.0435
S02230,Home,Colombia,Falabella Retail,Sales rep,Micro,6.0,3,19.0,3,0,0.0435
S03243,Home,Peru,Falabella Retail,Self sign-up,Small,4.0,4,16.0,1,0,0.0435
S02248,Fashion,Colombia,Tottus,Event,Micro,10.0,0,15.0,3,1,0.0434
S02610,Hardware,Peru,Falabella Retail,Self sign-up,Micro,3.0,2,11.0,2,0,0.0434
S14942,Sports,Peru,Sodimac,Self sign-up,Small,0.0,2,7.0,1,0,0.0434
S14874,Fashion,Peru,Falabella Retail,Self sign-up,Small,8.0,1,14.0,2,1,0.0434
S07939,Sports,Chile,Sodimac,Self sign-up,Medium,11.0,1,16.0,0,1,0.0434
S04766,Sports,Chile,Falabella Retail,Self sign-up,Micro,8.0,5,20.0,5,0,0.0434
S04865,Electronics,Peru,Sodimac,Sales rep,Micro,10.0,0,17.0,2,1,0.0434
S08787,Sports,Peru,Falabella Retail,Self sign-up,Micro,5.0,1,11.0,3,0,0.0434
S19710,Fashion,Chile,Sodimac,Self sign-up,Micro,7.0,0,11.0,0,1,0.0434
S14639,Hardware,Colombia,Tottus,Self sign-up,Micro,1.0,5,12.0,3,0,0.0434
S01927,Toys,Chile,Tottus,Referral,Micro,6.0,0,10.0,0,0,0.0434
S08215,Electronics,Chile,Falabella Retail,Self sign-up,Medium,6.0,1,19.0,4,0,0.0433
S09491,Food,Chile,Falabella Retail,Self sign-up,Micro,0.0,3,6.0,2,0,0.0433
S01204,Electronics,Colombia,Falabella Retail,Self sign-up,Micro,13.0,2,15.0,2,1,0.0433
S19343,Hardware,Chile,Falabella Retail,Sales rep,Micro,9.0,0,15.0,1,1,0.0433
S11085,Food,Chile,Tottus,Self sign-up,Micro,2.0,2,6.0,0,0,0.0433
S06147,Home,Chile,Marketplace direct,Sales rep,Micro,1.0,5,16.0,0,0,0.0433
S15934,Home,Colombia,Falabella Retail,Sales rep,Micro,5.0,1,15.0,2,0,0.0433
S02462,Electronics,Peru,Falabella Retail,Referral,Small,3.0,3,19.0,2,0,0.0432
S09556,Fashion,Colombia,Sodimac,Event,Micro,5.0,2,14.0,1,0,0.0432
S07007,Electronics,Chile,Tottus,Event,Micro,8.0,4,19.0,1,0,0.0431
S10256,Hardware,Colombia,Falabella Retail,Self sign-up,Micro,6.0,4,14.0,1,0,0.0431
S18587,Electronics,Colombia,Tottus,Self sign-up,Small,7.0,0,11.0,0,0,0.0431
S09032,Fashion,Colombia,Sodimac,Self sign-up,Small,11.0,2,20.0,2,1,0.0431
S16206,Food,Colombia,Sodimac,Self sign-up,Medium,0.0,0,3.0,0,0,0.043
S17102,Hardware,Peru,Falabella Retail,Self sign-up,Small,4.0,5,17.0,1,0,0.043
S03050,Hardware,Chile,Falabella Retail,Event,Small,5.0,2,17.0,2,0,0.043
S07253,Sports,Colombia,Marketplace direct,Self sign-up,Micro,3.0,4,10.0,0,0,0.043
S03436,Home,Chile,Falabella Retail,Self sign-up,Medium,5.0,1,15.0,1,0,0.043
S16623,Sports,Colombia,Tottus,Self sign-up,Micro,1.0,2,8.0,4,0,0.043
S05199,Beauty,Chile,Sodimac,Sales rep,Micro,2.0,2,16.0,2,0,0.0429
S18902,Home,Chile,Falabella Retail,Self sign-up,Medium,6.0,0,15.0,2,0,0.0429
S07741,Fashion,Chile,Falabella Retail,Sales rep,Micro,2.0,1,13.0,0,0,0.0429
S01537,Toys,Chile,Sodimac,Self sign-up,Micro,5.0,5,15.0,1,0,0.0429
S18770,Fashion,Chile,Sodimac,Sales rep,Small,10.0,0,20.0,2,0,0.0429
S01386,Sports,Colombia,Marketplace direct,Self sign-up,Micro,2.0,2,8.0,2,0,0.0429
S13952,Hardware,Colombia,Sodimac,Self sign-up,Micro,0.0,1,3.0,0,0,0.0428
S14845,Home,Colombia,Falabella Retail,Self sign-up,Micro,9.0,4,18.0,0,1,0.0428
S03208,Electronics,Colombia,Falabella Retail,Self sign-up,Micro,10.0,2,16.0,3,0,0.0428
S03840,Sports,Colombia,Marketplace direct,Self sign-up,Small,8.0,0,11.0,2,0,0.0428
S14884,Toys,Peru,Falabella Retail,Referral,Micro,1.0,3,10.0,0,0,0.0427
S06444,Home,Chile,Sodimac,Self sign-up,Micro,9.0,2,12.0,0,1,0.0427
S02439,Toys,Chile,Marketplace direct,Referral,Micro,2.0,2,11.0,1,0,0.0427
S05552,Fashion,Peru,Sodimac,Event,Micro,0.0,3,11.0,2,0,0.0427
S16004,Electronics,Chile,Falabella Retail,Event,Micro,8.0,0,15.0,2,1,0.0427
S02394,Beauty,Peru,Marketplace direct,Event,Micro,7.0,4,20.0,2,1,0.0427
S07591,Hardware,Peru,Marketplace direct,Self sign-up,Micro,0.0,1,3.0,0,0,0.0426
S06697,Electronics,Peru,Marketplace direct,Self sign-up,Micro,5.0,4,17.0,3,0,0.0426
S08795,Beauty,Chile,Marketplace direct,Self sign-up,Micro,1.0,0,6.0,1,0,0.0426
S01470,Food,Chile,Falabella Retail,Self sign-up,Medium,4.0,0,12.0,3,0,0.0426
S17180,Toys,Chile,Marketplace direct,Referral,Micro,7.0,4,17.0,1,0,0.0426
S05252,Home,Colombia,Sodimac,Self sign-up,Micro,5.0,0,7.0,1,1,0.0426
S16416,Fashion,Peru,Sodimac,Event,Small,1.0,1,11.0,0,0,0.0426
S19695,Home,Chile,Falabella Retail,Self sign-up,Small,2.0,1,11.0,1,0,0.0426
S10916,Fashion,Chile,Falabella Retail,Referral,Micro,6.0,0,15.0,2,0,0.0426
S14386,Beauty,Chile,Sodimac,Event,Micro,3.0,2,13.0,0,0,0.0426
S00399,Fashion,Peru,Tottus,Self sign-up,Micro,4.0,0,11.0,4,0,0.0425
S13265,Beauty,Peru,Sodimac,Self sign-up,Micro,8.0,1,10.0,1,1,0.0425
S12845,Beauty,Colombia,Falabella Retail,Event,Micro,3.0,0,11.0,3,0,0.0425
S00598,Food,Colombia,Falabella Retail,Self sign-up,Micro,3.0,3,11.0,4,0,0.0424
S00695,Beauty,Peru,Tottus,Self sign-up,Micro,0.0,0,2.0,0,0,0.0424
S06875,Fashion,Colombia,Marketplace direct,Referral,Micro,2.0,5,17.0,2,0,0.0424
S16510,Home,Chile,Falabella Retail,Sales rep,Micro,7.0,0,17.0,3,0,0.0424
S12593,Fashion,Colombia,Falabella Retail,Event,Micro,15.0,5,26.0,7,0,0.0424
S03344,Fashion,Chile,Marketplace direct,Sales rep,Micro,8.0,3,19.0,0,0,0.0423
S14636,Toys,Chile,Sodimac,Self sign-up,Micro,3.0,0,7.0,1,0,0.0423
S05387,Home,Colombia,Falabella Retail,Self sign-up,Micro,6.0,3,14.0,2,0,0.0423
S03889,Home,Chile,Sodimac,Sales rep,Micro,10.0,4,23.0,2,0,0.0422
S15322,Home,Colombia,Sodimac,Self sign-up,Micro,3.0,4,13.0,1,0,0.0422
S00721,Fashion,Chile,Sodimac,Self sign-up,Micro,3.0,0,12.0,4,0,0.0422
S04221,Electronics,Peru,Marketplace direct,Self sign-up,Small,0.0,0,6.0,1,0,0.0422
S00111,Home,Chile,Tottus,Sales rep,Micro,3.0,3,18.0,3,0,0.0422
S13414,Home,Colombia,Marketplace direct,Self sign-up,Small,0.0,2,6.0,0,0,0.0421
S18112,Sports,Chile,Falabella Retail,Self sign-up,Micro,1.0,2,7.0,0,0,0.0421
S14731,Home,Peru,Sodimac,Event,Micro,2.0,4,14.0,0,0,0.0421
S02592,Sports,Chile,Sodimac,Self sign-up,Micro,3.0,0,7.0,0,0,0.0421
S14115,Electronics,Chile,Falabella Retail,Self sign-up,Micro,14.0,3,24.0,8,0,0.0421
S09978,Electronics,Chile,Falabella Retail,Self sign-up,Micro,1.0,1,8.0,0,0,0.0421
S18686,Electronics,Chile,Tottus,Self sign-up,Micro,4.0,1,12.0,2,0,0.042
S08601,Electronics,Peru,Falabella Retail,Referral,Micro,10.0,1,22.0,7,0,0.042
S03573,Fashion,Peru,Falabella Retail,Self sign-up,Micro,2.0,4,13.0,1,0,0.042
S07220,Home,Chile,Sodimac,Sales rep,Micro,6.0,0,14.0,3,1,0.042
S06259,Home,Peru,Sodimac,Self sign-up,Micro,1.0,2,8.0,0,0,0.042
S02806,Home,Colombia,Falabella Retail,Referral,Micro,5.0,1,14.0,2,0,0.042
S01964,Toys,Peru,Tottus,Event,Micro,19.0,2,13.0,0,1,0.042
S11746,Home,Chile,Marketplace direct,Sales rep,Micro,2.0,1,13.0,1,0,0.042
S07708,Fashion,Chile,Falabella Retail,Self sign-up,Small,14.0,1,17.0,1,0,0.0419
S00438,Toys,Chile,Falabella Retail,Sales rep,Micro,10.0,5,22.0,2,0,0.0419
S04570,Home,Peru,Tottus,Sales rep,Small,9.0,0,16.0,0,0,0.0418
S09817,Electronics,Peru,Tottus,Referral,Micro,14.0,0,16.0,2,1,0.0418
S19315,Electronics,Peru,Marketplace direct,Event,Small,4.0,4,18.0,0,0,0.0418
S03018,Home,Peru,Marketplace direct,Referral,Small,1.0,1,11.0,0,0,0.0418
S19218,Food,Chile,Tottus,Event,Small,5.0,4,16.0,1,0,0.0418
S08808,Hardware,Chile,Marketplace direct,Self sign-up,Medium,6.0,1,14.0,0,0,0.0418
S11012,Sports,Chile,Falabella Retail,Event,Small,1.0,2,11.0,0,0,0.0418
S15082,Home,Peru,Falabella Retail,Event,Small,8.0,0,14.0,0,0,0.0418
S13901,Sports,Chile,Marketplace direct,Self sign-up,Medium,9.0,5,23.0,4,0,0.0417
S19562,Electronics,Chile,Tottus,Referral,Micro,7.0,4,20.0,1,0,0.0417
S15538,Beauty,Peru,Marketplace direct,Self sign-up,Micro,3.0,1,10.0,2,0,0.0417
S02008,Electronics,Chile,Falabella Retail,Event,Small,1.0,1,12.0,0,0,0.0417
S18357,Home,Colombia,Falabella Retail,Self sign-up,Small,1.0,0,7.0,1,0,0.0417
S09983,Beauty,Peru,Marketplace direct,Self sign-up,Micro,1.0,0,8.0,1,1,0.0417
S16653,Fashion,Chile,Falabella Retail,Self sign-up,Small,4.0,0,12.0,1,0,0.0417
S19799,Home,Chile,Sodimac,Self sign-up,Medium,3.0,1,15.0,2,0,0.0416
S18569,Fashion,Peru,Falabella Retail,Sales rep,Micro,3.0,0,13.0,1,0,0.0416
S00006,Toys,Peru,Falabella Retail,Self sign-up,Micro,5.0,2,11.0,2,0,0.0415
S15242,Electronics,Chile,Falabella Retail,Self sign-up,Medium,12.0,0,20.0,4,0,0.0415
S00350,Sports,Colombia,Tottus,Referral,Micro,6.0,4,15.0,0,0,0.0415
S03016,Food,Chile,Falabella Retail,Self sign-up,Medium,2.0,4,15.0,2,0,0.0415
S09483,Sports,Colombia,Sodimac,Self sign-up,Micro,0.0,0,1.0,0,0,0.0415
S08763,Sports,Colombia,Falabella Retail,Self sign-up,Micro,3.0,2,8.0,0,0,0.0415
S16718,Sports,Chile,Falabella Retail,Self sign-up,Micro,2.0,4,15.0,0,1,0.0415
S12381,Fashion,Chile,Marketplace direct,Self sign-up,Micro,8.0,1,17.0,6,0,0.0414
S06696,Fashion,Chile,Sodimac,Self sign-up,Micro,0.0,0,5.0,1,0,0.0414
S17196,Beauty,Chile,Marketplace direct,Referral,Micro,11.0,1,16.0,0,1,0.0414
S09686,Hardware,Chile,Sodimac,Referral,Micro,6.0,0,13.0,0,0,0.0414
S19409,Hardware,Peru,Marketplace direct,Self sign-up,Micro,1.0,0,5.0,1,0,0.0413
S06480,Toys,Chile,Marketplace direct,Self sign-up,Micro,9.0,2,17.0,7,0,0.0413
S13602,Fashion,Peru,Tottus,Referral,Micro,0.0,1,7.0,0,0,0.0413
S07687,Sports,Chile,Falabella Retail,Sales rep,Small,9.0,0,17.0,1,0,0.0413
S07359,Sports,Chile,Marketplace direct,Self sign-up,Small,2.0,2,10.0,0,0,0.0413
S17586,Hardware,Chile,Falabella Retail,Self sign-up,Medium,0.0,1,8.0,0,0,0.0412
S13270,Home,Colombia,Falabella Retail,Event,Medium,4.0,1,16.0,2,0,0.0412
S17768,Home,Chile,Falabella Retail,Event,Micro,12.0,3,18.0,0,0,0.0412
S10989,Hardware,Peru,Falabella Retail,Self sign-up,Micro,3.0,0,7.0,0,0,0.0412
S00129,Beauty,Chile,Falabella Retail,Referral,Micro,1.0,1,12.0,2,0,0.0412
S15496,Toys,Chile,Falabella Retail,Self sign-up,Small,5.0,3,15.0,2,0,0.0412
S04673,Home,Colombia,Falabella Retail,Self sign-up,Micro,4.0,0,9.0,2,0,0.0412
S03540,Hardware,Colombia,Tottus,Self sign-up,Micro,1.0,3,8.0,1,0,0.0411
S10957,Beauty,Peru,Marketplace direct,Referral,Small,4.0,4,20.0,2,0,0.0411
S10927,Food,Peru,Falabella Retail,Event,Micro,0.0,0,2.0,0,0,0.0411
S16444,Home,Chile,Tottus,Self sign-up,Small,1.0,3,11.0,0,0,0.0411
S15786,Food,Peru,Tottus,Self sign-up,Small,0.0,5,8.0,0,0,0.0411
S05736,Sports,Peru,Falabella Retail,Self sign-up,Micro,2.0,1,9.0,3,0,0.0411
S06172,Fashion,Colombia,Falabella Retail,Self sign-up,Micro,2.0,3,11.0,1,0,0.041
S10155,Fashion,Peru,Tottus,Referral,Small,2.0,0,13.0,2,0,0.041
S17740,Home,Colombia,Falabella Retail,Self sign-up,Micro,5.0,0,8.0,0,0,0.041
S09565,Beauty,Colombia,Marketplace direct,Self sign-up,Micro,1.0,4,11.0,2,0,0.041
S08232,Food,Chile,Marketplace direct,Referral,Micro,7.0,0,12.0,2,0,0.041
S16263,Electronics,Chile,Sodimac,Event,Micro,7.0,4,20.0,1,0,0.041
S18821,Sports,Chile,Marketplace direct,Self sign-up,Small,1.0,0,6.0,0,0,0.0409
S00908,Home,Chile,Sodimac,Self sign-up,Micro,2.0,5,15.0,1,0,0.0409
S14227,Home,Chile,Tottus,Self sign-up,Small,1.0,0,7.0,0,0,0.0409
S14340,Beauty,Chile,Marketplace direct,Self sign-up,Micro,15.0,1,16.0,3,1,0.0409
S13308,Electronics,Colombia,Marketplace direct,Sales rep,Micro,2.0,1,12.0,0,0,0.0408
S18855,Fashion,Colombia,Sodimac,Self sign-up,Micro,0.0,1,5.0,1,0,0.0408
S01159,Toys,Chile,Falabella Retail,Referral,Small,3.0,0,12.0,1,0,0.0408
S13497,Fashion,Peru,Sodimac,Self sign-up,Medium,3.0,0,12.0,0,0,0.0408
S14867,Electronics,Colombia,Falabella Retail,Self sign-up,Micro,6.0,4,15.0,0,0,0.0408
S01335,Hardware,Colombia,Sodimac,Sales rep,Small,13.0,3,22.0,1,0,0.0408
S09881,Electronics,Chile,Falabella Retail,Self sign-up,Micro,1.0,1,9.0,1,0,0.0408
S08132,Hardware,Colombia,Falabella Retail,Sales rep,Micro,1.0,5,15.0,0,0,0.0408
S10376,Beauty,Peru,Sodimac,Referral,Micro,10.0,0,17.0,3,0,0.0408
S13463,Home,Chile,Marketplace direct,Self sign-up,Micro,4.0,1,13.0,4,0,0.0407
S03334,Fashion,Chile,Sodimac,Referral,Micro,4.0,2,18.0,3,0,0.0407
S14510,Food,Colombia,Marketplace direct,Self sign-up,Small,2.0,2,8.0,1,0,0.0407
S12834,Home,Chile,Sodimac,Self sign-up,Micro,6.0,4,19.0,4,0,0.0406
S09521,Sports,Colombia,Sodimac,Self sign-up,Micro,4.0,0,9.0,3,0,0.0406
S18225,Hardware,Peru,Falabella Retail,Event,Micro,4.0,4,16.0,1,0,0.0406
S04466,Home,Chile,Sodimac,Event,Small,6.0,2,17.0,0,0,0.0406
S05277,Toys,Colombia,Sodimac,Event,Small,9.0,2,18.0,4,0,0.0405
S12572,Sports,Colombia,Sodimac,Self sign-up,Micro,2.0,1,7.0,1,0,0.0405
S16826,Toys,Peru,Falabella Retail,Self sign-up,Micro,2.0,2,8.0,1,0,0.0405
S10857,Sports,Peru,Tottus,Self sign-up,Small,1.0,0,6.0,1,0,0.0405
S08537,Food,Colombia,Sodimac,Self sign-up,Small,0.0,1,3.0,0,0,0.0405
S05406,Fashion,Colombia,Sodimac,Self sign-up,Micro,10.0,3,15.0,0,0,0.0404
S09768,Sports,Chile,Marketplace direct,Self sign-up,Micro,6.0,2,11.0,0,0,0.0404
S04896,Home,Chile,Marketplace direct,Referral,Micro,0.0,0,7.0,1,0,0.0404
S04392,Beauty,Chile,Marketplace direct,Self sign-up,Small,5.0,0,12.0,1,0,0.0404
S14632,Hardware,Colombia,Sodimac,Event,Micro,1.0,2,9.0,0,0,0.0404
S08392,Fashion,Peru,Tottus,Self sign-up,Micro,4.0,2,14.0,4,0,0.0404
S08416,Food,Peru,Sodimac,Referral,Micro,6.0,1,14.0,3,0,0.0404
S15589,Hardware,Colombia,Sodimac,Event,Small,5.0,4,19.0,2,0,0.0404
S02941,Home,Chile,Falabella Retail,Self sign-up,Small,6.0,1,15.0,2,0,0.0403
S11506,Fashion,Chile,Marketplace direct,Self sign-up,Micro,3.0,0,9.0,1,0,0.0403
S19688,Electronics,Peru,Falabella Retail,Self sign-up,Medium,0.0,5,16.0,2,0,0.0403
S01741,Home,Peru,Sodimac,Self sign-up,Micro,4.0,5,17.0,2,0,0.0403
S00219,Fashion,Colombia,Falabella Retail,Self sign-up,Micro,4.0,3,16.0,1,1,0.0403
S10747,Hardware,Colombia,Marketplace direct,Event,Small,0.0,3,10.0,1,0,0.0403
S13271,Sports,Colombia,Falabella Retail,Self sign-up,Micro,3.0,2,9.0,1,0,0.0403
S00689,Beauty,Peru,Tottus,Sales rep,Medium,7.0,0,19.0,2,0,0.0402
S00880,Fashion,Chile,Marketplace direct,Self sign-up,Small,3.0,0,11.0,1,0,0.0402
S18898,Food,Chile,Marketplace direct,Self sign-up,Small,2.0,0,6.0,0,0,0.0402
S14730,Toys,Chile,Sodimac,Self sign-up,Small,0.0,4,10.0,1,0,0.0402
S05907,Sports,Chile,Sodimac,Sales rep,Micro,3.0,5,20.0,2,0,0.0401
S18235,Sports,Peru,Falabella Retail,Sales rep,Micro,7.0,0,13.0,0,0,0.0401
S18207,Food,Chile,Marketplace direct,Sales rep,Micro,16.0,2,21.0,5,0,0.0401
S15750,Electronics,Peru,Falabella Retail,Self sign-up,Micro,3.0,1,10.0,0,0,0.0401
S14657,Home,Colombia,Sodimac,Sales rep,Micro,1.0,3,14.0,1,0,0.0401
S15743,Beauty,Peru,Marketplace direct,Self sign-up,Micro,6.0,3,14.0,1,0,0.04
S00731,Electronics,Chile,Falabella Retail,Self sign-up,Micro,6.0,4,19.0,3,0,0.04
S09789,Hardware,Chile,Marketplace direct,Self sign-up,Micro,5.0,3,16.0,4,0,0.04
S15028,Sports,Chile,Falabella Retail,Self sign-up,Small,2.0,3,12.0,0,0,0.04
S06551,Home,Peru,Sodimac,Sales rep,Micro,2.0,3,17.0,2,0,0.0399
S19219,Home,Chile,Marketplace direct,Referral,Micro,11.0,2,17.0,2,1,0.0399
S19901,Fashion,Colombia,Sodimac,Sales rep,Small,2.0,0,13.0,0,0,0.0399
S01004,Sports,Peru,Falabella Retail,Event,Small,14.0,0,19.0,3,1,0.0399
S16317,Beauty,Chile,Marketplace direct,Self sign-up,Micro,5.0,5,16.0,0,0,0.0399
S16060,Fashion,Chile,Marketplace direct,Self sign-up,Medium,5.0,2,16.0,0,0,0.0399
S03448,Home,Peru,Sodimac,Self sign-up,Micro,1.0,4,11.0,0,0,0.0399
S08033,Home,Colombia,Falabella Retail,Self sign-up,Medium,10.0,2,15.0,0,1,0.0399
S04952,Home,Chile,Falabella Retail,Self sign-up,Small,10.0,4,19.0,0,0,0.0398
S04971,Electronics,Chile,Falabella Retail,Self sign-up,Small,2.0,3,16.0,2,0,0.0398
S09448,Home,Peru,Falabella Retail,Sales rep,Micro,5.0,3,19.0,2,0,0.0398
S19596,Fashion,Colombia,Falabella Retail,Event,Micro,5.0,5,19.0,2,0,0.0398
S16615,Hardware,Colombia,Marketplace direct,Sales rep,Micro,2.0,3,15.0,2,0,0.0397
S15388,Sports,Chile,Falabella Retail,Self sign-up,Small,0.0,2,7.0,0,0,0.0397
S02188,Home,Chile,Sodimac,Sales rep,Micro,2.0,0,12.0,0,0,0.0397
S00172,Home,Peru,Sodimac,Self sign-up,Micro,1.0,1,7.0,0,0,0.0397
S19116,Sports,Chile,Marketplace direct,Event,Micro,7.0,0,7.0,1,1,0.0397
S03292,Beauty,Colombia,Falabella Retail,Self sign-up,Micro,6.0,5,17.0,2,1,0.0396
S00232,Food,Peru,Marketplace direct,Self sign-up,Micro,14.0,1,16.0,4,1,0.0396
S06686,Food,Peru,Sodimac,Event,Small,4.0,3,14.0,0,0,0.0396
S14616,Fashion,Chile,Marketplace direct,Sales rep,Micro,2.0,2,16.0,2,0,0.0396
S15657,Toys,Chile,Sodimac,Event,Medium,3.0,1,12.0,0,1,0.0396
S16153,Fashion,Chile,Tottus,Self sign-up,Micro,3.0,2,14.0,4,0,0.0396
S13292,Sports,Chile,Tottus,Self sign-up,Micro,13.0,3,17.0,3,0,0.0396
S18199,Electronics,Colombia,Falabella Retail,Self sign-up,Micro,2.0,3,11.0,0,0,0.0395
S10800,Electronics,Colombia,Marketplace direct,Self sign-up,Small,8.0,4,20.0,3,0,0.0395
S19252,Beauty,Colombia,Sodimac,Self sign-up,Small,7.0,2,16.0,2,0,0.0395
S06712,Home,Peru,Falabella Retail,Self sign-up,Small,0.0,3,9.0,0,0,0.0395
S02810,Electronics,Colombia,Falabella Retail,Self sign-up,Micro,0.0,5,10.0,0,0,0.0395
S18504,Sports,Chile,Sodimac,Sales rep,Micro,9.0,0,18.0,0,1,0.0395
S12809,Home,Peru,Falabella Retail,Self sign-up,Small,1.0,2,10.0,0,0,0.0395
S07463,Hardware,Peru,Sodimac,Sales rep,Micro,3.0,3,16.0,0,0,0.0394
S02187,Beauty,Chile,Marketplace direct,Self sign-up,Micro,2.0,1,10.0,2,0,0.0394
S01184,Home,Peru,Sodimac,Event,Micro,5.0,0,13.0,2,0,0.0394
S15573,Toys,Chile,Sodimac,Self sign-up,Small,12.0,5,25.0,7,0,0.0394
S14718,Electronics,Peru,Marketplace direct,Self sign-up,Micro,1.0,3,10.0,0,0,0.0393
S07574,Electronics,Peru,Marketplace direct,Self sign-up,Micro,1.0,3,10.0,0,0,0.0393
S16547,Fashion,Chile,Falabella Retail,Self sign-up,Micro,2.0,1,10.0,1,0,0.0393
S19738,Home,Peru,Sodimac,Self sign-up,Small,3.0,1,13.0,2,0,0.0393
S12660,Food,Peru,Marketplace direct,Self sign-up,Micro,0.0,1,2.0,1,0,0.0393
S00645,Hardware,Chile,Tottus,Sales rep,Micro,5.0,0,17.0,5,0,0.0393
S18202,Home,Chile,Marketplace direct,Self sign-up,Small,7.0,2,20.0,2,1,0.0393
S01675,Food,Colombia,Falabella Retail,Self sign-up,Small,8.0,3,17.0,5,0,0.0392
S02351,Hardware,Peru,Falabella Retail,Sales rep,Small,2.0,1,14.0,0,0,0.0392
S08279,Home,Colombia,Sodimac,Self sign-up,Micro,5.0,4,14.0,0,0,0.0392
S15524,Sports,Colombia,Falabella Retail,Self sign-up,Micro,5.0,1,10.0,2,0,0.0392
S18740,Toys,Chile,Falabella Retail,Sales rep,Micro,1.0,2,11.0,0,0,0.0392
S00190,Food,Chile,Sodimac,Self sign-up,Medium,6.0,0,14.0,3,0,0.0392
S16240,Beauty,Peru,Falabella Retail,Self sign-up,Small,0.0,0,6.0,1,0,0.0392
S14565,Beauty,Colombia,Marketplace direct,Self sign-up,Medium,1.0,3,12.0,0,0,0.0392
S05747,Food,Colombia,Marketplace direct,Self sign-up,Small,2.0,0,8.0,4,0,0.0392
S12114,Sports,Chile,Falabella Retail,Referral,Small,12.0,5,27.0,5,0,0.0392
S04682,Toys,Chile,Falabella Retail,Self sign-up,Micro,9.0,1,14.0,4,0,0.0391
S17622,Hardware,Peru,Falabella Retail,Self sign-up,Micro,3.0,2,10.0,0,0,0.0391
S15385,Beauty,Chile,Marketplace direct,Self sign-up,Micro,12.0,0,7.0,0,1,0.0391
S04583,Food,Peru,Sodimac,Self sign-up,Small,13.0,4,21.0,5,0,0.0391
S09157,Electronics,Colombia,Marketplace direct,Self sign-up,Micro,3.0,1,13.0,2,1,0.0391
S03098,Home,Peru,Marketplace direct,Self sign-up,Micro,12.0,4,15.0,0,1,0.0391
S03041,Food,Chile,Falabella Retail,Referral,Micro,6.0,2,15.0,2,0,0.0391
S12384,Beauty,Colombia,Sodimac,Referral,Micro,5.0,3,16.0,0,0,0.0391
S14231,Home,Peru,Sodimac,Event,Small,7.0,0,16.0,2,0,0.039
S04542,Food,Chile,Falabella Retail,Referral,Micro,1.0,5,14.0,1,0,0.039
S00866,Hardware,Chile,Sodimac,Event,Micro,2.0,2,12.0,0,0,0.039
S13144,Fashion,Colombia,Falabella Retail,Referral,Micro,10.0,4,21.0,2,0,0.039
S17139,Home,Chile,Falabella Retail,Referral,Micro,1.0,5,20.0,5,0,0.039
S08138,Toys,Chile,Marketplace direct,Self sign-up,Small,3.0,5,17.0,3,0,0.039
S18617,Beauty,Chile,Tottus,Self sign-up,Micro,3.0,4,14.0,1,0,0.039
S10304,Hardware,Chile,Sodimac,Self sign-up,Micro,11.0,1,15.0,2,0,0.039
S11538,Toys,Chile,Falabella Retail,Referral,Micro,3.0,2,13.0,1,0,0.0389
S14833,Home,Chile,Tottus,Event,Micro,2.0,1,10.0,0,0,0.0389
S04600,Sports,Chile,Sodimac,Sales rep,Small,2.0,1,15.0,1,0,0.0389
S05925,Home,Chile,Tottus,Self sign-up,Micro,4.0,2,16.0,6,0,0.0389
S11414,Food,Peru,Falabella Retail,Referral,Small,7.0,2,16.0,1,0,0.0389
S14899,Beauty,Chile,Falabella Retail,Sales rep,Micro,0.0,2,15.0,5,0,0.0389
S08210,Fashion,Chile,Falabella Retail,Self sign-up,Small,0.0,0,7.0,1,0,0.0389
S08378,Fashion,Chile,Falabella Retail,Self sign-up,Micro,4.0,4,15.0,0,0,0.0389
S10702,Electronics,Chile,Marketplace direct,Self sign-up,Micro,5.0,0,12.0,2,0,0.0389
S19491,Hardware,Colombia,Sodimac,Sales rep,Micro,5.0,4,18.0,0,0,0.0389
S14821,Beauty,Colombia,Falabella Retail,Sales rep,Micro,8.0,1,18.0,3,0,0.0388
S00272,Electronics,Chile,Tottus,Self sign-up,Small,16.0,0,17.0,2,1,0.0388
S05065,Beauty,Peru,Marketplace direct,Self sign-up,Small,8.0,3,21.0,2,1,0.0388
S03700,Hardware,Chile,Falabella Retail,Self sign-up,Micro,3.0,0,8.0,0,0,0.0388
S14180,Fashion,Peru,Falabella Retail,Self sign-up,Micro,6.0,3,15.0,1,0,0.0387
S10409,Home,Chile,Marketplace direct,Self sign-up,Small,5.0,5,18.0,0,0,0.0387
S07088,Home,Chile,Sodimac,Self sign-up,Micro,4.0,3,16.0,3,0,0.0387
S05993,Hardware,Colombia,Sodimac,Self sign-up,Micro,28.0,0,18.0,4,1,0.0387
S04951,Toys,Colombia,Sodimac,Self sign-up,Micro,1.0,3,7.0,0,0,0.0387
S18722,Hardware,Chile,Falabella Retail,Self sign-up,Small,1.0,1,9.0,0,0,0.0387
S17401,Toys,Colombia,Marketplace direct,Event,Micro,15.0,0,10.0,1,1,0.0386
S07749,Hardware,Colombia,Sodimac,Self sign-up,Small,14.0,2,18.0,1,1,0.0386
S06549,Home,Colombia,Marketplace direct,Self sign-up,Micro,4.0,5,14.0,0,0,0.0386
S17680,Food,Chile,Tottus,Self sign-up,Micro,0.0,2,3.0,0,0,0.0386
S19976,Sports,Chile,Falabella Retail,Self sign-up,Medium,12.0,1,17.0,1,0,0.0386
S01635,Fashion,Chile,Tottus,Self sign-up,Small,1.0,1,10.0,1,0,0.0386
S09253,Toys,Colombia,Falabella Retail,Referral,Medium,7.0,3,19.0,1,0,0.0386
S00660,Home,Chile,Tottus,Sales rep,Micro,13.0,0,22.0,7,0,0.0386
S09245,Beauty,Chile,Tottus,Self sign-up,Micro,7.0,1,14.0,3,0,0.0386
S14135,Fashion,Peru,Sodimac,Event,Micro,2.0,1,11.0,0,0,0.0385
S03388,Fashion,Chile,Sodimac,Self sign-up,Micro,5.0,5,19.0,2,0,0.0385
S10039,Beauty,Colombia,Falabella Retail,Referral,Medium,0.0,0,11.0,2,0,0.0385
S19517,Electronics,Colombia,Sodimac,Referral,Micro,1.0,5,16.0,0,0,0.0385
S11516,Food,Chile,Falabella Retail,Self sign-up,Micro,21.0,0,10.0,1,1,0.0385
S09699,Home,Chile,Sodimac,Self sign-up,Micro,3.0,4,15.0,1,0,0.0385
S11782,Beauty,Chile,Sodimac,Self sign-up,Medium,0.0,0,8.0,0,0,0.0384
S17791,Electronics,Chile,Tottus,Event,Small,6.0,5,23.0,2,0,0.0384
S19538,Electronics,Chile,Tottus,Sales rep,Small,2.0,0,15.0,1,0,0.0384
S19826,Food,Colombia,Falabella Retail,Event,Medium,7.0,2,15.0,0,0,0.0384
S01758,Hardware,Chile,Tottus,Sales rep,Small,6.0,0,18.0,3,0,0.0384
S13543,Home,Peru,Tottus,Referral,Micro,2.0,2,12.0,0,0,0.0383
S09820,Hardware,Chile,Falabella Retail,Self sign-up,Medium,8.0,0,18.0,0,1,0.0383
S19009,Sports,Chile,Marketplace direct,Self sign-up,Micro,14.0,5,17.0,0,1,0.0383
S03786,Food,Peru,Falabella Retail,Self sign-up,Micro,2.0,3,9.0,1,0,0.0383
S00937,Electronics,Colombia,Sodimac,Self sign-up,Micro,2.0,3,14.0,3,0,0.0383
S06280,Toys,Colombia,Sodimac,Event,Micro,1.0,0,5.0,0,0,0.0383
S15362,Sports,Chile,Marketplace direct,Referral,Small,4.0,5,21.0,2,0,0.0383
S08399,Hardware,Chile,Marketplace direct,Self sign-up,Small,8.0,2,15.0,0,0,0.0383
S07852,Beauty,Peru,Falabella Retail,Self sign-up,Small,1.0,1,9.0,0,0,0.0383
S09784,Beauty,Colombia,Sodimac,Self sign-up,Small,3.0,0,12.0,3,0,0.0382
S10908,Hardware,Chile,Sodimac,Sales rep,Micro,5.0,3,19.0,1,0,0.0382
S07709,Sports,Colombia,Marketplace direct,Referral,Small,11.0,4,22.0,3,0,0.0382
S04691,Home,Chile,Tottus,Self sign-up,Micro,4.0,3,15.0,3,0,0.0382
S06833,Food,Chile,Marketplace direct,Self sign-up,Micro,6.0,0,8.0,1,0,0.0382
S07743,Food,Colombia,Sodimac,Event,Micro,0.0,0,2.0,0,0,0.0382
S13020,Hardware,Peru,Falabella Retail,Sales rep,Micro,0.0,3,12.0,1,0,0.0382
S17856,Toys,Colombia,Marketplace direct,Sales rep,Medium,4.0,0,15.0,2,0,0.0381
S19503,Food,Chile,Falabella Retail,Self sign-up,Micro,10.0,3,14.0,0,1,0.0381
S10407,Sports,Colombia,Tottus,Sales rep,Small,1.0,1,10.0,1,1,0.0381
S14955,Fashion,Chile,Tottus,Event,Small,4.0,3,17.0,0,0,0.0381
S04645,Food,Colombia,Falabella Retail,Self sign-up,Small,2.0,0,7.0,2,0,0.0381
S02454,Sports,Chile,Falabella Retail,Sales rep,Micro,6.0,2,17.0,1,0,0.0381
S19114,Electronics,Peru,Marketplace direct,Self sign-up,Micro,0.0,1,6.0,1,0,0.038
S01489,Fashion,Colombia,Marketplace direct,Sales rep,Micro,5.0,5,22.0,3,0,0.038
S03885,Electronics,Chile,Falabella Retail,Self sign-up,Micro,10.0,5,23.0,4,0,0.038
S10593,Fashion,Chile,Falabella Retail,Event,Micro,2.0,1,13.0,2,0,0.038
S05285,Electronics,Peru,Falabella Retail,Self sign-up,Micro,2.0,1,11.0,2,0,0.0379
S08802,Electronics,Chile,Sodimac,Self sign-up,Small,0.0,5,14.0,0,0,0.0379
S06249,Fashion,Chile,Tottus,Self sign-up,Micro,1.0,3,10.0,0,0,0.0379
S16224,Fashion,Chile,Marketplace direct,Self sign-up,Micro,4.0,2,12.0,0,0,0.0379
S14197,Home,Chile,Sodimac,Self sign-up,Micro,4.0,5,18.0,2,0,0.0379
S16570,Sports,Colombia,Sodimac,Sales rep,Micro,21.0,0,16.0,2,1,0.0379
S08486,Food,Chile,Falabella Retail,Self sign-up,Micro,6.0,3,15.0,4,0,0.0379
S01682,Toys,Chile,Tottus,Sales rep,Micro,0.0,5,13.0,1,0,0.0379
S12615,Hardware,Chile,Sodimac,Self sign-up,Small,0.0,4,12.0,1,0,0.0379
S08658,Beauty,Colombia,Falabella Retail,Self sign-up,Micro,2.0,2,9.0,0,0,0.0378
S08019,Sports,Peru,Sodimac,Self sign-up,Micro,0.0,0,4.0,2,0,0.0378
S04631,Fashion,Colombia,Marketplace direct,Self sign-up,Medium,0.0,0,7.0,1,0,0.0378
S17478,Beauty,Chile,Marketplace direct,Self sign-up,Medium,7.0,5,21.0,0,0,0.0378
S13183,Home,Peru,Sodimac,Self sign-up,Micro,4.0,2,15.0,4,0,0.0378
S06082,Beauty,Chile,Tottus,Event,Micro,3.0,3,14.0,0,0,0.0377
S18655,Beauty,Chile,Tottus,Self sign-up,Micro,5.0,0,11.0,2,0,0.0377
S18339,Fashion,Chile,Marketplace direct,Sales rep,Medium,5.0,0,18.0,0,0,0.0377
S08168,Home,Chile,Falabella Retail,Event,Small,1.0,0,11.0,1,0,0.0377
S19101,Fashion,Colombia,Marketplace direct,Self sign-up,Micro,1.0,5,14.0,3,0,0.0377
S00588,Home,Chile,Sodimac,Sales rep,Micro,2.0,2,15.0,0,0,0.0377
S07567,Sports,Chile,Sodimac,Self sign-up,Micro,3.0,2,12.0,2,0,0.0377
S08707,Electronics,Chile,Falabella Retail,Self sign-up,Small,5.0,0,13.0,0,0,0.0377
S17092,Toys,Chile,Marketplace direct,Self sign-up,Micro,9.0,3,14.0,1,0,0.0377
S02971,Sports,Chile,Sodimac,Self sign-up,Micro,10.0,3,20.0,5,1,0.0376
S08593,Fashion,Peru,Tottus,Event,Micro,15.0,0,16.0,2,0,0.0376
S17661,Home,Peru,Falabella Retail,Sales rep,Micro,0.0,1,9.0,0,0,0.0376
S11273,Home,Chile,Marketplace direct,Self sign-up,Micro,5.0,2,13.0,1,0,0.0376
S07915,Food,Colombia,Marketplace direct,Self sign-up,Micro,0.0,2,2.0,0,0,0.0375
S19177,Electronics,Peru,Tottus,Self sign-up,Micro,1.0,0,6.0,0,0,0.0375
S04849,Toys,Chile,Falabella Retail,Self sign-up,Micro,4.0,2,10.0,0,0,0.0375
S19025,Fashion,Peru,Sodimac,Sales rep,Micro,1.0,1,13.0,1,0,0.0375
S10142,Home,Chile,Sodimac,Event,Medium,1.0,2,15.0,0,0,0.0374
S18479,Electronics,Colombia,Falabella Retail,Self sign-up,Micro,2.0,2,10.0,0,0,0.0374
S02919,Sports,Chile,Falabella Retail,Self sign-up,Micro,1.0,2,11.0,4,0,0.0374
S14641,Toys,Colombia,Marketplace direct,Self sign-up,Small,0.0,0,2.0,0,0,0.0374
S04810,Beauty,Colombia,Marketplace direct,Self sign-up,Small,0.0,1,8.0,3,0,0.0373
S19463,Electronics,Colombia,Tottus,Referral,Small,3.0,3,20.0,4,0,0.0373
S10932,Toys,Peru,Sodimac,Self sign-up,Small,6.0,4,18.0,3,0,0.0373
S03837,Electronics,Colombia,Sodimac,Sales rep,Micro,12.0,0,17.0,2,1,0.0373
S10186,Beauty,Chile,Falabella Retail,Self sign-up,Micro,4.0,0,12.0,3,0,0.0373
S08062,Beauty,Chile,Sodimac,Referral,Micro,3.0,2,15.0,0,0,0.0373
S14013,Food,Chile,Marketplace direct,Event,Small,0.0,0,8.0,4,0,0.0373
S06483,Toys,Chile,Marketplace direct,Referral,Small,6.0,3,18.0,1,0,0.0373
S18825,Beauty,Chile,Marketplace direct,Self sign-up,Micro,3.0,3,14.0,2,0,0.0373
S19691,Food,Chile,Sodimac,Self sign-up,Small,2.0,5,14.0,0,0,0.0372
S19902,Food,Peru,Falabella Retail,Referral,Micro,5.0,5,19.0,3,0,0.0372
S18242,Fashion,Peru,Marketplace direct,Event,Small,8.0,0,18.0,4,0,0.0371
S08308,Fashion,Chile,Tottus,Self sign-up,Micro,4.0,0,10.0,1,0,0.0371
S17981,Beauty,Chile,Falabella Retail,Referral,Micro,1.0,1,11.0,0,0,0.0371
S00834,Toys,Chile,Falabella Retail,Self sign-up,Micro,3.0,4,12.0,0,0,0.0371
S05922,Toys,Peru,Sodimac,Referral,Micro,1.0,0,8.0,1,0,0.0371
S13606,Electronics,Colombia,Falabella Retail,Sales rep,Micro,0.0,1,11.0,2,0,0.037
S00189,Home,Chile,Tottus,Self sign-up,Medium,3.0,1,13.0,0,0,0.037
S05757,Fashion,Colombia,Marketplace direct,Self sign-up,Micro,2.0,2,9.0,0,0,0.037
S04282,Sports,Colombia,Marketplace direct,Self sign-up,Small,16.0,1,17.0,4,0,0.037
S03580,Toys,Chile,Falabella Retail,Self sign-up,Micro,3.0,5,15.0,2,0,0.037
S03828,Food,Chile,Falabella Retail,Sales rep,Small,5.0,1,15.0,0,0,0.037
S10535,Fashion,Chile,Marketplace direct,Referral,Micro,4.0,4,18.0,0,0,0.037
S19959,Hardware,Chile,Sodimac,Self sign-up,Micro,1.0,2,9.0,0,0,0.0369
S03260,Electronics,Colombia,Marketplace direct,Event,Micro,7.0,0,8.0,1,1,0.0369
S01303,Home,Colombia,Marketplace direct,Self sign-up,Medium,0.0,1,8.0,1,0,0.0369
S11209,Electronics,Chile,Sodimac,Referral,Micro,9.0,1,21.0,4,0,0.0369
S15271,Toys,Colombia,Tottus,Sales rep,Small,8.0,1,19.0,5,0,0.0369
S10468,Fashion,Chile,Tottus,Referral,Small,6.0,2,19.0,1,0,0.0369
S08119,Toys,Peru,Tottus,Self sign-up,Small,0.0,4,8.0,0,0,0.0369
S12526,Toys,Chile,Marketplace direct,Event,Small,2.0,0,10.0,1,0,0.0368
S07193,Fashion,Chile,Tottus,Self sign-up,Micro,4.0,1,10.0,0,1,0.0368
S01418,Hardware,Chile,Tottus,Event,Micro,4.0,2,13.0,0,0,0.0368
S19299,Hardware,Chile,Sodimac,Self sign-up,Micro,3.0,2,13.0,2,0,0.0367
S00740,Electronics,Chile,Falabella Retail,Self sign-up,Small,5.0,3,18.0,1,0,0.0367
S09276,Hardware,Chile,Falabella Retail,Self sign-up,Small,2.0,3,15.0,2,0,0.0367
S01785,Hardware,Colombia,Sodimac,Sales rep,Micro,5.0,3,17.0,0,0,0.0367
S03215,Toys,Colombia,Tottus,Self sign-up,Small,2.0,0,8.0,3,0,0.0367
S11025,Toys,Colombia,Falabella Retail,Self sign-up,Medium,2.0,0,8.0,0,0,0.0367
S19986,Toys,Chile,Falabella Retail,Self sign-up,Medium,6.0,5,19.0,0,0,0.0366
S19039,Toys,Peru,Tottus,Self sign-up,Small,1.0,0,5.0,0,0,0.0366
S03673,Fashion,Colombia,Falabella Retail,Self sign-up,Micro,0.0,3,8.0,1,0,0.0366
S07413,Beauty,Chile,Tottus,Referral,Small,1.0,0,11.0,0,0,0.0366
S13224,Beauty,Peru,Falabella Retail,Event,Micro,8.0,4,20.0,2,0,0.0365
S10925,Home,Chile,Falabella Retail,Self sign-up,Medium,2.0,2,15.0,1,0,0.0365
S18926,Food,Colombia,Sodimac,Self sign-up,Medium,0.0,0,4.0,0,0,0.0365
S16396,Fashion,Chile,Marketplace direct,Referral,Medium,9.0,0,22.0,4,0,0.0365
S02459,Beauty,Colombia,Tottus,Referral,Micro,13.0,3,19.0,1,0,0.0365
S15559,Food,Colombia,Sodimac,Self sign-up,Small,0.0,5,9.0,0,0,0.0365
S02519,Home,Chile,Falabella Retail,Self sign-up,Micro,2.0,4,14.0,1,0,0.0365
S11186,Food,Chile,Falabella Retail,Sales rep,Micro,4.0,3,16.0,1,0,0.0365
S15560,Electronics,Peru,Tottus,Self sign-up,Micro,7.0,1,13.0,1,0,0.0365
S01842,Electronics,Peru,Sodimac,Self sign-up,Medium,3.0,5,20.0,0,0,0.0364
S15752,Fashion,Colombia,Falabella Retail,Sales rep,Small,1.0,1,14.0,1,0,0.0364
S17801,Hardware,Chile,Marketplace direct,Event,Micro,10.0,5,20.0,0,0,0.0364
S17873,Beauty,Chile,Sodimac,Sales rep,Micro,9.0,0,20.0,4,0,0.0364
S04595,Food,Peru,Sodimac,Sales rep,Micro,2.0,0,10.0,1,0,0.0363
S14958,Hardware,Chile,Marketplace direct,Self sign-up,Micro,4.0,2,13.0,2,0,0.0363
S16679,Fashion,Chile,Marketplace direct,Self sign-up,Small,2.0,1,12.0,1,0,0.0363
S06388,Food,Peru,Falabella Retail,Referral,Small,2.0,4,15.0,0,0,0.0363
S09373,Food,Peru,Marketplace direct,Event,Micro,1.0,4,10.0,0,0,0.0363
S19139,Sports,Peru,Marketplace direct,Self sign-up,Micro,2.0,2,9.0,1,0,0.0362
S00679,Fashion,Chile,Sodimac,Self sign-up,Micro,7.0,4,19.0,2,0,0.0362
S19662,Fashion,Chile,Marketplace direct,Referral,Small,0.0,2,12.0,0,0,0.0362
S15410,Food,Peru,Marketplace direct,Self sign-up,Micro,0.0,3,6.0,2,0,0.0362
S18828,Sports,Colombia,Tottus,Sales rep,Small,4.0,2,16.0,1,0,0.0362
S11392,Sports,Chile,Falabella Retail,Self sign-up,Micro,10.0,2,9.0,0,1,0.0362
S05001,Sports,Colombia,Marketplace direct,Referral,Small,5.0,0,13.0,1,0,0.0361
S02544,Beauty,Chile,Marketplace direct,Self sign-up,Small,3.0,2,14.0,1,0,0.0361
S09687,Hardware,Colombia,Sodimac,Referral,Micro,1.0,0,9.0,1,0,0.0361
S14617,Toys,Chile,Marketplace direct,Self sign-up,Micro,0.0,1,3.0,0,0,0.0361
S15799,Food,Colombia,Tottus,Self sign-up,Micro,1.0,4,7.0,0,0,0.0361
S15690,Electronics,Peru,Falabella Retail,Event,Micro,5.0,4,18.0,0,0,0.0361
S11970,Toys,Peru,Sodimac,Self sign-up,Medium,4.0,3,15.0,0,0,0.0361
S14366,Hardware,Colombia,Sodimac,Self sign-up,Micro,3.0,0,9.0,2,0,0.0361
S02301,Toys,Chile,Marketplace direct,Self sign-up,Micro,1.0,0,4.0,0,0,0.0361
S01074,Hardware,Chile,Marketplace direct,Sales rep,Micro,0.0,1,9.0,0,0,0.0361
S00756,Home,Colombia,Falabella Retail,Referral,Micro,4.0,3,17.0,2,0,0.036
S01661,Sports,Colombia,Falabella Retail,Self sign-up,Micro,1.0,1,6.0,1,0,0.036
S01649,Hardware,Colombia,Tottus,Sales rep,Micro,9.0,0,17.0,4,0,0.036
S14948,Hardware,Chile,Sodimac,Self sign-up,Micro,3.0,4,15.0,1,0,0.036
S03150,Electronics,Chile,Marketplace direct,Self sign-up,Micro,0.0,4,11.0,1,0,0.036
S15038,Fashion,Chile,Falabella Retail,Self sign-up,Small,9.0,3,18.0,1,1,0.036
S16538,Fashion,Chile,Tottus,Self sign-up,Small,8.0,3,19.0,2,0,0.0359
S17572,Beauty,Chile,Tottus,Self sign-up,Micro,1.0,3,10.0,0,0,0.0359
S02406,Beauty,Colombia,Marketplace direct,Self sign-up,Micro,11.0,5,20.0,3,0,0.0359
S12066,Home,Colombia,Falabella Retail,Self sign-up,Small,13.0,0,10.0,0,1,0.0359
S14393,Hardware,Peru,Falabella Retail,Self sign-up,Micro,0.0,0,4.0,1,0,0.0358
S09711,Fashion,Colombia,Marketplace direct,Self sign-up,Medium,3.0,4,19.0,3,0,0.0358
S02358,Food,Peru,Sodimac,Self sign-up,Small,3.0,2,13.0,3,0,0.0358
S11544,Fashion,Chile,Falabella Retail,Event,Micro,10.0,3,18.0,1,1,0.0358
S12800,Food,Colombia,Marketplace direct,Self sign-up,Micro,10.0,1,13.0,1,1,0.0358
S02748,Fashion,Chile,Sodimac,Self sign-up,Medium,6.0,2,18.0,0,0,0.0358
S07230,Home,Chile,Sodimac,Self sign-up,Micro,4.0,0,10.0,0,0,0.0358
S10708,Sports,Colombia,Tottus,Event,Micro,3.0,5,15.0,1,0,0.0357
S17137,Home,Colombia,Sodimac,Sales rep,Micro,3.0,0,13.0,1,0,0.0357
S00294,Hardware,Chile,Sodimac,Referral,Small,1.0,1,13.0,0,0,0.0357
S01200,Beauty,Chile,Marketplace direct,Self sign-up,Micro,2.0,4,13.0,0,0,0.0357
S17008,Sports,Peru,Falabella Retail,Referral,Micro,15.0,2,20.0,3,0,0.0356
S06069,Electronics,Colombia,Tottus,Self sign-up,Small,7.0,3,17.0,1,0,0.0356
S00229,Electronics,Chile,Marketplace direct,Self sign-up,Micro,7.0,2,17.0,3,0,0.0356
S12906,Toys,Chile,Falabella Retail,Event,Micro,0.0,0,5.0,1,0,0.0356
S08905,Home,Colombia,Sodimac,Referral,Micro,9.0,0,19.0,6,0,0.0356
S01309,Food,Chile,Falabella Retail,Self sign-up,Small,2.0,1,11.0,3,0,0.0356
S11770,Fashion,Chile,Marketplace direct,Referral,Micro,6.0,4,21.0,2,0,0.0356
S19204,Fashion,Chile,Marketplace direct,Referral,Small,4.0,1,17.0,1,0,0.0355
S11710,Sports,Chile,Marketplace direct,Sales rep,Micro,4.0,2,15.0,0,0,0.0355
S17917,Fashion,Chile,Falabella Retail,Self sign-up,Small,4.0,3,17.0,1,0,0.0355
S14119,Home,Chile,Tottus,Event,Small,0.0,2,11.0,1,0,0.0355
S10642,Toys,Colombia,Marketplace direct,Self sign-up,Micro,3.0,0,5.0,0,0,0.0355
S10515,Home,Peru,Falabella Retail,Self sign-up,Small,5.0,1,13.0,0,0,0.0355
S11587,Home,Chile,Marketplace direct,Event,Small,8.0,3,20.0,1,0,0.0355
S09624,Toys,Chile,Sodimac,Event,Micro,7.0,0,15.0,2,1,0.0355
S15164,Fashion,Peru,Tottus,Self sign-up,Micro,35.0,0,13.0,1,1,0.0354
S12060,Electronics,Peru,Marketplace direct,Self sign-up,Micro,2.0,3,12.0,0,0,0.0354
S16972,Hardware,Peru,Falabella Retail,Sales rep,Medium,2.0,0,15.0,0,0,0.0354
S11914,Food,Colombia,Marketplace direct,Referral,Micro,3.0,2,11.0,1,0,0.0354
S01097,Hardware,Chile,Sodimac,Self sign-up,Micro,4.0,1,11.0,0,0,0.0354
S14177,Hardware,Chile,Sodimac,Sales rep,Medium,6.0,1,21.0,1,0,0.0354
S04702,Fashion,Chile,Falabella Retail,Sales rep,Small,3.0,1,16.0,1,1,0.0354
S03481,Sports,Colombia,Sodimac,Sales rep,Small,2.0,0,12.0,0,0,0.0353
S19072,Food,Peru,Falabella Retail,Self sign-up,Micro,4.0,0,8.0,2,0,0.0353
S03209,Electronics,Colombia,Sodimac,Self sign-up,Small,15.0,1,17.0,2,1,0.0353
S07659,Beauty,Peru,Sodimac,Self sign-up,Small,7.0,2,18.0,0,1,0.0353
S15427,Toys,Chile,Falabella Retail,Self sign-up,Small,9.0,4,19.0,2,0,0.0353
S19969,Home,Chile,Sodimac,Self sign-up,Micro,3.0,3,15.0,2,0,0.0353
S11255,Electronics,Chile,Falabella Retail,Self sign-up,Micro,20.0,0,23.0,9,0,0.0353
S07988,Sports,Colombia,Marketplace direct,Event,Medium,2.0,1,13.0,0,1,0.0353
S02781,Electronics,Chile,Marketplace direct,Self sign-up,Micro,10.0,5,22.0,1,1,0.0352
S11636,Toys,Chile,Sodimac,Sales rep,Micro,3.0,5,20.0,2,0,0.0352
S06298,Home,Chile,Falabella Retail,Self sign-up,Micro,1.0,1,8.0,0,0,0.0352
S04945,Hardware,Chile,Falabella Retail,Self sign-up,Micro,6.0,5,18.0,1,0,0.0352
S12706,Home,Chile,Sodimac,Self sign-up,Small,0.0,1,8.0,0,0,0.0352
S16433,Hardware,Peru,Falabella Retail,Self sign-up,Medium,5.0,1,16.0,2,0,0.0352
S17367,Electronics,Chile,Marketplace direct,Sales rep,Micro,1.0,4,17.0,0,0,0.0352
S15780,Electronics,Colombia,Tottus,Referral,Micro,6.0,3,17.0,0,0,0.0352
S14168,Beauty,Chile,Marketplace direct,Event,Small,0.0,3,12.0,0,0,0.0351
S03938,Fashion,Peru,Marketplace direct,Self sign-up,Micro,6.0,5,17.0,0,0,0.0351
S04009,Sports,Colombia,Tottus,Referral,Micro,4.0,3,16.0,3,0,0.0351
S13031,Fashion,Chile,Falabella Retail,Self sign-up,Small,5.0,3,18.0,0,1,0.0351
S00706,Hardware,Peru,Falabella Retail,Referral,Micro,5.0,1,16.0,0,1,0.035
S18819,Hardware,Chile,Sodimac,Self sign-up,Micro,3.0,3,13.0,0,0,0.035
S06911,Beauty,Colombia,Sodimac,Sales rep,Small,2.0,5,21.0,1,0,0.035
S04373,Home,Chile,Tottus,Referral,Micro,2.0,2,14.0,1,0,0.035
S11900,Electronics,Chile,Marketplace direct,Sales rep,Small,2.0,0,15.0,0,0,0.035
S03738,Hardware,Chile,Marketplace direct,Self sign-up,Small,4.0,3,19.0,5,0,0.035
S17125,Food,Colombia,Marketplace direct,Event,Micro,11.0,0,11.0,1,1,0.0349
S07604,Hardware,Peru,Sodimac,Self sign-up,Small,2.0,0,11.0,2,0,0.0349
S05696,Electronics,Colombia,Sodimac,Referral,Micro,7.0,0,17.0,3,0,0.0349
S12822,Electronics,Peru,Marketplace direct,Self sign-up,Micro,3.0,3,18.0,3,1,0.0349
S00952,Home,Colombia,Sodimac,Event,Micro,11.0,5,22.0,2,0,0.0348
S05601,Electronics,Chile,Marketplace direct,Self sign-up,Small,1.0,2,12.0,0,0,0.0348
S11829,Electronics,Peru,Sodimac,Sales rep,Micro,4.0,3,19.0,0,0,0.0348
S12552,Sports,Chile,Falabella Retail,Self sign-up,Micro,3.0,4,14.0,1,0,0.0348
S06088,Fashion,Chile,Marketplace direct,Self sign-up,Small,4.0,4,18.0,1,0,0.0348
S07006,Hardware,Chile,Falabella Retail,Self sign-up,Micro,6.0,5,16.0,0,1,0.0348
S08520,Sports,Colombia,Falabella Retail,Sales rep,Micro,14.0,0,16.0,1,0,0.0348
S13947,Electronics,Chile,Falabella Retail,Self sign-up,Micro,2.0,0,10.0,1,0,0.0347
S02136,Home,Colombia,Falabella Retail,Referral,Micro,2.0,1,12.0,1,0,0.0347
S05382,Toys,Chile,Falabella Retail,Self sign-up,Micro,0.0,0,4.0,2,0,0.0347
S05383,Home,Chile,Sodimac,Self sign-up,Micro,6.0,2,14.0,0,0,0.0347
S11783,Sports,Peru,Marketplace direct,Referral,Micro,11.0,2,22.0,7,0,0.0347
S06994,Hardware,Chile,Falabella Retail,Self sign-up,Micro,3.0,2,13.0,2,0,0.0347
S19269,Electronics,Peru,Falabella Retail,Self sign-up,Micro,5.0,4,22.0,7,0,0.0346
S08055,Beauty,Chile,Sodimac,Self sign-up,Micro,8.0,3,18.0,2,0,0.0346
S16362,Hardware,Colombia,Marketplace direct,Sales rep,Micro,3.0,2,17.0,0,1,0.0346
S03830,Fashion,Chile,Marketplace direct,Self sign-up,Micro,6.0,1,7.0,0,1,0.0346
S19071,Food,Chile,Sodimac,Self sign-up,Micro,7.0,3,18.0,6,0,0.0345
S13221,Sports,Colombia,Falabella Retail,Event,Micro,0.0,0,7.0,4,0,0.0345
S17272,Fashion,Chile,Falabella Retail,Self sign-up,Micro,25.0,2,24.0,4,1,0.0345
S15832,Food,Colombia,Sodimac,Event,Small,7.0,4,14.0,0,1,0.0345
S18461,Fashion,Colombia,Falabella Retail,Sales rep,Micro,1.0,0,12.0,0,1,0.0345
S14410,Fashion,Chile,Tottus,Self sign-up,Micro,10.0,5,19.0,0,0,0.0345
S04353,Electronics,Peru,Falabella Retail,Sales rep,Micro,8.0,5,25.0,2,0,0.0345
S13099,Fashion,Chile,Marketplace direct,Self sign-up,Micro,1.0,4,13.0,1,0,0.0345
S11911,Hardware,Peru,Falabella Retail,Self sign-up,Micro,4.0,1,11.0,1,0,0.0344
S03964,Fashion,Peru,Marketplace direct,Self sign-up,Micro,2.0,0,10.0,3,0,0.0344
S15642,Fashion,Colombia,Tottus,Self sign-up,Micro,2.0,2,10.0,1,0,0.0344
S13782,Toys,Chile,Marketplace direct,Self sign-up,Micro,9.0,3,17.0,4,0,0.0344
S18637,Hardware,Colombia,Marketplace direct,Self sign-up,Micro,1.0,2,8.0,1,0,0.0344
S07041,Home,Chile,Sodimac,Self sign-up,Small,2.0,2,14.0,1,0,0.0344
S09861,Fashion,Peru,Tottus,Referral,Micro,2.0,5,18.0,1,0,0.0344
S18391,Home,Chile,Falabella Retail,Referral,Micro,6.0,0,15.0,1,0,0.0344
S19082,Toys,Chile,Marketplace direct,Self sign-up,Micro,2.0,1,7.0,0,0,0.0344
S01083,Hardware,Colombia,Falabella Retail,Self sign-up,Medium,8.0,0,17.0,4,0,0.0344
S17897,Electronics,Chile,Marketplace direct,Self sign-up,Small,14.0,4,24.0,3,0,0.0344
S09185,Food,Chile,Marketplace direct,Self sign-up,Micro,0.0,5,8.0,0,0,0.0343
S05603,Food,Colombia,Falabella Retail,Sales rep,Micro,15.0,4,25.0,3,1,0.0343
S14649,Sports,Chile,Marketplace direct,Self sign-up,Micro,4.0,4,16.0,3,0,0.0343
S05558,Sports,Chile,Sodimac,Self sign-up,Micro,9.0,3,17.0,2,0,0.0343
S02292,Sports,Chile,Marketplace direct,Referral,Medium,4.0,0,21.0,3,1,0.0343
S06281,Home,Chile,Falabella Retail,Sales rep,Medium,5.0,1,24.0,5,0,0.0343
S10374,Toys,Chile,Falabella Retail,Self sign-up,Micro,2.0,3,11.0,1,0,0.0342
S00163,Electronics,Colombia,Tottus,Sales rep,Micro,5.0,4,20.0,1,0,0.0342
S16900,Electronics,Peru,Falabella Retail,Self sign-up,Micro,10.0,1,16.0,2,0,0.0342
S11790,Toys,Peru,Sodimac,Self sign-up,Micro,0.0,0,3.0,1,0,0.0342
S05595,Sports,Chile,Tottus,Self sign-up,Small,1.0,1,9.0,1,0,0.0342
S11052,Hardware,Colombia,Tottus,Sales rep,Micro,3.0,3,15.0,0,0,0.0341
S02761,Food,Colombia,Falabella Retail,Event,Small,5.0,3,16.0,2,0,0.0341
S10068,Home,Chile,Falabella Retail,Sales rep,Small,4.0,0,15.0,0,1,0.0341
S04459,Hardware,Peru,Sodimac,Self sign-up,Small,7.0,4,19.0,1,0,0.0341
S10470,Home,Chile,Sodimac,Self sign-up,Small,1.0,0,10.0,1,0,0.0341
S00820,Electronics,Peru,Sodimac,Self sign-up,Micro,3.0,0,10.0,0,0,0.034
S11157,Hardware,Chile,Sodimac,Event,Small,4.0,1,16.0,1,0,0.034
S02070,Hardware,Chile,Falabella Retail,Sales rep,Small,2.0,3,19.0,1,0,0.034
S10906,Sports,Chile,Sodimac,Self sign-up,Micro,1.0,3,10.0,0,0,0.034
S15598,Sports,Peru,Falabella Retail,Self sign-up,Micro,0.0,1,4.0,0,0,0.034
S04281,Fashion,Chile,Tottus,Self sign-up,Micro,2.0,0,8.0,0,0,0.034
S06691,Electronics,Chile,Marketplace direct,Self sign-up,Micro,5.0,0,12.0,1,0,0.034
S19593,Home,Colombia,Marketplace direct,Event,Micro,2.0,2,11.0,0,0,0.034
S07780,Toys,Chile,Sodimac,Self sign-up,Micro,6.0,3,13.0,1,1,0.0339
S18910,Electronics,Chile,Tottus,Sales rep,Micro,4.0,2,19.0,2,0,0.0339
S02709,Sports,Chile,Sodimac,Event,Micro,5.0,1,13.0,0,0,0.0339
S16804,Electronics,Colombia,Marketplace direct,Sales rep,Micro,4.0,3,20.0,3,0,0.0338
S06241,Home,Colombia,Falabella Retail,Self sign-up,Micro,2.0,1,9.0,1,0,0.0338
S03171,Sports,Peru,Falabella Retail,Self sign-up,Micro,1.0,1,8.0,2,0,0.0338
S16515,Sports,Peru,Falabella Retail,Self sign-up,Small,1.0,0,7.0,0,0,0.0338
S15666,Sports,Chile,Tottus,Self sign-up,Micro,5.0,4,14.0,0,0,0.0338
S03367,Sports,Chile,Falabella Retail,Sales rep,Micro,7.0,2,19.0,2,0,0.0337
S00709,Fashion,Peru,Sodimac,Referral,Micro,3.0,4,18.0,0,0,0.0337
S01692,Home,Colombia,Falabella Retail,Event,Micro,11.0,2,17.0,1,0,0.0337
S13470,Sports,Chile,Falabella Retail,Self sign-up,Micro,1.0,2,10.0,2,0,0.0337
S01439,Food,Chile,Marketplace direct,Sales rep,Medium,13.0,3,24.0,2,0,0.0336
S04575,Home,Chile,Falabella Retail,Self sign-up,Small,4.0,0,12.0,0,0,0.0336
S05458,Home,Peru,Falabella Retail,Referral,Micro,2.0,1,13.0,1,0,0.0336
S05375,Sports,Chile,Sodimac,Sales rep,Micro,6.0,3,26.0,9,0,0.0336
S13815,Food,Peru,Falabella Retail,Self sign-up,Small,4.0,1,10.0,0,0,0.0335
S13442,Fashion,Peru,Sodimac,Self sign-up,Small,8.0,1,18.0,3,0,0.0335
S15498,Fashion,Peru,Marketplace direct,Event,Small,2.0,1,13.0,0,0,0.0335
S01972,Toys,Chile,Falabella Retail,Self sign-up,Micro,2.0,5,13.0,0,0,0.0335
S06694,Fashion,Peru,Marketplace direct,Event,Micro,3.0,1,12.0,0,0,0.0335
S13629,Fashion,Chile,Tottus,Event,Micro,7.0,0,15.0,2,0,0.0335
S08700,Home,Chile,Sodimac,Self sign-up,Small,8.0,0,16.0,2,0,0.0334
S13826,Fashion,Peru,Marketplace direct,Self sign-up,Micro,2.0,0,11.0,4,0,0.0334
S13180,Fashion,Chile,Marketplace direct,Self sign-up,Small,2.0,3,16.0,2,0,0.0334
S01199,Toys,Peru,Falabella Retail,Referral,Micro,9.0,3,21.0,5,0,0.0334
S01415,Hardware,Peru,Sodimac,Self sign-up,Micro,6.0,3,17.0,3,0,0.0334
S16475,Toys,Chile,Marketplace direct,Self sign-up,Micro,2.0,1,8.0,1,0,0.0333
S02862,Home,Colombia,Falabella Retail,Sales rep,Micro,4.0,0,13.0,0,0,0.0333
S01189,Sports,Colombia,Falabella Retail,Self sign-up,Micro,2.0,2,10.0,2,0,0.0333
S17713,Beauty,Peru,Falabella Retail,Self sign-up,Micro,3.0,2,14.0,3,0,0.0333
S10232,Home,Chile,Marketplace direct,Referral,Small,5.0,0,17.0,2,0,0.0333
S17376,Food,Chile,Marketplace direct,Self sign-up,Micro,6.0,1,11.0,2,0,0.0333
S18385,Home,Chile,Falabella Retail,Self sign-up,Micro,3.0,3,15.0,2,0,0.0333
S18824,Home,Chile,Falabella Retail,Event,Micro,3.0,2,14.0,0,0,0.0332
S08857,Food,Chile,Tottus,Referral,Small,0.0,0,8.0,2,0,0.0332
S03044,Toys,Peru,Sodimac,Sales rep,Small,1.0,1,14.0,2,0,0.0332
S03189,Home,Colombia,Tottus,Referral,Small,1.0,0,10.0,0,0,0.0332
S17327,Fashion,Peru,Marketplace direct,Event,Small,7.0,1,18.0,2,0,0.0332
S01366,Home,Chile,Tottus,Self sign-up,Micro,13.0,0,9.0,1,1,0.0332
S14001,Toys,Colombia,Sodimac,Sales rep,Small,4.0,2,16.0,0,0,0.0332
S06934,Sports,Chile,Falabella Retail,Self sign-up,Micro,5.0,5,17.0,1,0,0.0332
S04612,Sports,Chile,Falabella Retail,Sales rep,Micro,4.0,1,17.0,3,0,0.0331
S09633,Home,Peru,Sodimac,Self sign-up,Small,15.0,0,19.0,4,0,0.0331
S17495,Home,Colombia,Marketplace direct,Self sign-up,Small,5.0,4,17.0,1,0,0.0331
S09080,Fashion,Peru,Tottus,Self sign-up,Small,10.0,3,22.0,5,0,0.0331
S10672,Home,Colombia,Marketplace direct,Sales rep,Medium,7.0,2,23.0,3,0,0.033
S16645,Fashion,Chile,Tottus,Self sign-up,Small,2.0,3,15.0,1,0,0.033
S18648,Electronics,Chile,Marketplace direct,Sales rep,Micro,7.0,2,21.0,2,0,0.033
S13777,Hardware,Peru,Sodimac,Referral,Small,3.0,1,16.0,1,0,0.033
S19338,Hardware,Chile,Falabella Retail,Self sign-up,Micro,0.0,2,7.0,0,0,0.033
S10938,Fashion,Peru,Tottus,Sales rep,Micro,11.0,1,22.0,5,0,0.033
S16904,Home,Chile,Falabella Retail,Self sign-up,Micro,6.0,1,13.0,2,1,0.0329
S16805,Hardware,Chile,Marketplace direct,Sales rep,Small,7.0,0,18.0,1,0,0.0329
S09204,Electronics,Colombia,Marketplace direct,Sales rep,Small,9.0,0,18.0,0,0,0.0329
S00008,Electronics,Colombia,Tottus,Sales rep,Micro,0.0,1,11.0,2,0,0.0329
S07680,Food,Chile,Falabella Retail,Self sign-up,Small,3.0,1,10.0,0,0,0.0329
S14483,Home,Colombia,Falabella Retail,Event,Micro,7.0,5,19.0,0,0,0.0329
S11086,Toys,Chile,Falabella Retail,Self sign-up,Small,0.0,2,9.0,2,0,0.0328
S02540,Fashion,Chile,Marketplace direct,Self sign-up,Medium,0.0,5,16.0,1,0,0.0328
S05343,Beauty,Chile,Tottus,Self sign-up,Micro,0.0,0,5.0,1,0,0.0328
S01027,Fashion,Peru,Falabella Retail,Self sign-up,Small,2.0,5,17.0,0,0,0.0328
S05878,Toys,Peru,Tottus,Event,Micro,1.0,1,7.0,0,0,0.0328
S06779,Toys,Chile,Falabella Retail,Referral,Small,1.0,0,11.0,1,0,0.0328
S11549,Sports,Chile,Marketplace direct,Referral,Small,0.0,4,16.0,3,0,0.0328
S01158,Fashion,Colombia,Tottus,Self sign-up,Micro,6.0,5,18.0,2,0,0.0327
S18022,Home,Peru,Falabella Retail,Referral,Small,2.0,3,17.0,0,0,0.0327
S10219,Sports,Chile,Marketplace direct,Self sign-up,Micro,4.0,4,17.0,0,1,0.0327
S17767,Beauty,Peru,Tottus,Sales rep,Micro,14.0,1,21.0,1,1,0.0327
S15704,Sports,Colombia,Falabella Retail,Event,Micro,2.0,1,14.0,6,0,0.0327
S19633,Home,Chile,Sodimac,Self sign-up,Micro,5.0,3,16.0,1,0,0.0327
S02929,Sports,Peru,Tottus,Referral,Medium,0.0,1,12.0,2,0,0.0327
S08407,Toys,Colombia,Sodimac,Self sign-up,Micro,0.0,1,3.0,0,0,0.0327
S08364,Beauty,Colombia,Marketplace direct,Event,Small,2.0,2,15.0,2,0,0.0327
S03944,Home,Peru,Tottus,Self sign-up,Micro,4.0,1,11.0,1,0,0.0327
S07324,Toys,Colombia,Falabella Retail,Self sign-up,Micro,3.0,3,10.0,0,0,0.0327
S12434,Toys,Colombia,Tottus,Event,Medium,3.0,0,15.0,5,0,0.0327
S05847,Home,Colombia,Falabella Retail,Self sign-up,Small,3.0,4,17.0,2,0,0.0327
S19187,Toys,Chile,Marketplace direct,Sales rep,Micro,9.0,0,16.0,2,0,0.0327
S05132,Home,Chile,Tottus,Event,Small,0.0,0,8.0,0,0,0.0327
S02300,Food,Colombia,Falabella Retail,Self sign-up,Micro,15.0,2,20.0,9,0,0.0327
S00131,Food,Peru,Marketplace direct,Self sign-up,Micro,2.0,1,6.0,0,0,0.0326
S16987,Fashion,Colombia,Sodimac,Self sign-up,Small,5.0,1,16.0,3,0,0.0326
S16370,Fashion,Chile,Sodimac,Self sign-up,Micro,5.0,1,13.0,0,0,0.0326
S11158,Home,Chile,Falabella Retail,Self sign-up,Micro,8.0,0,13.0,1,0,0.0326
S13885,Beauty,Colombia,Marketplace direct,Self sign-up,Small,10.0,0,18.0,6,0,0.0326
S05062,Home,Chile,Sodimac,Self sign-up,Micro,7.0,2,18.0,0,1,0.0326
S05275,Toys,Peru,Sodimac,Self sign-up,Micro,16.0,5,22.0,4,0,0.0326
S17672,Fashion,Chile,Tottus,Event,Small,1.0,1,13.0,1,0,0.0326
S09160,Home,Chile,Falabella Retail,Self sign-up,Micro,2.0,2,12.0,1,0,0.0326
S19211,Home,Chile,Falabella Retail,Self sign-up,Micro,2.0,2,12.0,1,0,0.0326
S10628,Hardware,Chile,Sodimac,Referral,Small,5.0,0,15.0,0,1,0.0325
S17444,Hardware,Peru,Falabella Retail,Self sign-up,Micro,5.0,5,22.0,2,1,0.0325
S14424,Home,Chile,Marketplace direct,Self sign-up,Small,0.0,2,9.0,0,0,0.0325
S01400,Fashion,Peru,Tottus,Event,Medium,9.0,0,19.0,2,0,0.0325
S18134,Food,Chile,Falabella Retail,Self sign-up,Medium,4.0,1,15.0,3,0,0.0325
S11518,Home,Peru,Sodimac,Referral,Small,11.0,2,24.0,4,0,0.0324
S07448,Fashion,Chile,Marketplace direct,Event,Micro,0.0,4,13.0,1,0,0.0324
S17618,Food,Peru,Marketplace direct,Self sign-up,Micro,0.0,0,1.0,0,0,0.0324
S16597,Home,Colombia,Marketplace direct,Self sign-up,Micro,2.0,4,12.0,0,0,0.0324
S10261,Food,Chile,Marketplace direct,Sales rep,Micro,2.0,2,14.0,2,0,0.0324
S03510,Food,Colombia,Sodimac,Referral,Small,9.0,0,18.0,5,0,0.0324
S12813,Home,Chile,Marketplace direct,Self sign-up,Micro,8.0,2,17.0,3,1,0.0324
S10000,Toys,Chile,Marketplace direct,Self sign-up,Small,2.0,0,8.0,0,0,0.0323
S08081,Sports,Peru,Tottus,Self sign-up,Micro,4.0,1,9.0,0,0,0.0323
S05047,Hardware,Chile,Falabella Retail,Referral,Small,4.0,0,15.0,0,0,0.0323
S15835,Toys,Chile,Falabella Retail,Referral,Micro,8.0,0,15.0,2,0,0.0323
S10101,Toys,Peru,Sodimac,Event,Micro,1.0,1,9.0,1,0,0.0322
S06931,Toys,Peru,Sodimac,Event,Micro,1.0,1,9.0,1,0,0.0322
S11212,Home,Colombia,Marketplace direct,Self sign-up,Medium,0.0,1,8.0,0,0,0.0322
S19301,Food,Colombia,Marketplace direct,Event,Small,0.0,0,5.0,1,0,0.0322
S04407,Fashion,Chile,Tottus,Self sign-up,Micro,5.0,1,12.0,0,0,0.0322
S11124,Food,Peru,Tottus,Event,Micro,26.0,1,25.0,12,0,0.0322
S01776,Toys,Chile,Marketplace direct,Referral,Micro,3.0,0,11.0,1,0,0.0322
S03709,Toys,Peru,Marketplace direct,Self sign-up,Micro,15.0,5,17.0,1,1,0.0321
S13746,Hardware,Colombia,Tottus,Sales rep,Micro,2.0,0,12.0,2,0,0.0321
S09420,Electronics,Chile,Sodimac,Self sign-up,Small,7.0,5,22.0,0,0,0.0321
S14161,Sports,Colombia,Falabella Retail,Self sign-up,Micro,3.0,2,12.0,3,0,0.0321
S00864,Electronics,Chile,Marketplace direct,Sales rep,Small,6.0,0,20.0,2,0,0.0321
S08799,Fashion,Colombia,Sodimac,Self sign-up,Micro,1.0,4,12.0,0,0,0.0321
S06419,Sports,Chile,Falabella Retail,Self sign-up,Medium,1.0,1,11.0,0,0,0.0321
S00117,Toys,Chile,Tottus,Event,Micro,26.0,0,21.0,7,1,0.0321
S14110,Food,Chile,Falabella Retail,Self sign-up,Small,4.0,0,12.0,3,0,0.0321
S05453,Home,Chile,Falabella Retail,Self sign-up,Medium,4.0,0,14.0,0,0,0.0321
S13593,Electronics,Chile,Falabella Retail,Self sign-up,Small,1.0,5,17.0,0,0,0.032
S07445,Sports,Colombia,Falabella Retail,Sales rep,Small,12.0,4,25.0,3,0,0.032
S16937,Beauty,Colombia,Falabella Retail,Referral,Small,6.0,2,18.0,0,0,0.032
S12636,Electronics,Colombia,Tottus,Sales rep,Micro,0.0,0,9.0,1,0,0.032
S07100,Home,Chile,Falabella Retail,Event,Small,7.0,1,19.0,0,1,0.032
S03542,Hardware,Colombia,Marketplace direct,Self sign-up,Medium,2.0,0,10.0,0,0,0.032
S12846,Fashion,Chile,Sodimac,Self sign-up,Micro,8.0,3,18.0,1,0,0.0319
S13429,Food,Chile,Tottus,Self sign-up,Micro,15.0,3,15.0,3,1,0.0319
S14148,Sports,Chile,Falabella Retail,Self sign-up,Micro,1.0,0,6.0,0,0,0.0319
S17937,Sports,Chile,Falabella Retail,Event,Micro,1.0,3,12.0,0,0,0.0319
S00037,Fashion,Chile,Sodimac,Self sign-up,Micro,4.0,0,12.0,1,0,0.0319
S04623,Hardware,Peru,Sodimac,Self sign-up,Small,9.0,3,18.0,0,0,0.0319
S00807,Home,Colombia,Sodimac,Sales rep,Micro,7.0,1,19.0,3,0,0.0319
S07673,Fashion,Peru,Marketplace direct,Self sign-up,Small,2.0,0,10.0,0,0,0.0318
S07219,Home,Peru,Sodimac,Event,Micro,6.0,0,14.0,1,0,0.0318
S07845,Home,Colombia,Falabella Retail,Sales rep,Micro,4.0,5,20.0,0,0,0.0318
S05539,Electronics,Colombia,Falabella Retail,Referral,Small,4.0,3,20.0,1,0,0.0318
S06758,Fashion,Colombia,Falabella Retail,Self sign-up,Micro,3.0,2,13.0,2,0,0.0317
S00398,Fashion,Chile,Marketplace direct,Sales rep,Small,2.0,0,15.0,0,0,0.0317
S09290,Fashion,Chile,Falabella Retail,Event,Medium,2.0,4,21.0,1,0,0.0317
S17515,Home,Peru,Marketplace direct,Self sign-up,Micro,7.0,2,16.0,3,0,0.0317
S04872,Sports,Peru,Tottus,Event,Micro,3.0,4,16.0,2,0,0.0317
S04713,Hardware,Colombia,Marketplace direct,Self sign-up,Micro,1.0,0,5.0,0,0,0.0316
S03682,Fashion,Peru,Falabella Retail,Self sign-up,Micro,3.0,2,13.0,1,0,0.0316
S02465,Toys,Colombia,Marketplace direct,Sales rep,Medium,4.0,2,18.0,1,0,0.0316
S12391,Beauty,Peru,Falabella Retail,Referral,Micro,3.0,3,18.0,2,0,0.0316
S06718,Sports,Colombia,Marketplace direct,Sales rep,Micro,0.0,0,7.0,1,0,0.0316
S02464,Home,Chile,Marketplace direct,Self sign-up,Small,7.0,2,19.0,0,1,0.0316
S08677,Sports,Chile,Falabella Retail,Self sign-up,Micro,7.0,0,14.0,4,0,0.0316
S17206,Hardware,Colombia,Sodimac,Self sign-up,Micro,3.0,4,16.0,3,0,0.0315
S00011,Food,Colombia,Sodimac,Sales rep,Small,3.0,0,13.0,1,0,0.0315
S02308,Beauty,Colombia,Falabella Retail,Event,Small,2.0,0,13.0,2,0,0.0315
S08419,Electronics,Chile,Sodimac,Referral,Micro,3.0,2,18.0,2,1,0.0315
S10793,Food,Chile,Marketplace direct,Self sign-up,Micro,5.0,5,17.0,3,0,0.0315
S13141,Electronics,Peru,Marketplace direct,Self sign-up,Micro,1.0,2,10.0,0,0,0.0315
S02281,Home,Colombia,Tottus,Event,Small,10.0,2,20.0,3,0,0.0315
S00260,Electronics,Colombia,Marketplace direct,Self sign-up,Micro,1.0,3,13.0,3,0,0.0315
S16303,Fashion,Peru,Falabella Retail,Referral,Micro,15.0,4,26.0,4,0,0.0315
S02346,Hardware,Peru,Sodimac,Self sign-up,Micro,1.0,1,8.0,0,0,0.0315
S16743,Sports,Peru,Sodimac,Self sign-up,Medium,3.0,1,14.0,1,0,0.0315
S14067,Toys,Peru,Falabella Retail,Event,Micro,3.0,3,13.0,0,0,0.0314
S06933,Sports,Chile,Marketplace direct,Self sign-up,Micro,1.0,4,11.0,0,0,0.0314
S11175,Fashion,Chile,Falabella Retail,Self sign-up,Micro,1.0,1,10.0,1,0,0.0314
S07352,Food,Chile,Sodimac,Sales rep,Micro,0.0,0,7.0,0,0,0.0314
S17647,Home,Colombia,Sodimac,Self sign-up,Micro,4.0,0,11.0,2,0,0.0314
S17041,Hardware,Chile,Sodimac,Self sign-up,Micro,5.0,0,11.0,0,0,0.0314
S16860,Hardware,Chile,Sodimac,Self sign-up,Medium,1.0,0,11.0,0,0,0.0314
S02727,Electronics,Colombia,Falabella Retail,Event,Micro,7.0,0,13.0,2,1,0.0314
S05827,Home,Peru,Falabella Retail,Self sign-up,Micro,9.0,3,17.0,1,0,0.0313
S14147,Food,Colombia,Marketplace direct,Self sign-up,Micro,7.0,2,15.0,6,0,0.0313
S01473,Fashion,Chile,Tottus,Self sign-up,Micro,2.0,2,12.0,1,0,0.0313
S14040,Beauty,Chile,Tottus,Sales rep,Micro,3.0,2,17.0,1,0,0.0312
S00874,Toys,Peru,Sodimac,Sales rep,Micro,4.0,2,16.0,1,0,0.0312
S10494,Hardware,Chile,Falabella Retail,Self sign-up,Small,9.0,0,16.0,2,0,0.0312
S17546,Home,Colombia,Marketplace direct,Self sign-up,Micro,0.0,3,8.0,1,0,0.0312
S01474,Beauty,Peru,Falabella Retail,Sales rep,Micro,2.0,4,18.0,0,0,0.0312
S07129,Home,Chile,Sodimac,Self sign-up,Medium,8.0,2,20.0,1,0,0.0312
S15123,Hardware,Chile,Sodimac,Self sign-up,Micro,0.0,0,5.0,0,0,0.0312
S02280,Fashion,Colombia,Tottus,Event,Micro,11.0,4,24.0,6,0,0.0312
S01755,Beauty,Colombia,Marketplace direct,Self sign-up,Small,1.0,4,13.0,0,0,0.0312
S05037,Home,Colombia,Marketplace direct,Self sign-up,Micro,1.0,2,9.0,1,0,0.0312
S10790,Food,Colombia,Sodimac,Self sign-up,Micro,6.0,4,14.0,1,0,0.0312
S15331,Sports,Colombia,Tottus,Self sign-up,Micro,10.0,2,13.0,1,1,0.0311
S07172,Toys,Colombia,Sodimac,Self sign-up,Micro,2.0,1,7.0,0,0,0.0311
S11019,Sports,Chile,Falabella Retail,Sales rep,Small,5.0,0,17.0,1,0,0.0311
S02843,Home,Peru,Tottus,Sales rep,Micro,4.0,2,17.0,1,0,0.0311
S06953,Sports,Chile,Marketplace direct,Self sign-up,Small,3.0,0,10.0,0,0,0.0311
S13853,Fashion,Chile,Marketplace direct,Self sign-up,Micro,4.0,3,17.0,3,0,0.0311
S00029,Sports,Chile,Tottus,Self sign-up,Medium,3.0,5,19.0,1,0,0.0311
S03803,Home,Peru,Marketplace direct,Event,Micro,2.0,1,11.0,0,0,0.031
S01168,Hardware,Colombia,Tottus,Event,Micro,1.0,5,16.0,3,0,0.031
S10153,Fashion,Peru,Tottus,Self sign-up,Micro,7.0,1,15.0,2,1,0.031
S12047,Fashion,Chile,Sodimac,Self sign-up,Micro,4.0,0,13.0,2,0,0.0309
S12075,Food,Chile,Falabella Retail,Self sign-up,Small,3.0,1,12.0,2,0,0.0309
S14954,Toys,Chile,Sodimac,Event,Micro,4.0,4,17.0,1,0,0.0309
S08952,Home,Chile,Falabella Retail,Self sign-up,Micro,12.0,4,21.0,3,1,0.0309
S06108,Fashion,Peru,Sodimac,Self sign-up,Micro,7.0,3,18.0,2,0,0.0308
S10375,Toys,Chile,Sodimac,Self sign-up,Micro,16.0,3,17.0,0,0,0.0308
S19725,Beauty,Chile,Falabella Retail,Self sign-up,Micro,5.0,2,14.0,0,0,0.0308
S13028,Home,Colombia,Tottus,Event,Micro,4.0,0,12.0,2,0,0.0308
S08464,Sports,Chile,Sodimac,Sales rep,Micro,4.0,0,14.0,0,0,0.0308
S08916,Beauty,Chile,Marketplace direct,Self sign-up,Micro,3.0,2,13.0,1,0,0.0308
S00356,Toys,Chile,Sodimac,Self sign-up,Micro,2.0,3,12.0,1,0,0.0307
S18863,Hardware,Chile,Marketplace direct,Self sign-up,Micro,2.0,3,12.0,0,0,0.0307
S12059,Fashion,Chile,Sodimac,Self sign-up,Micro,0.0,4,13.0,2,0,0.0307
S13287,Food,Colombia,Falabella Retail,Self sign-up,Small,5.0,0,9.0,0,0,0.0307
S10795,Beauty,Peru,Marketplace direct,Event,Micro,0.0,0,7.0,1,0,0.0307
S19708,Home,Chile,Falabella Retail,Self sign-up,Medium,1.0,0,12.0,1,0,0.0307
S15299,Food,Colombia,Falabella Retail,Self sign-up,Micro,0.0,0,1.0,0,0,0.0307
S18550,Sports,Chile,Sodimac,Referral,Micro,21.0,0,26.0,10,0,0.0307
S00019,Sports,Peru,Sodimac,Sales rep,Small,2.0,1,15.0,0,0,0.0307
S10111,Home,Colombia,Falabella Retail,Referral,Small,3.0,0,16.0,3,0,0.0306
S01818,Fashion,Chile,Marketplace direct,Self sign-up,Small,3.0,1,14.0,1,0,0.0306
S14191,Hardware,Colombia,Tottus,Referral,Micro,6.0,3,18.0,2,0,0.0305
S03934,Fashion,Chile,Falabella Retail,Self sign-up,Small,3.0,2,15.0,0,0,0.0305
S17049,Electronics,Chile,Falabella Retail,Self sign-up,Micro,2.0,3,14.0,0,0,0.0305
S03601,Electronics,Peru,Falabella Retail,Sales rep,Micro,6.0,0,19.0,3,0,0.0305
S11898,Fashion,Colombia,Marketplace direct,Referral,Micro,1.0,5,16.0,0,0,0.0305
S11082,Home,Colombia,Falabella Retail,Self sign-up,Small,16.0,5,22.0,0,0,0.0305
S09907,Toys,Chile,Falabella Retail,Sales rep,Small,13.0,0,20.0,2,0,0.0304
S07888,Sports,Chile,Falabella Retail,Self sign-up,Micro,1.0,5,13.0,0,0,0.0304
S04127,Fashion,Chile,Tottus,Sales rep,Micro,1.0,1,13.0,0,0,0.0304
S14134,Toys,Peru,Tottus,Self sign-up,Micro,3.0,4,14.0,0,1,0.0304
S14114,Fashion,Colombia,Sodimac,Self sign-up,Medium,1.0,1,12.0,0,0,0.0304
S00822,Home,Peru,Falabella Retail,Self sign-up,Medium,5.0,2,17.0,0,0,0.0304
S16901,Electronics,Chile,Sodimac,Self sign-up,Small,8.0,1,19.0,2,0,0.0304
S07921,Fashion,Colombia,Sodimac,Self sign-up,Small,0.0,4,12.0,0,0,0.0303
S08938,Fashion,Chile,Marketplace direct,Self sign-up,Small,4.0,5,21.0,2,0,0.0303
S09572,Fashion,Chile,Falabella Retail,Sales rep,Micro,4.0,2,19.0,1,0,0.0303
S10337,Food,Colombia,Marketplace direct,Event,Medium,5.0,2,15.0,0,0,0.0303
S10701,Fashion,Peru,Falabella Retail,Self sign-up,Micro,4.0,3,17.0,3,0,0.0303
S18584,Fashion,Colombia,Sodimac,Self sign-up,Small,1.0,3,13.0,0,0,0.0302
S16484,Food,Colombia,Sodimac,Sales rep,Micro,3.0,5,18.0,1,0,0.0302
S08494,Beauty,Chile,Marketplace direct,Referral,Medium,2.0,2,19.0,1,0,0.0302
S14112,Fashion,Chile,Marketplace direct,Event,Micro,3.0,0,16.0,5,0,0.0302
S01369,Fashion,Colombia,Marketplace direct,Self sign-up,Micro,2.0,0,10.0,3,0,0.0302
S10503,Sports,Chile,Marketplace direct,Self sign-up,Small,8.0,3,15.0,0,1,0.0302
S09605,Food,Peru,Sodimac,Event,Small,10.0,5,21.0,0,0,0.0301
S01466,Fashion,Colombia,Sodimac,Event,Small,6.0,0,16.0,1,0,0.0301
S03854,Beauty,Chile,Marketplace direct,Sales rep,Micro,7.0,2,19.0,0,0,0.0301
S08788,Home,Chile,Marketplace direct,Referral,Small,4.0,0,17.0,2,0,0.0301
S05890,Food,Colombia,Marketplace direct,Self sign-up,Small,6.0,0,10.0,1,0,0.03
S07745,Beauty,Chile,Falabella Retail,Self sign-up,Micro,8.0,1,15.0,1,0,0.03
S19945,Sports,Chile,Tottus,Self sign-up,Micro,0.0,2,6.0,0,0,0.03
S09341,Electronics,Colombia,Falabella Retail,Referral,Micro,2.0,4,18.0,1,0,0.03
S06831,Sports,Peru,Marketplace direct,Event,Micro,6.0,5,19.0,1,0,0.03
S12752,Beauty,Chile,Sodimac,Self sign-up,Micro,5.0,1,14.0,1,0,0.03
S06130,Home,Chile,Marketplace direct,Referral,Small,0.0,3,14.0,0,0,0.03
S17511,Home,Chile,Marketplace direct,Sales rep,Micro,1.0,3,18.0,3,0,0.0299
S01180,Toys,Peru,Falabella Retail,Sales rep,Micro,2.0,2,15.0,2,0,0.0299
S11604,Home,Chile,Falabella Retail,Event,Micro,2.0,3,15.0,0,0,0.0299
S11369,Hardware,Chile,Marketplace direct,Event,Micro,13.0,5,22.0,0,0,0.0299
S00148,Fashion,Chile,Sodimac,Referral,Micro,0.0,2,12.0,0,0,0.0299
S09733,Home,Colombia,Marketplace direct,Self sign-up,Micro,8.0,4,17.0,1,0,0.0299
S05006,Toys,Chile,Tottus,Self sign-up,Small,3.0,0,10.0,1,0,0.0299
S07830,Food,Colombia,Marketplace direct,Self sign-up,Micro,1.0,1,6.0,2,0,0.0299
S06894,Electronics,Colombia,Marketplace direct,Self sign-up,Micro,1.0,5,16.0,3,0,0.0299
S15335,Electronics,Colombia,Sodimac,Self sign-up,Micro,1.0,1,9.0,0,0,0.0299
S17422,Home,Chile,Falabella Retail,Sales rep,Medium,11.0,0,25.0,4,0,0.0299
S05908,Home,Chile,Falabella Retail,Self sign-up,Micro,2.0,1,12.0,2,0,0.0298
S02968,Beauty,Chile,Tottus,Self sign-up,Micro,7.0,1,13.0,1,1,0.0298
S12344,Hardware,Chile,Tottus,Sales rep,Micro,0.0,0,11.0,3,0,0.0298
S10259,Food,Colombia,Marketplace direct,Sales rep,Micro,16.0,1,14.0,0,1,0.0298
S04292,Electronics,Chile,Marketplace direct,Self sign-up,Micro,4.0,0,13.0,2,0,0.0298
S16364,Home,Colombia,Sodimac,Self sign-up,Small,4.0,1,13.0,0,0,0.0298
S08124,Food,Chile,Marketplace direct,Self sign-up,Micro,5.0,4,16.0,3,0,0.0298
S03582,Fashion,Chile,Sodimac,Self sign-up,Micro,0.0,0,7.0,1,0,0.0298
S17982,Food,Peru,Tottus,Referral,Micro,16.0,2,16.0,2,1,0.0298
S00215,Toys,Chile,Sodimac,Self sign-up,Small,8.0,1,16.0,2,0,0.0297
S14012,Toys,Peru,Sodimac,Sales rep,Small,3.0,1,17.0,2,0,0.0297
S14485,Sports,Chile,Falabella Retail,Referral,Medium,21.0,4,30.0,4,0,0.0297
S00592,Home,Peru,Tottus,Event,Medium,1.0,0,12.0,0,0,0.0297
S17911,Toys,Peru,Falabella Retail,Self sign-up,Small,7.0,1,13.0,0,0,0.0297
S09822,Beauty,Colombia,Sodimac,Self sign-up,Medium,8.0,2,22.0,2,1,0.0297
S09277,Electronics,Chile,Marketplace direct,Self sign-up,Micro,4.0,1,16.0,4,0,0.0297
S03221,Hardware,Colombia,Marketplace direct,Sales rep,Micro,8.0,4,21.0,1,0,0.0296
S05232,Fashion,Peru,Tottus,Event,Micro,1.0,4,15.0,1,0,0.0296
S00018,Hardware,Peru,Sodimac,Sales rep,Micro,3.0,3,19.0,1,1,0.0296
S09437,Toys,Peru,Marketplace direct,Self sign-up,Medium,2.0,4,15.0,0,0,0.0296
S02908,Food,Chile,Falabella Retail,Self sign-up,Micro,5.0,2,13.0,2,0,0.0296
S02383,Electronics,Peru,Sodimac,Self sign-up,Micro,0.0,0,7.0,1,0,0.0296
S02561,Sports,Chile,Falabella Retail,Self sign-up,Micro,8.0,3,18.0,3,0,0.0296
S04763,Fashion,Colombia,Falabella Retail,Self sign-up,Small,8.0,4,20.0,1,0,0.0296
S00696,Toys,Chile,Falabella Retail,Self sign-up,Micro,5.0,0,11.0,2,0,0.0296
S01498,Fashion,Peru,Tottus,Self sign-up,Micro,3.0,0,10.0,1,0,0.0296
S18517,Food,Chile,Falabella Retail,Self sign-up,Micro,0.0,1,4.0,0,0,0.0295
S01969,Fashion,Chile,Falabella Retail,Event,Small,6.0,0,18.0,2,0,0.0295
S12108,Home,Peru,Falabella Retail,Self sign-up,Micro,4.0,4,18.0,3,0,0.0295
S19985,Fashion,Colombia,Sodimac,Sales rep,Medium,1.0,0,16.0,1,0,0.0295
S13432,Fashion,Peru,Falabella Retail,Self sign-up,Micro,5.0,0,17.0,7,0,0.0295
S19063,Food,Chile,Falabella Retail,Self sign-up,Small,2.0,3,14.0,2,0,0.0295
S17269,Toys,Chile,Sodimac,Sales rep,Small,1.0,0,14.0,2,0,0.0295
S02961,Food,Chile,Tottus,Self sign-up,Micro,2.0,5,14.0,2,0,0.0295
S09835,Electronics,Chile,Tottus,Self sign-up,Micro,2.0,5,19.0,0,1,0.0295
S18797,Fashion,Colombia,Marketplace direct,Self sign-up,Micro,19.0,1,16.0,1,1,0.0295
S04828,Toys,Chile,Sodimac,Self sign-up,Micro,9.0,3,19.0,0,1,0.0294
S14857,Home,Chile,Sodimac,Self sign-up,Small,15.0,0,25.0,5,1,0.0294
S10124,Home,Colombia,Falabella Retail,Self sign-up,Micro,14.0,0,18.0,6,0,0.0294
S14328,Food,Colombia,Marketplace direct,Self sign-up,Micro,4.0,1,10.0,3,0,0.0294
S18122,Fashion,Peru,Sodimac,Self sign-up,Small,12.0,1,17.0,0,1,0.0294
S11272,Food,Colombia,Sodimac,Event,Micro,4.0,0,9.0,0,0,0.0294
S10095,Sports,Colombia,Falabella Retail,Self sign-up,Micro,4.0,3,13.0,1,0,0.0294
S13067,Hardware,Chile,Tottus,Self sign-up,Micro,10.0,0,14.0,2,0,0.0293
S07213,Beauty,Peru,Tottus,Event,Micro,4.0,4,17.0,0,0,0.0293
S13988,Hardware,Chile,Sodimac,Sales rep,Micro,4.0,3,20.0,1,0,0.0293
S09647,Fashion,Peru,Tottus,Self sign-up,Small,9.0,1,12.0,0,1,0.0293
S08371,Beauty,Peru,Sodimac,Self sign-up,Micro,5.0,0,15.0,1,1,0.0293
S06375,Home,Chile,Marketplace direct,Self sign-up,Micro,2.0,0,13.0,1,1,0.0292
S18527,Home,Chile,Sodimac,Self sign-up,Micro,3.0,5,18.0,1,0,0.0292
S16044,Hardware,Colombia,Marketplace direct,Self sign-up,Small,8.0,3,19.0,3,0,0.0292
S16934,Sports,Colombia,Tottus,Self sign-up,Small,6.0,1,16.0,5,0,0.0292
S04024,Hardware,Chile,Marketplace direct,Self sign-up,Micro,10.0,5,21.0,2,0,0.0292
S16086,Home,Chile,Falabella Retail,Referral,Micro,2.0,2,15.0,0,0,0.0292
S04248,Home,Peru,Falabella Retail,Self sign-up,Micro,7.0,0,20.0,10,0,0.0292
S05420,Fashion,Chile,Marketplace direct,Self sign-up,Medium,1.0,2,16.0,0,1,0.0292
S18361,Beauty,Chile,Falabella Retail,Event,Micro,2.0,5,18.0,0,0,0.0292
S15688,Home,Chile,Sodimac,Sales rep,Micro,3.0,5,24.0,3,0,0.0292
S10533,Toys,Peru,Falabella Retail,Self sign-up,Micro,4.0,1,12.0,3,0,0.0292
S17923,Fashion,Chile,Falabella Retail,Self sign-up,Micro,4.0,0,13.0,2,0,0.0292
S11170,Electronics,Peru,Sodimac,Sales rep,Medium,10.0,1,27.0,4,0,0.0292
S01734,Hardware,Colombia,Falabella Retail,Self sign-up,Micro,6.0,0,11.0,1,0,0.0291
S04770,Sports,Colombia,Sodimac,Self sign-up,Micro,2.0,1,9.0,1,0,0.0291
S13175,Electronics,Chile,Tottus,Self sign-up,Micro,3.0,2,14.0,1,0,0.0291
S00718,Sports,Colombia,Falabella Retail,Self sign-up,Micro,5.0,0,6.0,1,1,0.0291
S11292,Home,Chile,Tottus,Self sign-up,Micro,2.0,5,16.0,1,0,0.029
S06538,Fashion,Peru,Falabella Retail,Event,Micro,2.0,1,14.0,2,0,0.029
S11826,Fashion,Chile,Falabella Retail,Self sign-up,Micro,21.0,1,21.0,4,0,0.029
S15763,Beauty,Chile,Sodimac,Referral,Small,5.0,4,25.0,3,0,0.029
S11340,Sports,Peru,Falabella Retail,Self sign-up,Micro,2.0,2,10.0,0,0,0.029
S06239,Beauty,Peru,Marketplace direct,Self sign-up,Small,9.0,5,21.0,0,0,0.029
S17858,Electronics,Colombia,Sodimac,Self sign-up,Small,2.0,0,12.0,1,0,0.029
S16989,Toys,Colombia,Falabella Retail,Self sign-up,Micro,1.0,0,6.0,2,0,0.029
S11151,Electronics,Chile,Tottus,Self sign-up,Small,6.0,1,19.0,4,0,0.0289
S12780,Electronics,Peru,Marketplace direct,Self sign-up,Micro,12.0,0,16.0,3,1,0.0289
S16445,Sports,Peru,Marketplace direct,Sales rep,Small,2.0,0,14.0,1,0,0.0289
S09279,Food,Peru,Falabella Retail,Self sign-up,Small,6.0,2,15.0,2,0,0.0289
S03029,Fashion,Chile,Falabella Retail,Self sign-up,Micro,0.0,0,6.0,0,0,0.0289
S02282,Home,Peru,Sodimac,Self sign-up,Small,1.0,0,12.0,3,0,0.0289
S11754,Sports,Chile,Falabella Retail,Self sign-up,Micro,10.0,3,18.0,2,0,0.0289
S15602,Sports,Peru,Falabella Retail,Self sign-up,Micro,1.0,3,10.0,0,0,0.0289
S08472,Fashion,Colombia,Tottus,Self sign-up,Small,10.0,4,25.0,7,0,0.0289
S19647,Home,Colombia,Sodimac,Self sign-up,Micro,6.0,0,11.0,0,0,0.0289
S03497,Toys,Chile,Falabella Retail,Self sign-up,Micro,2.0,0,8.0,1,0,0.0288
S11385,Home,Peru,Tottus,Self sign-up,Micro,0.0,0,5.0,1,0,0.0288
S05626,Toys,Chile,Marketplace direct,Event,Micro,5.0,1,14.0,2,0,0.0288
S09667,Food,Peru,Falabella Retail,Self sign-up,Micro,0.0,0,3.0,1,0,0.0288
S02734,Home,Colombia,Sodimac,Self sign-up,Medium,1.0,2,14.0,1,0,0.0288
S12965,Toys,Chile,Falabella Retail,Self sign-up,Small,1.0,4,14.0,1,0,0.0288
S10044,Home,Chile,Sodimac,Self sign-up,Micro,8.0,4,23.0,1,1,0.0287
S18789,Hardware,Chile,Marketplace direct,Event,Micro,3.0,2,14.0,0,0,0.0287
S01987,Sports,Chile,Sodimac,Self sign-up,Micro,0.0,1,6.0,0,0,0.0287
S15648,Beauty,Colombia,Marketplace direct,Sales rep,Micro,5.0,1,18.0,3,0,0.0287
S14704,Home,Colombia,Marketplace direct,Referral,Micro,5.0,2,18.0,3,0,0.0287
S14480,Toys,Chile,Falabella Retail,Self sign-up,Small,11.0,2,19.0,3,0,0.0287
S00986,Fashion,Peru,Marketplace direct,Self sign-up,Micro,2.0,1,10.0,0,0,0.0287
S15631,Beauty,Colombia,Falabella Retail,Self sign-up,Micro,2.0,0,8.0,0,0,0.0286
S10532,Fashion,Colombia,Sodimac,Self sign-up,Micro,5.0,1,14.0,2,0,0.0286
S09606,Fashion,Chile,Marketplace direct,Self sign-up,Medium,1.0,4,17.0,0,0,0.0286
S00166,Hardware,Chile,Falabella Retail,Self sign-up,Small,5.0,0,14.0,1,0,0.0286
S17994,Electronics,Peru,Tottus,Sales rep,Micro,13.0,0,21.0,3,0,0.0286
S05930,Food,Chile,Falabella Retail,Referral,Small,0.0,0,8.0,0,0,0.0286
S02680,Hardware,Peru,Tottus,Event,Medium,1.0,1,14.0,1,0,0.0285
S04211,Fashion,Colombia,Sodimac,Event,Medium,7.0,2,22.0,2,0,0.0285
S08373,Fashion,Peru,Falabella Retail,Referral,Micro,8.0,1,19.0,2,0,0.0285
S06200,Fashion,Colombia,Tottus,Self sign-up,Small,8.0,2,16.0,0,0,0.0285
S02700,Sports,Chile,Sodimac,Self sign-up,Micro,11.0,1,15.0,1,1,0.0284
S13093,Toys,Colombia,Sodimac,Self sign-up,Micro,0.0,2,6.0,1,0,0.0284
S09809,Toys,Colombia,Sodimac,Referral,Micro,14.0,2,24.0,8,0,0.0284
S08780,Beauty,Chile,Tottus,Self sign-up,Micro,4.0,5,18.0,1,0,0.0284
S12519,Home,Colombia,Tottus,Referral,Small,8.0,0,16.0,0,0,0.0284
S11056,Home,Chile,Falabella Retail,Self sign-up,Small,5.0,4,19.0,0,0,0.0284
S03924,Home,Chile,Marketplace direct,Event,Micro,8.0,3,21.0,3,0,0.0284
S08816,Hardware,Chile,Sodimac,Self sign-up,Micro,11.0,2,14.0,0,1,0.0284
S08983,Hardware,Peru,Marketplace direct,Self sign-up,Micro,2.0,5,17.0,3,0,0.0283
S00973,Food,Chile,Tottus,Event,Small,11.0,2,18.0,1,0,0.0283
S12949,Hardware,Colombia,Sodimac,Sales rep,Micro,3.0,0,14.0,1,0,0.0283
S16191,Electronics,Peru,Falabella Retail,Referral,Micro,2.0,3,17.0,0,0,0.0282
S06706,Home,Chile,Marketplace direct,Self sign-up,Small,2.0,1,13.0,0,1,0.0282
S07027,Home,Chile,Sodimac,Event,Micro,3.0,1,14.0,0,0,0.0282
S18384,Beauty,Chile,Marketplace direct,Self sign-up,Micro,3.0,1,13.0,2,0,0.0282
S15280,Hardware,Chile,Sodimac,Self sign-up,Micro,2.0,2,12.0,0,0,0.0282
S09360,Home,Peru,Tottus,Event,Small,10.0,3,22.0,2,0,0.0282
S01317,Electronics,Chile,Falabella Retail,Self sign-up,Micro,12.0,1,20.0,4,0,0.0282
S19164,Sports,Peru,Sodimac,Self sign-up,Small,8.0,3,20.0,3,0,0.0281
S06652,Sports,Colombia,Falabella Retail,Self sign-up,Small,4.0,1,15.0,4,0,0.0281
S13055,Home,Chile,Marketplace direct,Self sign-up,Micro,4.0,4,16.0,0,0,0.0281
S19184,Hardware,Chile,Falabella Retail,Self sign-up,Micro,2.0,3,13.0,0,0,0.0281
S09905,Sports,Chile,Marketplace direct,Referral,Micro,5.0,3,18.0,1,0,0.0281
S05253,Hardware,Chile,Sodimac,Sales rep,Small,2.0,1,17.0,0,0,0.0281
S06656,Beauty,Colombia,Sodimac,Self sign-up,Micro,5.0,4,17.0,1,0,0.0281
S16963,Hardware,Colombia,Falabella Retail,Self sign-up,Micro,7.0,2,16.0,3,0,0.028
S02133,Food,Chile,Falabella Retail,Self sign-up,Micro,1.0,2,8.0,0,0,0.028
S17531,Toys,Chile,Falabella Retail,Self sign-up,Micro,1.0,0,6.0,0,0,0.028
S14895,Hardware,Peru,Marketplace direct,Event,Small,5.0,0,15.0,1,0,0.028
S09515,Food,Colombia,Falabella Retail,Sales rep,Medium,11.0,3,22.0,0,0,0.028
S09956,Toys,Chile,Falabella Retail,Referral,Small,7.0,4,22.0,1,0,0.0279
S13647,Toys,Peru,Marketplace direct,Self sign-up,Micro,10.0,5,19.0,2,0,0.0279
S19479,Fashion,Chile,Tottus,Self sign-up,Micro,12.0,1,22.0,8,0,0.0279
S16739,Hardware,Colombia,Falabella Retail,Sales rep,Micro,4.0,1,15.0,0,0,0.0279
S01222,Hardware,Chile,Sodimac,Self sign-up,Medium,11.0,0,21.0,4,0,0.0279
S15150,Electronics,Chile,Marketplace direct,Self sign-up,Small,11.0,2,21.0,2,0,0.0279
S16373,Sports,Chile,Marketplace direct,Sales rep,Small,5.0,0,18.0,2,0,0.0279
S14430,Home,Peru,Falabella Retail,Event,Micro,9.0,2,20.0,0,1,0.0279
S10313,Food,Peru,Falabella Retail,Self sign-up,Small,3.0,1,12.0,2,0,0.0279
S18604,Fashion,Colombia,Tottus,Self sign-up,Small,14.0,4,22.0,0,1,0.0279
S02804,Electronics,Chile,Marketplace direct,Self sign-up,Small,1.0,1,12.0,0,0,0.0279
S13941,Fashion,Chile,Marketplace direct,Sales rep,Micro,6.0,1,18.0,0,0,0.0279
S09764,Fashion,Peru,Falabella Retail,Self sign-up,Small,4.0,4,20.0,2,0,0.0278
S16703,Sports,Peru,Marketplace direct,Self sign-up,Micro,14.0,1,13.0,3,1,0.0278
S05969,Hardware,Colombia,Sodimac,Self sign-up,Micro,9.0,5,22.0,4,0,0.0278
S17888,Hardware,Colombia,Sodimac,Self sign-up,Micro,10.0,3,18.0,2,0,0.0278
S15806,Hardware,Chile,Marketplace direct,Self sign-up,Micro,1.0,1,11.0,3,0,0.0278
S16658,Sports,Chile,Sodimac,Event,Micro,2.0,3,17.0,3,0,0.0278
S19639,Sports,Peru,Falabella Retail,Event,Micro,7.0,1,15.0,1,0,0.0278
S05167,Toys,Peru,Falabella Retail,Self sign-up,Micro,7.0,5,15.0,1,1,0.0278
S13849,Home,Chile,Sodimac,Self sign-up,Small,9.0,1,18.0,1,0,0.0277
S00415,Home,Peru,Sodimac,Self sign-up,Micro,3.0,3,15.0,1,0,0.0277
S01683,Home,Colombia,Falabella Retail,Event,Micro,0.0,2,9.0,0,0,0.0277
S10578,Home,Chile,Marketplace direct,Referral,Micro,8.0,2,21.0,3,0,0.0277
S08256,Toys,Colombia,Marketplace direct,Self sign-up,Micro,0.0,1,4.0,1,0,0.0277
S02484,Hardware,Peru,Tottus,Event,Micro,5.0,1,15.0,2,0,0.0277
S17520,Fashion,Chile,Tottus,Self sign-up,Micro,12.0,0,15.0,1,0,0.0276
S15244,Hardware,Peru,Sodimac,Self sign-up,Micro,6.0,1,13.0,0,0,0.0276
S19917,Food,Colombia,Falabella Retail,Sales rep,Small,5.0,4,21.0,2,0,0.0276
S09265,Toys,Colombia,Marketplace direct,Self sign-up,Micro,2.0,0,8.0,3,0,0.0276
S18714,Beauty,Colombia,Marketplace direct,Sales rep,Micro,9.0,3,21.0,1,0,0.0276
S04525,Beauty,Chile,Falabella Retail,Self sign-up,Micro,1.0,5,15.0,0,0,0.0276
S19617,Fashion,Colombia,Falabella Retail,Self sign-up,Small,3.0,2,15.0,1,0,0.0276
S09652,Home,Colombia,Marketplace direct,Self sign-up,Micro,9.0,5,20.0,2,0,0.0276
S19747,Fashion,Colombia,Sodimac,Self sign-up,Micro,13.0,2,16.0,1,1,0.0276
S05920,Fashion,Peru,Falabella Retail,Self sign-up,Small,1.0,3,14.0,0,0,0.0276
S02514,Home,Chile,Marketplace direct,Self sign-up,Micro,3.0,0,10.0,0,0,0.0276
S10574,Hardware,Chile,Marketplace direct,Self sign-up,Medium,6.0,4,23.0,3,0,0.0275
S10580,Toys,Peru,Falabella Retail,Self sign-up,Medium,3.0,2,15.0,1,0,0.0275
S08530,Sports,Colombia,Marketplace direct,Self sign-up,Small,2.0,3,14.0,2,0,0.0275
S17605,Fashion,Chile,Marketplace direct,Sales rep,Micro,7.0,0,18.0,1,0,0.0275
S17533,Home,Peru,Falabella Retail,Self sign-up,Small,2.0,2,16.0,3,0,0.0275
S03978,Fashion,Chile,Sodimac,Self sign-up,Micro,11.0,1,18.0,2,0,0.0275
S09518,Home,Chile,Sodimac,Self sign-up,Micro,3.0,1,13.0,1,0,0.0275
S15034,Hardware,Colombia,Marketplace direct,Self sign-up,Micro,3.0,0,9.0,1,0,0.0275
S04782,Food,Chile,Falabella Retail,Sales rep,Micro,11.0,4,22.0,1,0,0.0275
S18104,Home,Colombia,Sodimac,Self sign-up,Medium,11.0,4,23.0,1,0,0.0275
S12838,Fashion,Chile,Sodimac,Self sign-up,Micro,1.0,0,9.0,0,0,0.0275
S11119,Sports,Peru,Sodimac,Self sign-up,Small,2.0,3,14.0,0,0,0.0275
S02012,Electronics,Peru,Sodimac,Sales rep,Micro,5.0,1,20.0,2,0,0.0274
S19222,Fashion,Chile,Falabella Retail,Referral,Micro,2.0,0,14.0,1,0,0.0274
S07994,Electronics,Colombia,Marketplace direct,Self sign-up,Micro,0.0,1,8.0,2,0,0.0274
S10223,Sports,Peru,Falabella Retail,Self sign-up,Micro,3.0,4,14.0,0,0,0.0274
S04378,Hardware,Chile,Marketplace direct,Self sign-up,Micro,8.0,0,14.0,2,0,0.0274
S09634,Sports,Chile,Marketplace direct,Event,Micro,0.0,0,11.0,6,0,0.0274
S05809,Toys,Peru,Tottus,Self sign-up,Micro,6.0,0,9.0,0,0,0.0273
S16953,Hardware,Chile,Tottus,Self sign-up,Small,10.0,2,24.0,8,0,0.0273
S15407,Home,Colombia,Falabella Retail,Self sign-up,Micro,20.0,2,19.0,2,0,0.0273
S14413,Toys,Colombia,Falabella Retail,Self sign-up,Micro,10.0,0,17.0,8,0,0.0273
S03273,Sports,Colombia,Marketplace direct,Referral,Small,5.0,3,22.0,5,0,0.0273
S13766,Sports,Chile,Marketplace direct,Self sign-up,Micro,19.0,4,18.0,0,1,0.0273
S12596,Food,Chile,Marketplace direct,Event,Small,2.0,2,13.0,0,0,0.0273
S07458,Electronics,Peru,Falabella Retail,Self sign-up,Micro,1.0,1,10.0,0,0,0.0272
S16839,Hardware,Chile,Marketplace direct,Sales rep,Micro,3.0,5,24.0,4,0,0.0272
S02641,Toys,Chile,Falabella Retail,Referral,Micro,3.0,1,13.0,0,0,0.0272
S12135,Beauty,Peru,Sodimac,Self sign-up,Micro,4.0,0,12.0,1,0,0.0272
S08902,Toys,Peru,Falabella Retail,Sales rep,Medium,4.0,2,21.0,2,0,0.0272
S11113,Fashion,Peru,Sodimac,Self sign-up,Micro,4.0,3,18.0,3,0,0.0272
S18319,Electronics,Colombia,Falabella Retail,Event,Small,16.0,1,22.0,2,0,0.0272
S19574,Hardware,Chile,Sodimac,Event,Micro,0.0,4,14.0,1,0,0.0272
S09761,Electronics,Chile,Falabella Retail,Self sign-up,Micro,10.0,2,21.0,4,0,0.0271
S10786,Toys,Chile,Falabella Retail,Self sign-up,Micro,1.0,0,7.0,1,0,0.0271
S08152,Beauty,Colombia,Falabella Retail,Self sign-up,Micro,5.0,1,12.0,0,0,0.0271
S12028,Fashion,Chile,Falabella Retail,Self sign-up,Small,6.0,0,19.0,5,0,0.0271
S08324,Hardware,Peru,Sodimac,Self sign-up,Medium,10.0,4,24.0,2,0,0.0271
S09364,Toys,Peru,Falabella Retail,Sales rep,Micro,2.0,5,18.0,0,0,0.0271
S07446,Sports,Chile,Falabella Retail,Self sign-up,Small,1.0,3,13.0,0,0,0.027
S14320,Beauty,Chile,Tottus,Self sign-up,Small,1.0,1,11.0,0,0,0.027
S15998,Toys,Colombia,Sodimac,Referral,Micro,3.0,4,16.0,0,0,0.027
S13233,Sports,Chile,Marketplace direct,Referral,Small,8.0,0,20.0,4,0,0.027
S13764,Sports,Colombia,Marketplace direct,Sales rep,Micro,5.0,3,18.0,1,0,0.027
S10279,Food,Chile,Marketplace direct,Self sign-up,Medium,10.0,4,21.0,0,1,0.027
S15912,Home,Chile,Sodimac,Self sign-up,Small,4.0,2,18.0,2,0,0.027
S10656,Sports,Colombia,Sodimac,Referral,Micro,2.0,5,18.0,1,0,0.027
S00116,Toys,Chile,Falabella Retail,Self sign-up,Small,11.0,3,17.0,0,1,0.027
S06134,Home,Chile,Marketplace direct,Event,Micro,5.0,5,21.0,1,0,0.027
S18350,Fashion,Peru,Falabella Retail,Self sign-up,Micro,8.0,1,16.0,0,1,0.0269
S09730,Home,Peru,Marketplace direct,Self sign-up,Micro,7.0,1,14.0,1,0,0.0269
S12281,Food,Colombia,Sodimac,Self sign-up,Micro,2.0,1,8.0,1,0,0.0269
S10694,Toys,Chile,Sodimac,Self sign-up,Small,7.0,2,20.0,5,0,0.0269
S05939,Hardware,Chile,Tottus,Sales rep,Small,2.0,1,17.0,1,0,0.0269
S19533,Toys,Colombia,Sodimac,Self sign-up,Micro,3.0,2,11.0,1,0,0.0269
S17868,Sports,Chile,Falabella Retail,Referral,Small,5.0,0,17.0,0,1,0.0268
S03159,Home,Chile,Falabella Retail,Self sign-up,Small,4.0,0,15.0,2,0,0.0268
S10451,Hardware,Chile,Sodimac,Event,Small,4.0,5,22.0,0,0,0.0268
S03161,Food,Chile,Falabella Retail,Self sign-up,Micro,9.0,0,11.0,0,0,0.0268
S02572,Toys,Chile,Marketplace direct,Self sign-up,Micro,11.0,5,21.0,3,0,0.0267
S11760,Fashion,Peru,Falabella Retail,Self sign-up,Micro,7.0,1,15.0,1,0,0.0267
S02664,Fashion,Chile,Marketplace direct,Referral,Micro,3.0,5,23.0,3,0,0.0267
S00478,Sports,Chile,Falabella Retail,Referral,Micro,4.0,2,16.0,0,0,0.0267
S04165,Home,Chile,Tottus,Self sign-up,Micro,14.0,5,26.0,6,0,0.0267
S18979,Sports,Peru,Marketplace direct,Self sign-up,Small,2.0,2,12.0,0,0,0.0267
S11129,Hardware,Peru,Falabella Retail,Self sign-up,Micro,2.0,1,10.0,0,0,0.0267
S16282,Home,Chile,Falabella Retail,Self sign-up,Small,5.0,0,14.0,0,0,0.0267
S18748,Electronics,Colombia,Tottus,Referral,Micro,8.0,2,19.0,1,0,0.0266
S18696,Home,Chile,Marketplace direct,Self sign-up,Micro,7.0,0,15.0,3,0,0.0266
S16885,Home,Colombia,Tottus,Event,Micro,1.0,0,9.0,1,0,0.0265
S09428,Sports,Colombia,Tottus,Self sign-up,Micro,5.0,1,10.0,0,0,0.0265
S10001,Toys,Chile,Sodimac,Self sign-up,Micro,1.0,2,11.0,2,0,0.0265
S07803,Fashion,Chile,Tottus,Self sign-up,Micro,3.0,5,18.0,1,0,0.0265
S11696,Toys,Chile,Marketplace direct,Self sign-up,Micro,12.0,5,20.0,0,1,0.0265
S08246,Electronics,Colombia,Falabella Retail,Self sign-up,Micro,14.0,4,21.0,1,0,0.0265
S16098,Fashion,Chile,Tottus,Referral,Micro,6.0,3,22.0,3,0,0.0265
S09339,Home,Chile,Falabella Retail,Self sign-up,Small,6.0,1,20.0,5,0,0.0265
S00269,Electronics,Chile,Marketplace direct,Sales rep,Small,6.0,0,22.0,3,0,0.0264
S07403,Beauty,Peru,Sodimac,Sales rep,Micro,14.0,2,27.0,6,0,0.0264
S06985,Sports,Chile,Sodimac,Self sign-up,Micro,1.0,2,11.0,1,0,0.0264
S02683,Beauty,Chile,Tottus,Referral,Micro,0.0,1,10.0,0,0,0.0264
S06432,Electronics,Chile,Sodimac,Self sign-up,Micro,7.0,2,18.0,1,0,0.0264
S03251,Beauty,Colombia,Marketplace direct,Sales rep,Small,0.0,1,12.0,0,0,0.0264
S03644,Electronics,Chile,Sodimac,Event,Small,6.0,0,18.0,0,0,0.0263
S13667,Food,Peru,Sodimac,Self sign-up,Small,12.0,2,18.0,2,0,0.0263
S04628,Home,Peru,Sodimac,Self sign-up,Micro,2.0,2,13.0,1,0,0.0263
S09223,Sports,Colombia,Marketplace direct,Self sign-up,Medium,8.0,1,17.0,2,0,0.0263
S18164,Home,Peru,Falabella Retail,Self sign-up,Micro,9.0,1,17.0,3,0,0.0263
S07271,Food,Chile,Marketplace direct,Self sign-up,Small,10.0,1,12.0,0,1,0.0263
S14945,Fashion,Peru,Marketplace direct,Self sign-up,Micro,10.0,0,16.0,3,0,0.0263
S07252,Hardware,Peru,Marketplace direct,Sales rep,Micro,5.0,3,19.0,0,0,0.0263
S03778,Toys,Chile,Tottus,Self sign-up,Small,13.0,3,19.0,0,1,0.0262
S07802,Fashion,Chile,Marketplace direct,Self sign-up,Micro,14.0,1,16.0,0,1,0.0262
S09243,Home,Chile,Falabella Retail,Referral,Small,4.0,1,18.0,0,0,0.0262
S08274,Home,Peru,Falabella Retail,Self sign-up,Micro,16.0,5,25.0,4,0,0.0262
S18445,Electronics,Chile,Sodimac,Event,Micro,5.0,0,18.0,3,0,0.0262
S10154,Fashion,Chile,Sodimac,Self sign-up,Micro,2.0,1,12.0,0,0,0.0261
S05161,Food,Colombia,Sodimac,Self sign-up,Small,14.0,4,18.0,1,1,0.0261
S15851,Home,Peru,Marketplace direct,Self sign-up,Small,0.0,0,7.0,0,0,0.0261
S16115,Fashion,Colombia,Marketplace direct,Event,Micro,1.0,1,12.0,2,0,0.0261
S03028,Beauty,Peru,Falabella Retail,Event,Micro,5.0,1,15.0,0,0,0.0261
S17476,Toys,Colombia,Marketplace direct,Event,Micro,2.0,2,13.0,3,0,0.0261
S03705,Electronics,Colombia,Sodimac,Self sign-up,Micro,2.0,1,12.0,1,0,0.0261
S14687,Beauty,Chile,Sodimac,Self sign-up,Micro,5.0,2,17.0,2,0,0.0261
S17539,Toys,Chile,Sodimac,Sales rep,Micro,3.0,5,21.0,1,0,0.0261
S02656,Fashion,Chile,Sodimac,Self sign-up,Small,12.0,2,26.0,7,0,0.026
S13894,Home,Peru,Marketplace direct,Event,Small,3.0,1,15.0,0,0,0.026
S15663,Sports,Peru,Falabella Retail,Self sign-up,Micro,4.0,2,14.0,2,0,0.026
S07786,Sports,Peru,Sodimac,Self sign-up,Micro,2.0,2,11.0,0,0,0.026
S02795,Beauty,Chile,Tottus,Sales rep,Micro,2.0,4,19.0,0,0,0.026
S13716,Sports,Colombia,Tottus,Referral,Micro,8.0,1,22.0,9,0,0.026
S01063,Sports,Peru,Falabella Retail,Event,Small,1.0,0,13.0,3,0,0.026
S17267,Home,Chile,Falabella Retail,Self sign-up,Micro,11.0,3,21.0,3,0,0.026
S01073,Food,Colombia,Tottus,Self sign-up,Micro,31.0,1,15.0,2,1,0.026
S02647,Hardware,Chile,Tottus,Self sign-up,Small,0.0,0,7.0,0,0,0.026
S00251,Hardware,Colombia,Tottus,Sales rep,Micro,4.0,0,15.0,2,0,0.026
S05124,Beauty,Colombia,Sodimac,Self sign-up,Micro,4.0,1,12.0,0,0,0.026
S07806,Toys,Peru,Marketplace direct,Self sign-up,Small,3.0,1,11.0,0,0,0.026
S17840,Electronics,Peru,Sodimac,Sales rep,Small,6.0,1,22.0,1,0,0.026
S05591,Hardware,Peru,Falabella Retail,Self sign-up,Medium,11.0,0,18.0,1,0,0.026
S11112,Electronics,Colombia,Sodimac,Self sign-up,Small,2.0,1,14.0,1,0,0.026
S15218,Electronics,Chile,Falabella Retail,Self sign-up,Micro,4.0,1,14.0,0,0,0.026
S03517,Home,Chile,Falabella Retail,Self sign-up,Micro,1.0,2,12.0,1,0,0.026
S13953,Hardware,Colombia,Falabella Retail,Self sign-up,Small,5.0,3,18.0,2,0,0.0259
S18809,Beauty,Colombia,Falabella Retail,Self sign-up,Small,7.0,0,15.0,0,1,0.0259
S09663,Hardware,Chile,Marketplace direct,Self sign-up,Small,2.0,3,15.0,0,0,0.0259
S14578,Electronics,Chile,Falabella Retail,Self sign-up,Micro,5.0,5,20.0,0,0,0.0259
S06336,Fashion,Colombia,Tottus,Self sign-up,Small,13.0,0,17.0,2,0,0.0259
S13963,Fashion,Peru,Marketplace direct,Referral,Micro,13.0,3,29.0,9,0,0.0259
S04989,Electronics,Chile,Marketplace direct,Self sign-up,Small,4.0,0,15.0,1,0,0.0259
S12911,Home,Peru,Falabella Retail,Self sign-up,Micro,6.0,1,16.0,3,1,0.0259
S14843,Sports,Chile,Tottus,Self sign-up,Micro,0.0,1,8.0,3,0,0.0259
S10115,Fashion,Chile,Marketplace direct,Sales rep,Micro,4.0,3,20.0,0,0,0.0259
S07982,Food,Peru,Tottus,Sales rep,Micro,2.0,3,15.0,1,0,0.0259
S10590,Electronics,Colombia,Falabella Retail,Self sign-up,Micro,0.0,1,8.0,1,0,0.0259
S05759,Electronics,Colombia,Sodimac,Sales rep,Medium,4.0,1,21.0,0,0,0.0259
S00105,Toys,Peru,Falabella Retail,Self sign-up,Micro,3.0,0,9.0,1,0,0.0258
S03100,Food,Chile,Sodimac,Self sign-up,Micro,1.0,3,11.0,1,0,0.0258
S11509,Home,Chile,Falabella Retail,Self sign-up,Micro,3.0,2,16.0,3,0,0.0258
S03866,Beauty,Peru,Marketplace direct,Sales rep,Micro,8.0,0,17.0,0,0,0.0258
S04833,Toys,Chile,Sodimac,Self sign-up,Small,2.0,0,11.0,1,0,0.0258
S03824,Toys,Colombia,Falabella Retail,Referral,Micro,12.0,4,23.0,2,1,0.0258
S10257,Fashion,Chile,Tottus,Self sign-up,Micro,8.0,0,15.0,2,0,0.0258
S14120,Fashion,Chile,Tottus,Self sign-up,Micro,8.0,0,15.0,2,0,0.0258
S00160,Electronics,Chile,Marketplace direct,Event,Small,4.0,0,17.0,1,0,0.0258
S13958,Toys,Peru,Tottus,Self sign-up,Micro,9.0,1,16.0,5,0,0.0257
S00920,Electronics,Peru,Falabella Retail,Sales rep,Micro,7.0,1,21.0,2,0,0.0257
S13523,Home,Colombia,Sodimac,Self sign-up,Small,5.0,3,18.0,1,0,0.0257
S16343,Electronics,Peru,Falabella Retail,Event,Medium,1.0,2,19.0,2,0,0.0257
S02313,Home,Colombia,Marketplace direct,Event,Micro,12.0,1,22.0,7,0,0.0257
S16872,Fashion,Peru,Tottus,Self sign-up,Micro,13.0,3,24.0,7,0,0.0257
S05598,Beauty,Peru,Marketplace direct,Self sign-up,Small,2.0,3,15.0,0,0,0.0256
S03211,Sports,Peru,Marketplace direct,Self sign-up,Small,4.0,5,18.0,0,0,0.0256
S05916,Hardware,Peru,Falabella Retail,Self sign-up,Medium,8.0,1,25.0,9,0,0.0256
S18876,Electronics,Peru,Sodimac,Self sign-up,Micro,4.0,5,20.0,1,0,0.0256
S19801,Beauty,Colombia,Sodimac,Self sign-up,Micro,19.0,2,23.0,6,0,0.0256
S16699,Food,Peru,Falabella Retail,Self sign-up,Small,4.0,5,17.0,0,0,0.0256
S11109,Fashion,Chile,Falabella Retail,Self sign-up,Micro,4.0,3,17.0,1,0,0.0256
S04844,Fashion,Colombia,Tottus,Self sign-up,Micro,2.0,5,15.0,0,0,0.0256
S12092,Home,Colombia,Falabella Retail,Self sign-up,Small,2.0,2,14.0,1,0,0.0256
S02264,Beauty,Peru,Falabella Retail,Sales rep,Small,6.0,1,20.0,0,0,0.0256
S10477,Fashion,Chile,Sodimac,Self sign-up,Micro,2.0,4,19.0,0,1,0.0255
S08200,Electronics,Chile,Sodimac,Sales rep,Small,6.0,1,26.0,5,0,0.0255
S11105,Home,Chile,Sodimac,Self sign-up,Micro,5.0,5,21.0,2,0,0.0255
S04579,Electronics,Colombia,Sodimac,Self sign-up,Micro,13.0,3,20.0,1,0,0.0255
S00279,Hardware,Colombia,Tottus,Sales rep,Micro,9.0,4,22.0,1,0,0.0255
S13215,Home,Peru,Falabella Retail,Self sign-up,Small,2.0,2,14.0,0,0,0.0255
S17576,Hardware,Colombia,Sodimac,Self sign-up,Micro,2.0,2,12.0,1,0,0.0255
S11187,Fashion,Peru,Marketplace direct,Self sign-up,Micro,6.0,0,16.0,2,1,0.0255
S18594,Electronics,Chile,Marketplace direct,Self sign-up,Micro,1.0,4,13.0,0,1,0.0254
S02545,Fashion,Peru,Falabella Retail,Self sign-up,Micro,3.0,4,17.0,1,0,0.0254
S00802,Hardware,Colombia,Marketplace direct,Self sign-up,Micro,3.0,5,17.0,2,0,0.0254
S00674,Beauty,Peru,Falabella Retail,Event,Micro,3.0,4,21.0,0,1,0.0254
S16034,Home,Peru,Tottus,Self sign-up,Micro,13.0,4,24.0,2,1,0.0254
S02670,Sports,Chile,Tottus,Self sign-up,Micro,5.0,2,19.0,3,1,0.0254
S03743,Beauty,Chile,Falabella Retail,Sales rep,Small,6.0,3,25.0,2,0,0.0254
S17842,Toys,Peru,Tottus,Self sign-up,Micro,7.0,0,14.0,5,0,0.0253
S19446,Home,Chile,Falabella Retail,Self sign-up,Micro,4.0,0,15.0,4,0,0.0253
S01284,Food,Colombia,Marketplace direct,Event,Small,1.0,3,12.0,0,0,0.0253
S12933,Toys,Colombia,Falabella Retail,Referral,Small,13.0,4,22.0,0,1,0.0253
S09130,Electronics,Peru,Tottus,Referral,Small,0.0,0,12.0,1,0,0.0253
S19665,Home,Chile,Falabella Retail,Self sign-up,Small,1.0,4,16.0,0,0,0.0253
S07594,Sports,Colombia,Marketplace direct,Event,Micro,5.0,4,19.0,3,0,0.0253
S04692,Toys,Chile,Falabella Retail,Self sign-up,Micro,5.0,2,13.0,0,0,0.0252
S04397,Toys,Chile,Falabella Retail,Self sign-up,Small,6.0,4,19.0,1,0,0.0252
S11177,Sports,Colombia,Falabella Retail,Referral,Medium,2.0,1,18.0,3,0,0.0252
S18572,Fashion,Colombia,Sodimac,Self sign-up,Micro,5.0,2,13.0,1,1,0.0252
S05008,Sports,Peru,Marketplace direct,Self sign-up,Micro,1.0,2,9.0,0,0,0.0252
S13435,Fashion,Peru,Tottus,Referral,Small,6.0,3,22.0,1,0,0.0252
S07886,Home,Peru,Sodimac,Self sign-up,Small,16.0,1,23.0,5,0,0.0252
S12842,Food,Peru,Falabella Retail,Self sign-up,Micro,2.0,2,11.0,2,0,0.0252
S12291,Toys,Chile,Sodimac,Sales rep,Micro,1.0,1,17.0,1,1,0.0252
S05607,Beauty,Colombia,Falabella Retail,Self sign-up,Small,0.0,2,13.0,4,0,0.0252
S06407,Home,Peru,Sodimac,Referral,Small,5.0,2,19.0,0,1,0.0252
S05928,Hardware,Chile,Marketplace direct,Self sign-up,Micro,5.0,2,15.0,1,0,0.0252
S00728,Fashion,Colombia,Falabella Retail,Self sign-up,Micro,9.0,3,18.0,1,0,0.0252
S16345,Electronics,Chile,Sodimac,Referral,Micro,8.0,3,24.0,2,0,0.0252
S05501,Fashion,Colombia,Marketplace direct,Self sign-up,Micro,8.0,3,18.0,2,0,0.0252
S10027,Home,Peru,Marketplace direct,Self sign-up,Micro,8.0,5,21.0,2,0,0.0252
S00536,Beauty,Peru,Tottus,Sales rep,Small,2.0,0,16.0,1,0,0.0251
S08449,Hardware,Peru,Sodimac,Self sign-up,Small,13.0,4,26.0,5,0,0.0251
S04453,Sports,Chile,Marketplace direct,Sales rep,Micro,7.0,4,23.0,2,0,0.0251
S08435,Toys,Peru,Tottus,Sales rep,Micro,2.0,1,14.0,2,0,0.0251
S04205,Toys,Colombia,Tottus,Self sign-up,Micro,7.0,4,17.0,3,0,0.0251
S14757,Hardware,Chile,Falabella Retail,Event,Micro,8.0,3,21.0,2,0,0.025
S06906,Toys,Colombia,Tottus,Self sign-up,Micro,0.0,0,3.0,1,0,0.025
S01862,Food,Chile,Sodimac,Self sign-up,Micro,3.0,2,13.0,2,0,0.025
S05229,Home,Chile,Falabella Retail,Self sign-up,Micro,7.0,1,18.0,4,0,0.025
S02119,Home,Peru,Marketplace direct,Sales rep,Micro,12.0,0,24.0,7,0,0.025
S10188,Home,Peru,Falabella Retail,Self sign-up,Micro,13.0,5,23.0,2,0,0.025
S06386,Home,Peru,Falabella Retail,Sales rep,Medium,6.0,0,22.0,2,0,0.025
S06528,Beauty,Peru,Falabella Retail,Event,Micro,4.0,2,16.0,0,0,0.0249
S09129,Sports,Chile,Marketplace direct,Event,Small,6.0,4,23.0,3,0,0.0249
S17282,Food,Chile,Marketplace direct,Self sign-up,Micro,2.0,0,11.0,5,0,0.0249
S18498,Hardware,Chile,Falabella Retail,Self sign-up,Medium,12.0,3,24.0,2,0,0.0249
S15926,Hardware,Chile,Falabella Retail,Sales rep,Small,3.0,0,17.0,0,0,0.0249
S19748,Home,Colombia,Falabella Retail,Self sign-up,Micro,3.0,1,11.0,0,0,0.0249
S00649,Electronics,Chile,Sodimac,Referral,Small,3.0,1,19.0,0,0,0.0249
S03007,Electronics,Chile,Marketplace direct,Self sign-up,Micro,2.0,0,14.0,4,0,0.0249
S12375,Home,Chile,Falabella Retail,Self sign-up,Micro,6.0,3,17.0,0,0,0.0249
S01528,Electronics,Colombia,Marketplace direct,Sales rep,Micro,2.0,1,15.0,0,0,0.0248
S07054,Electronics,Chile,Falabella Retail,Self sign-up,Micro,1.0,1,12.0,1,0,0.0248
S09424,Beauty,Colombia,Marketplace direct,Referral,Micro,2.0,0,14.0,3,0,0.0248
S05401,Home,Colombia,Sodimac,Event,Micro,5.0,0,15.0,2,0,0.0248
S13457,Hardware,Chile,Falabella Retail,Self sign-up,Small,13.0,2,19.0,0,1,0.0248
S13855,Beauty,Chile,Falabella Retail,Self sign-up,Micro,6.0,3,18.0,1,0,0.0248
S00664,Fashion,Colombia,Marketplace direct,Referral,Micro,1.0,0,12.0,0,1,0.0247
S08969,Beauty,Chile,Sodimac,Self sign-up,Medium,7.0,1,19.0,0,0,0.0247
S04366,Fashion,Chile,Sodimac,Self sign-up,Micro,1.0,4,15.0,0,0,0.0247
S14200,Beauty,Chile,Falabella Retail,Self sign-up,Small,2.0,5,19.0,0,0,0.0247
S08051,Toys,Chile,Sodimac,Self sign-up,Micro,2.0,5,16.0,1,0,0.0247
S10827,Beauty,Colombia,Tottus,Referral,Micro,5.0,1,15.0,0,0,0.0247
S04025,Food,Chile,Falabella Retail,Self sign-up,Micro,6.0,5,17.0,0,0,0.0247
S19053,Sports,Peru,Falabella Retail,Event,Micro,7.0,0,16.0,3,0,0.0247
S07048,Beauty,Colombia,Sodimac,Self sign-up,Micro,7.0,4,17.0,0,1,0.0247
S01933,Hardware,Chile,Tottus,Self sign-up,Micro,5.0,0,13.0,2,0,0.0247
S11032,Food,Colombia,Tottus,Self sign-up,Micro,9.0,1,5.0,0,1,0.0247
S00851,Home,Colombia,Marketplace direct,Self sign-up,Micro,2.0,5,15.0,0,0,0.0246
S06810,Home,Peru,Tottus,Self sign-up,Micro,4.0,0,13.0,3,0,0.0246
S00126,Home,Chile,Sodimac,Event,Micro,6.0,4,24.0,4,0,0.0246
S12394,Electronics,Colombia,Falabella Retail,Sales rep,Micro,11.0,2,24.0,3,0,0.0246
S02710,Food,Peru,Sodimac,Self sign-up,Micro,0.0,2,7.0,1,0,0.0245
S18229,Toys,Chile,Marketplace direct,Self sign-up,Small,2.0,1,11.0,0,0,0.0245
S15943,Sports,Peru,Marketplace direct,Event,Micro,12.0,1,21.0,6,0,0.0245
S08409,Sports,Colombia,Marketplace direct,Self sign-up,Medium,11.0,3,25.0,5,1,0.0245
S08422,Sports,Chile,Marketplace direct,Referral,Micro,6.0,2,18.0,1,0,0.0245
S19448,Food,Peru,Sodimac,Sales rep,Medium,7.0,1,20.0,0,1,0.0245
S15185,Fashion,Colombia,Marketplace direct,Referral,Micro,8.0,1,17.0,0,0,0.0245
S11200,Toys,Colombia,Sodimac,Self sign-up,Small,7.0,0,14.0,2,0,0.0245
S11349,Food,Chile,Marketplace direct,Self sign-up,Small,9.0,2,19.0,4,0,0.0245
S11240,Hardware,Colombia,Tottus,Sales rep,Small,0.0,5,17.0,0,0,0.0245
S14786,Hardware,Peru,Sodimac,Self sign-up,Small,5.0,1,16.0,1,0,0.0245
S18477,Beauty,Chile,Sodimac,Self sign-up,Small,7.0,0,16.0,0,0,0.0245
S07809,Electronics,Chile,Marketplace direct,Self sign-up,Small,6.0,1,17.0,0,0,0.0244
S15400,Home,Peru,Tottus,Referral,Micro,3.0,0,13.0,0,0,0.0244
S13628,Hardware,Chile,Sodimac,Event,Medium,3.0,4,23.0,1,0,0.0244
S03072,Hardware,Chile,Falabella Retail,Self sign-up,Medium,11.0,0,19.0,1,0,0.0244
S11188,Home,Peru,Marketplace direct,Referral,Micro,6.0,3,20.0,1,0,0.0244
S09735,Beauty,Chile,Tottus,Self sign-up,Small,6.0,2,18.0,1,0,0.0244
S09732,Food,Chile,Marketplace direct,Referral,Small,2.0,0,13.0,1,0,0.0244
S07942,Sports,Chile,Falabella Retail,Self sign-up,Micro,6.0,1,14.0,1,0,0.0244
S14007,Food,Chile,Sodimac,Self sign-up,Micro,3.0,1,11.0,1,0,0.0243
S08491,Food,Chile,Tottus,Sales rep,Micro,9.0,5,26.0,5,0,0.0243
S02210,Food,Chile,Tottus,Event,Small,4.0,5,20.0,1,0,0.0243
S16568,Hardware,Chile,Marketplace direct,Self sign-up,Small,7.0,1,16.0,0,0,0.0243
S13344,Electronics,Colombia,Marketplace direct,Self sign-up,Small,11.0,4,28.0,8,0,0.0243
S02567,Electronics,Chile,Sodimac,Event,Micro,5.0,0,16.0,0,0,0.0243
S06038,Home,Chile,Marketplace direct,Self sign-up,Small,9.0,1,18.0,1,0,0.0242
S14077,Fashion,Chile,Falabella Retail,Sales rep,Micro,4.0,1,19.0,1,0,0.0242
S09144,Electronics,Peru,Marketplace direct,Sales rep,Micro,10.0,4,26.0,2,0,0.0242
S03521,Hardware,Peru,Falabella Retail,Self sign-up,Micro,4.0,3,15.0,0,0,0.0242
S11931,Beauty,Chile,Marketplace direct,Referral,Micro,22.0,4,27.0,2,0,0.0242
S04333,Fashion,Chile,Tottus,Self sign-up,Micro,3.0,1,14.0,2,0,0.0242
S06798,Beauty,Chile,Marketplace direct,Referral,Medium,2.0,1,19.0,1,0,0.0241
S03369,Fashion,Chile,Marketplace direct,Sales rep,Micro,5.0,0,17.0,0,0,0.0241
S18105,Sports,Colombia,Sodimac,Event,Medium,8.0,3,23.0,2,0,0.0241
S03950,Fashion,Chile,Marketplace direct,Self sign-up,Micro,5.0,1,14.0,0,0,0.0241
S12441,Sports,Colombia,Falabella Retail,Self sign-up,Medium,0.0,4,13.0,0,0,0.0241
S14992,Home,Chile,Sodimac,Event,Small,8.0,2,21.0,0,0,0.024
S07620,Home,Chile,Tottus,Self sign-up,Micro,4.0,2,14.0,0,0,0.024
S18785,Electronics,Chile,Tottus,Sales rep,Micro,5.0,0,19.0,2,0,0.024
S14464,Toys,Peru,Sodimac,Self sign-up,Small,7.0,5,20.0,0,0,0.024
S13358,Fashion,Peru,Falabella Retail,Self sign-up,Small,18.0,1,22.0,1,1,0.024
S16168,Home,Chile,Marketplace direct,Self sign-up,Micro,1.0,2,12.0,1,0,0.024
S11166,Electronics,Chile,Falabella Retail,Self sign-up,Small,15.0,1,22.0,2,0,0.024
S04587,Food,Chile,Sodimac,Self sign-up,Micro,16.0,4,22.0,0,1,0.024
S04861,Hardware,Chile,Marketplace direct,Event,Micro,4.0,3,18.0,1,0,0.024
S17571,Home,Chile,Falabella Retail,Sales rep,Small,5.0,0,19.0,0,0,0.024
S01994,Fashion,Colombia,Tottus,Sales rep,Micro,5.0,0,17.0,2,0,0.0239
S18952,Food,Chile,Falabella Retail,Self sign-up,Small,4.0,2,14.0,0,0,0.0239
S17743,Hardware,Peru,Sodimac,Referral,Micro,6.0,2,20.0,2,0,0.0239
S00419,Food,Colombia,Falabella Retail,Self sign-up,Small,6.0,1,14.0,2,0,0.0239
S02101,Electronics,Chile,Marketplace direct,Sales rep,Micro,5.0,2,25.0,1,1,0.0239
S04393,Sports,Colombia,Falabella Retail,Self sign-up,Micro,1.0,2,9.0,0,0,0.0239
S10539,Food,Colombia,Tottus,Self sign-up,Medium,2.0,0,10.0,1,0,0.0239
S08508,Food,Colombia,Falabella Retail,Sales rep,Micro,5.0,0,17.0,5,0,0.0238
S09470,Sports,Colombia,Falabella Retail,Self sign-up,Small,1.0,2,11.0,0,0,0.0238
S04910,Electronics,Peru,Falabella Retail,Event,Micro,6.0,1,17.0,0,0,0.0238
S07522,Fashion,Chile,Marketplace direct,Event,Small,13.0,1,25.0,2,1,0.0238
S04301,Toys,Chile,Sodimac,Self sign-up,Micro,0.0,0,5.0,0,0,0.0238
S09118,Sports,Colombia,Tottus,Self sign-up,Small,9.0,5,23.0,4,0,0.0237
S18069,Home,Colombia,Sodimac,Sales rep,Micro,11.0,3,24.0,2,0,0.0237
S05016,Fashion,Peru,Falabella Retail,Self sign-up,Small,11.0,1,18.0,0,1,0.0237
S15072,Home,Peru,Sodimac,Self sign-up,Micro,9.0,4,22.0,3,0,0.0237
S14665,Fashion,Peru,Marketplace direct,Self sign-up,Micro,12.0,4,20.0,1,1,0.0237
S19021,Fashion,Chile,Sodimac,Sales rep,Micro,4.0,2,20.0,0,0,0.0237
S02100,Toys,Colombia,Marketplace direct,Self sign-up,Micro,6.0,2,12.0,0,0,0.0237
S15408,Fashion,Peru,Marketplace direct,Referral,Micro,6.0,4,22.0,1,0,0.0237
S15045,Hardware,Colombia,Tottus,Sales rep,Small,1.0,4,19.0,1,0,0.0237
S17652,Electronics,Peru,Falabella Retail,Referral,Micro,2.0,1,17.0,2,0,0.0237
S13352,Toys,Chile,Falabella Retail,Self sign-up,Micro,1.0,0,7.0,0,0,0.0237
S16412,Sports,Chile,Sodimac,Self sign-up,Small,12.0,0,20.0,3,1,0.0237
S15468,Electronics,Chile,Sodimac,Self sign-up,Micro,0.0,3,13.0,1,0,0.0237
S03610,Sports,Colombia,Marketplace direct,Sales rep,Small,4.0,2,18.0,0,0,0.0236
S11815,Toys,Chile,Sodimac,Event,Micro,0.0,0,7.0,0,0,0.0236
S11862,Hardware,Chile,Sodimac,Referral,Micro,6.0,5,28.0,6,0,0.0236
S04136,Fashion,Chile,Tottus,Self sign-up,Small,16.0,0,18.0,0,0,0.0236
S02621,Food,Chile,Marketplace direct,Self sign-up,Small,3.0,4,18.0,3,0,0.0236
S00590,Food,Chile,Marketplace direct,Event,Micro,7.0,2,17.0,0,1,0.0236
S19749,Toys,Colombia,Marketplace direct,Referral,Micro,10.0,4,24.0,3,1,0.0236
S05165,Toys,Chile,Sodimac,Self sign-up,Micro,4.0,5,18.0,1,0,0.0236
S13373,Sports,Chile,Tottus,Self sign-up,Small,4.0,5,20.0,0,1,0.0236
S02234,Toys,Peru,Falabella Retail,Self sign-up,Medium,2.0,5,19.0,1,0,0.0235
S00882,Food,Colombia,Falabella Retail,Self sign-up,Micro,8.0,4,17.0,2,0,0.0235
S03032,Home,Chile,Marketplace direct,Self sign-up,Small,6.0,4,21.0,1,0,0.0235
S00134,Beauty,Peru,Sodimac,Self sign-up,Micro,1.0,3,13.0,0,0,0.0235
S07531,Electronics,Chile,Falabella Retail,Event,Micro,1.0,3,17.0,1,0,0.0235
S17157,Food,Peru,Falabella Retail,Self sign-up,Micro,4.0,5,18.0,3,0,0.0235
S09840,Beauty,Chile,Sodimac,Referral,Micro,6.0,4,24.0,2,0,0.0234
S12139,Toys,Chile,Falabella Retail,Self sign-up,Medium,4.0,1,16.0,1,0,0.0234
S19339,Toys,Colombia,Falabella Retail,Self sign-up,Medium,0.0,0,7.0,0,0,0.0234
S19091,Beauty,Peru,Falabella Retail,Self sign-up,Small,5.0,2,17.0,0,0,0.0234
S14541,Food,Peru,Sodimac,Self sign-up,Micro,5.0,4,16.0,1,0,0.0234
S17450,Home,Chile,Marketplace direct,Self sign-up,Micro,0.0,2,9.0,0,0,0.0234
S10604,Fashion,Colombia,Falabella Retail,Sales rep,Micro,16.0,0,23.0,4,0,0.0234
S12093,Fashion,Chile,Falabella Retail,Self sign-up,Micro,2.0,3,15.0,0,0,0.0234
S13943,Home,Peru,Marketplace direct,Self sign-up,Micro,1.0,1,11.0,2,0,0.0234
S11624,Hardware,Peru,Sodimac,Self sign-up,Micro,6.0,1,14.0,0,0,0.0234
S15728,Food,Colombia,Tottus,Sales rep,Micro,4.0,2,16.0,2,0,0.0234
S17288,Fashion,Colombia,Falabella Retail,Referral,Micro,3.0,2,18.0,2,0,0.0234
S12141,Sports,Peru,Tottus,Self sign-up,Micro,7.0,0,12.0,1,0,0.0234
S05572,Fashion,Chile,Sodimac,Self sign-up,Micro,6.0,0,15.0,1,0,0.0234
S14719,Home,Chile,Falabella Retail,Self sign-up,Small,9.0,3,23.0,3,0,0.0234
S14373,Electronics,Colombia,Marketplace direct,Referral,Micro,2.0,1,15.0,1,0,0.0233
S14345,Fashion,Peru,Falabella Retail,Self sign-up,Micro,0.0,1,8.0,0,0,0.0233
S08620,Food,Colombia,Marketplace direct,Self sign-up,Micro,0.0,0,3.0,1,0,0.0233
S07388,Electronics,Colombia,Marketplace direct,Event,Micro,2.0,1,13.0,0,0,0.0233
S15890,Fashion,Colombia,Tottus,Sales rep,Micro,16.0,1,31.0,13,0,0.0233
S05171,Sports,Chile,Sodimac,Self sign-up,Micro,14.0,5,23.0,1,1,0.0233
S09558,Beauty,Chile,Tottus,Self sign-up,Micro,4.0,1,13.0,0,0,0.0233
S12475,Sports,Colombia,Falabella Retail,Self sign-up,Micro,1.0,5,14.0,1,0,0.0233
S12779,Toys,Colombia,Tottus,Self sign-up,Micro,3.0,5,14.0,0,0,0.0233
S13743,Toys,Colombia,Marketplace direct,Self sign-up,Small,2.0,0,11.0,3,0,0.0233
S15790,Toys,Peru,Marketplace direct,Self sign-up,Small,0.0,1,7.0,0,0,0.0232
S18938,Home,Chile,Marketplace direct,Sales rep,Small,7.0,2,24.0,2,0,0.0232
S15563,Food,Chile,Tottus,Sales rep,Small,3.0,0,16.0,2,0,0.0232
S00627,Electronics,Colombia,Falabella Retail,Sales rep,Small,5.0,1,21.0,1,0,0.0232
S00792,Home,Colombia,Marketplace direct,Sales rep,Small,6.0,4,24.0,1,0,0.0232
S12574,Beauty,Chile,Marketplace direct,Self sign-up,Micro,7.0,3,20.0,3,0,0.0232
S11106,Hardware,Colombia,Sodimac,Referral,Small,10.0,0,22.0,2,1,0.0232
S03802,Home,Peru,Marketplace direct,Self sign-up,Micro,4.0,3,16.0,1,0,0.0232
S19300,Toys,Colombia,Falabella Retail,Self sign-up,Micro,5.0,0,11.0,1,1,0.0232
S01150,Electronics,Peru,Marketplace direct,Sales rep,Micro,5.0,1,21.0,3,0,0.0232
S10928,Hardware,Chile,Sodimac,Self sign-up,Small,6.0,2,18.0,0,0,0.0232
S17155,Fashion,Peru,Marketplace direct,Self sign-up,Small,4.0,4,19.0,0,0,0.0232
S02835,Sports,Chile,Sodimac,Self sign-up,Small,12.0,2,22.0,2,1,0.0232
S00691,Hardware,Chile,Marketplace direct,Sales rep,Micro,2.0,1,17.0,2,0,0.0231
S09235,Home,Chile,Falabella Retail,Self sign-up,Micro,2.0,0,13.0,3,0,0.0231
S13936,Hardware,Peru,Marketplace direct,Sales rep,Medium,9.0,3,26.0,1,0,0.0231
S17082,Fashion,Colombia,Falabella Retail,Sales rep,Micro,2.0,3,18.0,0,0,0.0231
S08040,Home,Chile,Marketplace direct,Self sign-up,Micro,4.0,4,18.0,1,0,0.0231
S03147,Toys,Colombia,Sodimac,Sales rep,Small,4.0,2,21.0,0,1,0.0231
S01707,Fashion,Colombia,Marketplace direct,Self sign-up,Micro,2.0,3,14.0,1,0,0.0231
S04286,Hardware,Chile,Marketplace direct,Self sign-up,Micro,5.0,1,15.0,2,0,0.0231
S15962,Sports,Chile,Sodimac,Self sign-up,Micro,0.0,3,10.0,0,0,0.0231
S07649,Sports,Peru,Falabella Retail,Self sign-up,Micro,3.0,1,11.0,0,0,0.023
S15753,Beauty,Colombia,Falabella Retail,Self sign-up,Medium,2.0,0,13.0,0,0,0.023
S15955,Hardware,Colombia,Marketplace direct,Self sign-up,Medium,2.0,3,16.0,0,0,0.023
S08170,Food,Chile,Falabella Retail,Self sign-up,Small,4.0,0,14.0,3,0,0.023
S04507,Home,Chile,Falabella Retail,Self sign-up,Medium,4.0,0,16.0,0,0,0.023
S10448,Electronics,Chile,Falabella Retail,Self sign-up,Micro,8.0,0,17.0,2,0,0.023
S14251,Home,Chile,Tottus,Sales rep,Micro,3.0,0,16.0,1,0,0.023
S17739,Beauty,Peru,Tottus,Self sign-up,Micro,5.0,4,17.0,1,1,0.023
S18514,Fashion,Chile,Marketplace direct,Self sign-up,Micro,8.0,2,17.0,0,0,0.0229
S12692,Food,Chile,Falabella Retail,Event,Small,6.0,2,19.0,2,0,0.0229
S01121,Electronics,Chile,Falabella Retail,Self sign-up,Small,4.0,4,21.0,1,1,0.0229
S02111,Beauty,Peru,Marketplace direct,Event,Small,4.0,3,21.0,2,0,0.0229
S00145,Home,Peru,Falabella Retail,Referral,Micro,6.0,0,16.0,0,0,0.0229
S03391,Sports,Chile,Falabella Retail,Self sign-up,Micro,3.0,1,16.0,1,1,0.0229
S17863,Beauty,Chile,Marketplace direct,Sales rep,Micro,2.0,1,16.0,0,0,0.0229
S00385,Food,Colombia,Falabella Retail,Self sign-up,Micro,10.0,1,13.0,1,0,0.0229
S03648,Home,Chile,Falabella Retail,Self sign-up,Micro,2.0,4,16.0,0,0,0.0228
S18711,Fashion,Colombia,Falabella Retail,Self sign-up,Small,0.0,3,12.0,0,0,0.0228
S13956,Home,Chile,Tottus,Self sign-up,Micro,4.0,4,17.0,0,0,0.0228
S09708,Toys,Chile,Tottus,Sales rep,Micro,5.0,0,17.0,3,0,0.0228
S18815,Hardware,Colombia,Sodimac,Self sign-up,Micro,8.0,5,19.0,0,1,0.0228
S02854,Toys,Chile,Marketplace direct,Self sign-up,Micro,9.0,0,13.0,1,0,0.0228
S05066,Sports,Chile,Falabella Retail,Event,Small,15.0,3,23.0,0,0,0.0228
S11425,Sports,Chile,Tottus,Referral,Micro,5.0,4,22.0,3,0,0.0227
S02785,Sports,Peru,Sodimac,Self sign-up,Micro,5.0,5,19.0,1,0,0.0227
S09074,Toys,Colombia,Falabella Retail,Referral,Micro,0.0,1,8.0,0,0,0.0227
S15905,Electronics,Peru,Marketplace direct,Sales rep,Micro,2.0,0,15.0,0,0,0.0227
S07167,Home,Colombia,Sodimac,Self sign-up,Micro,4.0,2,14.0,0,0,0.0227
S01616,Electronics,Chile,Sodimac,Self sign-up,Small,12.0,5,29.0,4,0,0.0227
S01555,Toys,Peru,Marketplace direct,Self sign-up,Micro,5.0,2,15.0,3,0,0.0227
S07489,Electronics,Colombia,Falabella Retail,Self sign-up,Medium,1.0,1,14.0,0,0,0.0227
S00236,Fashion,Chile,Marketplace direct,Event,Micro,0.0,3,13.0,0,0,0.0226
S19840,Home,Peru,Marketplace direct,Referral,Small,0.0,1,14.0,2,0,0.0226
S08997,Fashion,Colombia,Falabella Retail,Sales rep,Micro,4.0,4,22.0,1,0,0.0226
S10787,Electronics,Colombia,Falabella Retail,Event,Micro,6.0,3,20.0,1,0,0.0226
S16359,Food,Chile,Sodimac,Sales rep,Micro,2.0,1,14.0,0,0,0.0226
S19814,Sports,Chile,Marketplace direct,Self sign-up,Medium,3.0,4,19.0,0,0,0.0226
S01694,Sports,Chile,Sodimac,Self sign-up,Small,18.0,5,28.0,1,1,0.0226
S14196,Home,Chile,Falabella Retail,Referral,Small,4.0,0,20.0,3,0,0.0226
S05996,Beauty,Peru,Sodimac,Self sign-up,Micro,9.0,4,20.0,0,0,0.0226
S00963,Electronics,Chile,Tottus,Self sign-up,Small,3.0,0,14.0,0,0,0.0226
S15095,Food,Chile,Marketplace direct,Sales rep,Micro,1.0,2,14.0,1,0,0.0225
S06456,Fashion,Colombia,Marketplace direct,Referral,Small,4.0,3,21.0,1,0,0.0225
S05177,Electronics,Chile,Marketplace direct,Sales rep,Micro,5.0,0,18.0,0,0,0.0225
S15276,Home,Chile,Tottus,Self sign-up,Micro,5.0,2,15.0,0,0,0.0225
S07817,Sports,Chile,Falabella Retail,Self sign-up,Small,6.0,5,21.0,0,0,0.0225
S08265,Food,Peru,Falabella Retail,Self sign-up,Small,13.0,3,21.0,3,0,0.0225
S07130,Fashion,Colombia,Marketplace direct,Sales rep,Medium,7.0,1,22.0,0,0,0.0225
S05851,Hardware,Chile,Falabella Retail,Sales rep,Micro,0.0,3,15.0,0,0,0.0225
S08514,Fashion,Chile,Tottus,Self sign-up,Micro,11.0,3,20.0,1,0,0.0225
S06534,Fashion,Peru,Tottus,Referral,Small,2.0,0,15.0,0,0,0.0224
S18111,Food,Peru,Sodimac,Self sign-up,Micro,2.0,0,11.0,4,0,0.0224
S04759,Food,Peru,Falabella Retail,Self sign-up,Micro,7.0,2,15.0,2,0,0.0224
S05014,Home,Chile,Tottus,Event,Micro,5.0,2,17.0,0,0,0.0224
S00512,Electronics,Peru,Falabella Retail,Sales rep,Small,4.0,0,19.0,0,1,0.0224
S11602,Home,Colombia,Falabella Retail,Self sign-up,Micro,2.0,2,12.0,0,0,0.0224
S09489,Hardware,Chile,Falabella Retail,Self sign-up,Micro,1.0,3,13.0,0,0,0.0224
S05085,Fashion,Colombia,Tottus,Self sign-up,Micro,7.0,5,24.0,6,0,0.0224
S05879,Home,Colombia,Sodimac,Self sign-up,Micro,25.0,1,19.0,2,1,0.0224
S19450,Hardware,Colombia,Marketplace direct,Self sign-up,Micro,9.0,2,16.0,1,0,0.0224
S13658,Beauty,Peru,Falabella Retail,Self sign-up,Medium,10.0,2,24.0,1,1,0.0224
S08461,Sports,Chile,Sodimac,Referral,Micro,2.0,1,16.0,2,0,0.0223
S05288,Home,Chile,Tottus,Sales rep,Small,2.0,0,18.0,2,0,0.0223
S07726,Electronics,Colombia,Falabella Retail,Sales rep,Micro,9.0,4,26.0,0,1,0.0223
S05233,Fashion,Peru,Falabella Retail,Referral,Micro,14.0,1,23.0,3,0,0.0223
S16065,Food,Peru,Falabella Retail,Self sign-up,Micro,3.0,1,13.0,4,0,0.0223
S17895,Food,Chile,Sodimac,Self sign-up,Small,7.0,2,18.0,2,0,0.0223
S07585,Fashion,Peru,Marketplace direct,Self sign-up,Micro,1.0,4,15.0,1,0,0.0222
S07556,Home,Chile,Sodimac,Referral,Micro,6.0,3,22.0,1,0,0.0222
S10753,Home,Chile,Tottus,Sales rep,Micro,9.0,5,26.0,1,0,0.0222
S19380,Electronics,Colombia,Tottus,Event,Micro,0.0,4,15.0,2,0,0.0222
S13842,Toys,Chile,Sodimac,Self sign-up,Micro,9.0,3,18.0,1,0,0.0222
S09107,Fashion,Chile,Sodimac,Self sign-up,Micro,14.0,2,24.0,3,1,0.0222
S07931,Beauty,Chile,Sodimac,Self sign-up,Micro,13.0,2,20.0,1,0,0.0222
S12300,Electronics,Chile,Tottus,Self sign-up,Micro,5.0,2,17.0,1,0,0.0222
S17331,Home,Chile,Falabella Retail,Self sign-up,Micro,2.0,4,17.0,1,0,0.0221
S01893,Electronics,Chile,Falabella Retail,Self sign-up,Medium,8.0,5,26.0,0,0,0.0221
S18354,Home,Colombia,Tottus,Sales rep,Micro,0.0,2,12.0,0,0,0.0221
S09919,Hardware,Chile,Falabella Retail,Referral,Medium,14.0,2,27.0,2,0,0.0221
S01195,Home,Chile,Falabella Retail,Referral,Micro,11.0,0,26.0,9,0,0.0221
S15216,Fashion,Colombia,Falabella Retail,Self sign-up,Micro,0.0,0,7.0,1,0,0.0221
S01127,Sports,Peru,Marketplace direct,Sales rep,Small,11.0,5,27.0,1,0,0.0221
S05577,Sports,Peru,Sodimac,Self sign-up,Small,8.0,3,19.0,0,0,0.0221
S16485,Food,Colombia,Marketplace direct,Self sign-up,Micro,1.0,1,7.0,1,0,0.0221
S12147,Toys,Chile,Sodimac,Self sign-up,Small,8.0,4,21.0,1,0,0.0221
S11149,Sports,Chile,Marketplace direct,Self sign-up,Small,15.0,4,27.0,6,0,0.0221
S13258,Electronics,Chile,Falabella Retail,Self sign-up,Micro,9.0,3,20.0,0,0,0.022
S02171,Home,Peru,Sodimac,Self sign-up,Micro,4.0,5,19.0,0,0,0.022
S15812,Home,Peru,Falabella Retail,Event,Micro,3.0,3,18.0,1,0,0.022
S02976,Sports,Chile,Falabella Retail,Self sign-up,Micro,4.0,2,14.0,0,0,0.022
S16256,Sports,Chile,Falabella Retail,Sales rep,Medium,6.0,2,24.0,1,0,0.022
S03799,Home,Chile,Falabella Retail,Self sign-up,Micro,7.0,3,19.0,1,0,0.022
S05679,Fashion,Chile,Tottus,Self sign-up,Medium,2.0,2,17.0,0,0,0.022
S14332,Electronics,Peru,Sodimac,Self sign-up,Small,5.0,3,20.0,0,0,0.022
S10065,Food,Chile,Falabella Retail,Self sign-up,Medium,1.0,5,18.0,1,0,0.022
S14744,Food,Colombia,Falabella Retail,Event,Micro,1.0,2,10.0,0,0,0.022
S05355,Food,Colombia,Tottus,Self sign-up,Small,5.0,4,20.0,1,1,0.0219
S02026,Hardware,Chile,Falabella Retail,Sales rep,Micro,10.0,1,23.0,3,0,0.0219
S08126,Fashion,Colombia,Falabella Retail,Self sign-up,Micro,5.0,5,19.0,0,0,0.0218
S07159,Home,Chile,Falabella Retail,Self sign-up,Small,7.0,2,24.0,2,1,0.0218
S03541,Beauty,Chile,Tottus,Self sign-up,Micro,7.0,4,19.0,0,0,0.0218
S06828,Sports,Chile,Marketplace direct,Referral,Micro,2.0,3,18.0,2,0,0.0218
S12163,Toys,Peru,Tottus,Sales rep,Micro,5.0,0,15.0,1,0,0.0218
S15679,Toys,Chile,Sodimac,Self sign-up,Micro,16.0,2,21.0,4,0,0.0218
S03322,Sports,Chile,Falabella Retail,Self sign-up,Micro,2.0,5,18.0,2,0,0.0218
S11228,Sports,Chile,Falabella Retail,Sales rep,Micro,2.0,0,14.0,0,0,0.0218
S11387,Sports,Peru,Falabella Retail,Self sign-up,Micro,1.0,1,9.0,0,0,0.0218
S16365,Electronics,Chile,Falabella Retail,Self sign-up,Micro,10.0,4,25.0,4,0,0.0218
S02064,Fashion,Peru,Falabella Retail,Self sign-up,Micro,10.0,2,26.0,10,0,0.0218
S17160,Hardware,Chile,Tottus,Self sign-up,Micro,4.0,2,15.0,1,0,0.0218
S13343,Electronics,Peru,Sodimac,Self sign-up,Micro,11.0,1,21.0,4,0,0.0218
S09924,Electronics,Colombia,Marketplace direct,Sales rep,Medium,6.0,0,21.0,0,0,0.0218
S01913,Beauty,Colombia,Marketplace direct,Self sign-up,Micro,3.0,3,15.0,1,0,0.0217
S08167,Food,Chile,Falabella Retail,Sales rep,Micro,3.0,3,20.0,3,0,0.0217
S18249,Home,Chile,Falabella Retail,Referral,Small,7.0,0,21.0,2,0,0.0217
S14363,Beauty,Peru,Sodimac,Self sign-up,Small,13.0,3,22.0,0,0,0.0217
S07748,Home,Chile,Falabella Retail,Self sign-up,Micro,8.0,4,20.0,0,0,0.0217
S16181,Toys,Colombia,Marketplace direct,Self sign-up,Micro,2.0,4,14.0,2,0,0.0217
S18963,Home,Chile,Marketplace direct,Referral,Small,3.0,1,22.0,5,0,0.0217
S15949,Toys,Peru,Sodimac,Self sign-up,Micro,6.0,5,19.0,1,0,0.0217
S01724,Fashion,Chile,Falabella Retail,Self sign-up,Small,3.0,0,16.0,2,0,0.0217
S08708,Electronics,Chile,Falabella Retail,Referral,Small,2.0,3,22.0,1,0,0.0217
S15533,Food,Peru,Sodimac,Event,Small,7.0,0,16.0,1,0,0.0217
S19866,Hardware,Colombia,Marketplace direct,Self sign-up,Micro,8.0,3,18.0,2,0,0.0217
S14580,Toys,Chile,Sodimac,Sales rep,Small,3.0,0,19.0,3,0,0.0217
S01748,Fashion,Peru,Marketplace direct,Referral,Micro,3.0,5,22.0,1,0,0.0216
S17499,Home,Colombia,Sodimac,Event,Micro,5.0,4,22.0,3,0,0.0216
S10814,Electronics,Colombia,Tottus,Self sign-up,Micro,0.0,0,7.0,1,0,0.0216
S04516,Fashion,Colombia,Falabella Retail,Event,Micro,2.0,4,19.0,2,0,0.0216
S13544,Electronics,Peru,Falabella Retail,Self sign-up,Small,3.0,0,16.0,2,0,0.0216
S04921,Home,Chile,Sodimac,Self sign-up,Small,6.0,3,21.0,1,0,0.0216
S04589,Hardware,Chile,Falabella Retail,Self sign-up,Small,1.0,0,12.0,1,0,0.0215
S16697,Home,Chile,Falabella Retail,Referral,Micro,6.0,4,24.0,2,0,0.0215
S13990,Toys,Peru,Marketplace direct,Self sign-up,Micro,2.0,1,10.0,1,0,0.0215
S08776,Fashion,Chile,Marketplace direct,Referral,Micro,5.0,2,20.0,1,0,0.0215
S03818,Sports,Peru,Sodimac,Self sign-up,Micro,24.0,2,25.0,7,0,0.0215
S10464,Home,Chile,Marketplace direct,Self sign-up,Micro,1.0,3,14.0,1,0,0.0215
S14047,Food,Peru,Sodimac,Self sign-up,Micro,8.0,3,18.0,1,1,0.0215
S08587,Fashion,Chile,Marketplace direct,Self sign-up,Micro,1.0,5,18.0,2,0,0.0215
S01406,Food,Peru,Falabella Retail,Sales rep,Micro,2.0,0,12.0,0,0,0.0214
S06815,Home,Chile,Sodimac,Self sign-up,Small,1.0,3,16.0,0,0,0.0214
S19023,Beauty,Colombia,Tottus,Sales rep,Micro,1.0,0,12.0,0,0,0.0214
S11787,Home,Chile,Falabella Retail,Sales rep,Micro,1.0,0,14.0,0,0,0.0214
S00012,Sports,Chile,Marketplace direct,Sales rep,Small,2.0,4,21.0,0,0,0.0214
S13912,Hardware,Peru,Sodimac,Event,Micro,2.0,2,15.0,0,0,0.0214
S13735,Hardware,Peru,Sodimac,Event,Micro,3.0,5,20.0,0,0,0.0214
S15122,Electronics,Colombia,Marketplace direct,Event,Micro,2.0,0,13.0,1,0,0.0213
S08266,Food,Chile,Falabella Retail,Self sign-up,Micro,4.0,1,13.0,2,0,0.0213
S00428,Electronics,Peru,Sodimac,Self sign-up,Micro,2.0,1,14.0,1,0,0.0213
S06827,Hardware,Colombia,Tottus,Sales rep,Micro,2.0,5,22.0,3,0,0.0213
S17033,Beauty,Chile,Sodimac,Event,Small,6.0,4,27.0,4,0,0.0213
S15037,Electronics,Colombia,Marketplace direct,Referral,Micro,12.0,3,24.0,2,0,0.0213
S11552,Beauty,Colombia,Sodimac,Self sign-up,Small,7.0,1,17.0,1,1,0.0212
S13705,Toys,Chile,Falabella Retail,Event,Small,4.0,2,19.0,2,0,0.0212
S06592,Fashion,Colombia,Tottus,Self sign-up,Micro,3.0,0,12.0,2,0,0.0212
S08703,Fashion,Peru,Sodimac,Sales rep,Micro,2.0,4,21.0,0,0,0.0212
S18781,Food,Peru,Falabella Retail,Event,Micro,1.0,2,11.0,0,0,0.0212
S18508,Fashion,Chile,Sodimac,Event,Small,5.0,0,19.0,1,0,0.0212
S12415,Food,Peru,Falabella Retail,Event,Micro,2.0,2,14.0,2,0,0.0212
S09953,Fashion,Colombia,Marketplace direct,Event,Micro,2.0,4,17.0,0,0,0.0212
S17805,Food,Peru,Falabella Retail,Self sign-up,Small,3.0,1,12.0,0,0,0.0212
S03635,Electronics,Colombia,Falabella Retail,Self sign-up,Small,0.0,0,9.0,0,0,0.0212
S13253,Home,Chile,Tottus,Self sign-up,Micro,5.0,2,17.0,2,0,0.0212
S18559,Toys,Chile,Marketplace direct,Self sign-up,Micro,7.0,2,17.0,3,0,0.0212
S00622,Food,Peru,Sodimac,Referral,Small,3.0,0,15.0,1,0,0.0212
S08972,Hardware,Peru,Tottus,Referral,Small,4.0,0,17.0,1,0,0.0211
S03031,Electronics,Colombia,Sodimac,Self sign-up,Micro,14.0,2,24.0,2,1,0.0211
S07543,Food,Peru,Tottus,Self sign-up,Micro,0.0,2,6.0,0,0,0.0211
S17309,Food,Peru,Tottus,Self sign-up,Micro,0.0,2,6.0,0,0,0.0211
S04634,Sports,Chile,Tottus,Sales rep,Micro,4.0,0,16.0,1,0,0.0211
S15819,Toys,Peru,Marketplace direct,Sales rep,Medium,2.0,0,16.0,0,0,0.0211
S08174,Electronics,Chile,Falabella Retail,Self sign-up,Micro,15.0,4,24.0,1,0,0.0211
S10442,Food,Chile,Sodimac,Event,Small,4.0,1,19.0,4,0,0.0211
S02726,Toys,Chile,Marketplace direct,Event,Small,0.0,1,11.0,1,0,0.0211
S17448,Beauty,Colombia,Falabella Retail,Sales rep,Micro,5.0,3,23.0,3,0,0.0211
S06017,Hardware,Chile,Falabella Retail,Event,Small,6.0,2,21.0,1,0,0.0211
S03329,Home,Colombia,Falabella Retail,Event,Medium,3.0,2,19.0,0,0,0.0211
S03337,Hardware,Chile,Falabella Retail,Sales rep,Micro,3.0,1,19.0,2,0,0.0211
S01211,Hardware,Chile,Sodimac,Event,Micro,3.0,0,14.0,0,0,0.021
S09823,Fashion,Colombia,Sodimac,Sales rep,Small,8.0,0,21.0,0,1,0.021
S05337,Sports,Colombia,Falabella Retail,Sales rep,Small,14.0,0,21.0,1,0,0.021
S10041,Fashion,Peru,Marketplace direct,Self sign-up,Micro,6.0,0,15.0,2,0,0.021
S05311,Home,Peru,Marketplace direct,Event,Micro,2.0,0,12.0,0,0,0.021
S12216,Fashion,Colombia,Marketplace direct,Sales rep,Small,11.0,2,25.0,1,1,0.021
S02665,Hardware,Colombia,Sodimac,Sales rep,Micro,2.0,0,14.0,0,0,0.021
S04342,Beauty,Colombia,Falabella Retail,Sales rep,Micro,7.0,3,24.0,3,0,0.021
S13676,Fashion,Colombia,Falabella Retail,Self sign-up,Micro,1.0,1,11.0,1,0,0.0209
S18160,Toys,Colombia,Sodimac,Self sign-up,Micro,10.0,1,18.0,3,1,0.0209
S01293,Home,Chile,Marketplace direct,Referral,Micro,2.0,1,16.0,1,0,0.0209
S06736,Electronics,Peru,Falabella Retail,Sales rep,Micro,8.0,5,28.0,2,0,0.0209
S13998,Home,Colombia,Tottus,Self sign-up,Micro,2.0,0,9.0,0,0,0.0209
S11765,Electronics,Peru,Falabella Retail,Self sign-up,Small,3.0,0,17.0,3,0,0.0209
S10556,Fashion,Chile,Tottus,Self sign-up,Small,3.0,2,19.0,3,0,0.0209
S14236,Food,Peru,Sodimac,Self sign-up,Medium,5.0,4,20.0,0,1,0.0209
S15527,Hardware,Chile,Tottus,Self sign-up,Small,2.0,0,12.0,0,0,0.0209
S03735,Food,Peru,Marketplace direct,Self sign-up,Micro,2.0,3,13.0,2,0,0.0209
S08627,Hardware,Colombia,Falabella Retail,Self sign-up,Small,4.0,1,16.0,2,0,0.0209
S19612,Fashion,Peru,Falabella Retail,Event,Medium,5.0,1,22.0,2,0,0.0209
S17192,Home,Chile,Falabella Retail,Sales rep,Medium,3.0,0,21.0,1,0,0.0209
S05786,Hardware,Colombia,Falabella Retail,Self sign-up,Micro,1.0,3,12.0,0,0,0.0209
S05138,Home,Colombia,Tottus,Self sign-up,Small,10.0,0,17.0,2,0,0.0209
S09241,Fashion,Colombia,Sodimac,Sales rep,Micro,10.0,2,22.0,0,0,0.0208
S00656,Hardware,Colombia,Sodimac,Self sign-up,Medium,7.0,3,24.0,4,0,0.0208
S15856,Toys,Peru,Tottus,Self sign-up,Micro,6.0,2,15.0,4,1,0.0208
S06506,Food,Peru,Sodimac,Referral,Micro,1.0,4,17.0,2,0,0.0208
S09683,Home,Chile,Marketplace direct,Event,Micro,0.0,0,9.0,0,0,0.0208
S03376,Electronics,Colombia,Falabella Retail,Self sign-up,Micro,0.0,3,12.0,1,0,0.0208
S04656,Hardware,Colombia,Falabella Retail,Self sign-up,Micro,5.0,3,19.0,4,0,0.0207
S00104,Toys,Peru,Falabella Retail,Self sign-up,Small,6.0,4,22.0,4,0,0.0207
S16431,Home,Colombia,Marketplace direct,Sales rep,Micro,3.0,4,20.0,0,0,0.0207
S04979,Food,Colombia,Falabella Retail,Self sign-up,Medium,1.0,1,14.0,4,0,0.0207
S08008,Hardware,Peru,Sodimac,Self sign-up,Micro,3.0,2,15.0,1,0,0.0207
S12562,Toys,Colombia,Tottus,Self sign-up,Small,2.0,0,9.0,0,0,0.0207
S03649,Hardware,Chile,Falabella Retail,Event,Small,4.0,4,27.0,2,1,0.0207
S04767,Beauty,Colombia,Falabella Retail,Self sign-up,Micro,4.0,2,16.0,2,0,0.0206
S09752,Home,Peru,Tottus,Self sign-up,Micro,0.0,0,7.0,1,0,0.0206
S18879,Fashion,Chile,Falabella Retail,Referral,Micro,7.0,0,19.0,1,0,0.0206
S13062,Beauty,Chile,Tottus,Self sign-up,Micro,0.0,3,11.0,0,0,0.0206
S18692,Sports,Chile,Falabella Retail,Event,Micro,5.0,5,21.0,0,0,0.0206
S07814,Beauty,Chile,Sodimac,Event,Small,0.0,0,12.0,0,0,0.0206
S14129,Home,Peru,Falabella Retail,Self sign-up,Micro,6.0,5,21.0,1,0,0.0206
S19149,Electronics,Chile,Falabella Retail,Self sign-up,Small,6.0,3,22.0,1,0,0.0206
S16084,Toys,Peru,Sodimac,Referral,Small,7.0,0,19.0,2,0,0.0206
S02096,Electronics,Chile,Marketplace direct,Event,Small,4.0,3,22.0,0,1,0.0206
S12239,Toys,Chile,Marketplace direct,Event,Small,3.0,1,15.0,0,0,0.0205
S17996,Sports,Chile,Sodimac,Self sign-up,Micro,1.0,0,9.0,0,0,0.0205
S05452,Toys,Chile,Sodimac,Self sign-up,Small,3.0,3,19.0,3,0,0.0205
S16630,Electronics,Colombia,Tottus,Referral,Micro,7.0,1,18.0,0,0,0.0205
S05438,Food,Chile,Sodimac,Self sign-up,Medium,4.0,2,17.0,0,0,0.0205
S09316,Hardware,Peru,Marketplace direct,Self sign-up,Medium,9.0,3,24.0,3,0,0.0205
S18337,Sports,Peru,Sodimac,Event,Small,12.0,4,24.0,0,0,0.0205
S18098,Toys,Chile,Marketplace direct,Sales rep,Micro,8.0,5,26.0,3,0,0.0204
S19353,Home,Peru,Falabella Retail,Sales rep,Small,3.0,3,22.0,0,0,0.0204
S11428,Electronics,Colombia,Sodimac,Self sign-up,Micro,2.0,2,14.0,0,0,0.0204
S19977,Home,Chile,Falabella Retail,Sales rep,Micro,3.0,4,22.0,0,0,0.0204
S00576,Hardware,Chile,Sodimac,Sales rep,Micro,4.0,3,23.0,2,0,0.0203
S10054,Hardware,Peru,Tottus,Event,Micro,3.0,2,16.0,1,0,0.0203
S06520,Food,Peru,Tottus,Event,Small,3.0,3,17.0,1,0,0.0203
S06391,Sports,Colombia,Marketplace direct,Referral,Micro,6.0,0,15.0,1,0,0.0203
S17354,Sports,Peru,Falabella Retail,Self sign-up,Micro,11.0,0,17.0,3,1,0.0203
S08669,Hardware,Chile,Marketplace direct,Self sign-up,Micro,15.0,4,28.0,8,0,0.0203
S05082,Fashion,Peru,Sodimac,Self sign-up,Micro,2.0,0,14.0,3,0,0.0203
S17219,Fashion,Chile,Marketplace direct,Self sign-up,Micro,0.0,1,9.0,0,0,0.0203
S18366,Food,Colombia,Marketplace direct,Self sign-up,Small,0.0,4,12.0,2,0,0.0203
S14497,Home,Chile,Falabella Retail,Sales rep,Micro,3.0,1,18.0,0,0,0.0203
S15770,Food,Peru,Sodimac,Sales rep,Micro,3.0,1,15.0,0,0,0.0203
S00941,Hardware,Peru,Sodimac,Self sign-up,Micro,3.0,4,17.0,0,0,0.0203
S11890,Fashion,Chile,Tottus,Self sign-up,Micro,9.0,3,24.0,2,1,0.0202
S17674,Sports,Chile,Marketplace direct,Sales rep,Micro,5.0,2,19.0,0,0,0.0202
S10007,Food,Peru,Falabella Retail,Self sign-up,Small,0.0,5,13.0,0,0,0.0202
S17249,Hardware,Chile,Marketplace direct,Self sign-up,Micro,8.0,0,15.0,1,0,0.0202
S08724,Fashion,Chile,Falabella Retail,Self sign-up,Small,6.0,2,21.0,2,0,0.0202
S17701,Food,Chile,Falabella Retail,Sales rep,Micro,1.0,4,17.0,0,0,0.0202
S11123,Electronics,Chile,Marketplace direct,Self sign-up,Small,6.0,4,23.0,1,0,0.0202
S03242,Food,Peru,Sodimac,Self sign-up,Small,5.0,2,17.0,2,0,0.0202
S09503,Home,Chile,Falabella Retail,Sales rep,Small,7.0,0,21.0,0,0,0.0202
S01076,Beauty,Chile,Falabella Retail,Self sign-up,Micro,7.0,5,24.0,3,0,0.0202
S03729,Toys,Chile,Sodimac,Sales rep,Small,0.0,2,15.0,0,0,0.0201
S10717,Toys,Peru,Marketplace direct,Event,Micro,5.0,4,22.0,5,0,0.0201
S06977,Home,Peru,Sodimac,Self sign-up,Small,14.0,2,22.0,1,0,0.0201
S15683,Hardware,Chile,Marketplace direct,Self sign-up,Small,6.0,3,21.0,2,0,0.0201
S18687,Toys,Chile,Marketplace direct,Self sign-up,Micro,3.0,1,12.0,1,0,0.0201
S06512,Home,Chile,Falabella Retail,Referral,Micro,7.0,3,26.0,2,1,0.0201
S00958,Fashion,Chile,Tottus,Self sign-up,Micro,6.0,0,14.0,0,0,0.0201
S07523,Home,Chile,Marketplace direct,Self sign-up,Micro,4.0,4,22.0,1,1,0.0201
S18886,Beauty,Chile,Tottus,Self sign-up,Micro,9.0,0,16.0,0,1,0.0201
S15360,Hardware,Peru,Falabella Retail,Self sign-up,Micro,16.0,0,18.0,0,1,0.0201
S08532,Home,Chile,Tottus,Self sign-up,Medium,1.0,0,13.0,0,0,0.0201
S11486,Food,Chile,Falabella Retail,Referral,Micro,1.0,5,18.0,1,0,0.0201
S02147,Food,Chile,Falabella Retail,Self sign-up,Micro,7.0,3,16.0,0,0,0.0201
S19541,Toys,Chile,Tottus,Event,Medium,6.0,3,22.0,1,0,0.02
S05389,Food,Colombia,Tottus,Event,Small,6.0,3,19.0,2,0,0.02
S13665,Home,Peru,Marketplace direct,Self sign-up,Micro,5.0,1,14.0,0,0,0.02
S16148,Home,Peru,Marketplace direct,Self sign-up,Micro,5.0,1,14.0,0,0,0.02
S01275,Home,Colombia,Sodimac,Self sign-up,Micro,13.0,4,25.0,5,0,0.02
S01966,Toys,Peru,Marketplace direct,Self sign-up,Micro,5.0,4,16.0,0,0,0.0199
S00214,Toys,Colombia,Tottus,Self sign-up,Small,3.0,0,11.0,1,0,0.0199
S15759,Home,Peru,Marketplace direct,Self sign-up,Medium,10.0,2,26.0,6,0,0.0199
S14404,Food,Colombia,Falabella Retail,Self sign-up,Micro,2.0,5,14.0,0,0,0.0199
S08187,Fashion,Chile,Marketplace direct,Self sign-up,Micro,4.0,0,14.0,1,0,0.0199
S06659,Fashion,Colombia,Falabella Retail,Self sign-up,Micro,5.0,1,15.0,1,0,0.0199
S00507,Hardware,Chile,Falabella Retail,Event,Micro,1.0,5,20.0,2,0,0.0199
S16790,Sports,Chile,Marketplace direct,Self sign-up,Small,3.0,2,17.0,2,0,0.0199
S18114,Home,Chile,Falabella Retail,Referral,Small,18.0,4,29.0,1,0,0.0199
S19360,Hardware,Chile,Falabella Retail,Self sign-up,Micro,22.0,0,22.0,5,0,0.0198
S06411,Toys,Chile,Sodimac,Self sign-up,Micro,11.0,1,18.0,3,1,0.0198
S09139,Electronics,Chile,Marketplace direct,Referral,Micro,11.0,0,24.0,5,0,0.0198
S05778,Toys,Colombia,Falabella Retail,Self sign-up,Micro,5.0,3,16.0,2,0,0.0198
S10250,Hardware,Colombia,Marketplace direct,Self sign-up,Micro,1.0,4,14.0,1,0,0.0198
S04647,Home,Peru,Tottus,Self sign-up,Medium,5.0,3,21.0,1,0,0.0198
S10362,Home,Chile,Falabella Retail,Self sign-up,Micro,5.0,4,20.0,1,0,0.0198
S14003,Home,Peru,Falabella Retail,Referral,Micro,6.0,4,22.0,0,1,0.0198
S13823,Hardware,Peru,Tottus,Self sign-up,Small,1.0,3,16.0,2,0,0.0198
S05002,Toys,Colombia,Falabella Retail,Self sign-up,Small,6.0,1,15.0,1,0,0.0198
S08209,Food,Colombia,Sodimac,Self sign-up,Small,11.0,3,20.0,2,0,0.0197
S03597,Hardware,Chile,Tottus,Self sign-up,Micro,1.0,5,18.0,1,1,0.0197
S11881,Hardware,Peru,Sodimac,Self sign-up,Micro,5.0,3,18.0,1,0,0.0197
S18099,Fashion,Chile,Falabella Retail,Self sign-up,Small,2.0,3,18.0,0,0,0.0197
S06939,Home,Peru,Falabella Retail,Event,Micro,5.0,0,16.0,1,0,0.0197
S15324,Food,Chile,Marketplace direct,Event,Micro,2.0,5,17.0,0,0,0.0197
S03999,Home,Chile,Falabella Retail,Self sign-up,Micro,18.0,4,28.0,6,0,0.0197
S15675,Home,Chile,Falabella Retail,Self sign-up,Small,2.0,2,17.0,1,0,0.0197
S08475,Home,Chile,Marketplace direct,Self sign-up,Micro,3.0,1,15.0,2,0,0.0197
S16627,Beauty,Peru,Falabella Retail,Event,Small,5.0,3,23.0,2,0,0.0196
S19623,Electronics,Colombia,Sodimac,Event,Small,8.0,0,20.0,1,0,0.0196
S13389,Food,Colombia,Tottus,Self sign-up,Medium,6.0,1,17.0,3,0,0.0196
S02256,Hardware,Peru,Tottus,Self sign-up,Micro,4.0,2,15.0,1,0,0.0196
S10294,Electronics,Colombia,Falabella Retail,Self sign-up,Small,10.0,4,27.0,5,0,0.0196
S05519,Beauty,Chile,Falabella Retail,Self sign-up,Micro,0.0,0,8.0,0,0,0.0196
S17043,Electronics,Chile,Marketplace direct,Referral,Small,5.0,4,25.0,0,0,0.0196
S13973,Fashion,Peru,Marketplace direct,Self sign-up,Micro,17.0,0,20.0,4,1,0.0196
S17078,Hardware,Colombia,Marketplace direct,Self sign-up,Micro,0.0,0,8.0,3,0,0.0196
S08842,Electronics,Chile,Marketplace direct,Self sign-up,Small,8.0,1,20.0,1,0,0.0195
S11971,Home,Colombia,Sodimac,Sales rep,Micro,6.0,3,25.0,4,0,0.0195
S17794,Sports,Peru,Falabella Retail,Referral,Micro,13.0,2,24.0,4,0,0.0195
S07320,Electronics,Colombia,Sodimac,Sales rep,Micro,4.0,1,19.0,0,0,0.0195
S13966,Fashion,Chile,Tottus,Self sign-up,Micro,6.0,5,25.0,5,0,0.0195
S13189,Toys,Chile,Falabella Retail,Event,Micro,6.0,0,16.0,2,0,0.0194
S02068,Home,Chile,Falabella Retail,Sales rep,Micro,10.0,2,23.0,0,0,0.0194
S05385,Toys,Chile,Sodimac,Sales rep,Micro,4.0,3,20.0,0,0,0.0194
S03899,Home,Chile,Marketplace direct,Referral,Medium,7.0,5,28.0,0,0,0.0194
S11300,Fashion,Chile,Falabella Retail,Sales rep,Micro,4.0,3,23.0,1,0,0.0194
S18110,Toys,Chile,Tottus,Self sign-up,Micro,6.0,2,16.0,2,0,0.0194
S18610,Beauty,Colombia,Sodimac,Self sign-up,Small,2.0,1,14.0,0,0,0.0194
S10670,Home,Colombia,Marketplace direct,Sales rep,Micro,3.0,1,18.0,2,0,0.0194
S13492,Hardware,Chile,Falabella Retail,Event,Medium,2.0,2,22.0,3,0,0.0194
S03911,Fashion,Colombia,Sodimac,Self sign-up,Micro,1.0,1,11.0,0,0,0.0194
S06177,Fashion,Chile,Tottus,Self sign-up,Micro,7.0,2,19.0,2,0,0.0194
S17848,Electronics,Colombia,Marketplace direct,Referral,Micro,9.0,1,21.0,2,0,0.0193
S13503,Home,Peru,Marketplace direct,Self sign-up,Micro,3.0,2,15.0,1,0,0.0193
S18892,Hardware,Colombia,Sodimac,Self sign-up,Micro,13.0,0,17.0,4,1,0.0193
S16970,Toys,Chile,Marketplace direct,Sales rep,Micro,4.0,0,16.0,1,0,0.0193
S10135,Home,Chile,Falabella Retail,Self sign-up,Micro,2.0,4,17.0,0,0,0.0193
S12464,Hardware,Colombia,Marketplace direct,Self sign-up,Micro,1.0,3,12.0,0,0,0.0193
S02143,Hardware,Chile,Sodimac,Self sign-up,Medium,4.0,0,17.0,0,0,0.0193
S18690,Home,Chile,Sodimac,Self sign-up,Small,2.0,3,18.0,0,0,0.0193
S00450,Electronics,Colombia,Sodimac,Self sign-up,Micro,1.0,5,17.0,0,0,0.0193
S03357,Fashion,Peru,Tottus,Event,Small,7.0,1,21.0,2,0,0.0193
S17235,Electronics,Chile,Sodimac,Self sign-up,Medium,6.0,4,25.0,0,0,0.0193
S12582,Beauty,Colombia,Falabella Retail,Self sign-up,Small,6.0,1,19.0,3,0,0.0192
S13246,Food,Peru,Marketplace direct,Sales rep,Small,2.0,3,19.0,1,0,0.0192
S08037,Fashion,Chile,Sodimac,Event,Small,10.0,4,27.0,1,0,0.0192
S15540,Fashion,Colombia,Falabella Retail,Sales rep,Small,5.0,1,23.0,1,1,0.0192
S19270,Electronics,Peru,Tottus,Self sign-up,Small,2.0,0,15.0,2,0,0.0192
S09006,Electronics,Colombia,Marketplace direct,Event,Micro,5.0,3,20.0,1,0,0.0192
S15419,Electronics,Colombia,Marketplace direct,Self sign-up,Micro,7.0,3,19.0,1,0,0.0192
S19566,Food,Colombia,Falabella Retail,Event,Small,6.0,2,17.0,0,0,0.0192
S15346,Fashion,Colombia,Tottus,Self sign-up,Micro,12.0,0,16.0,2,1,0.0192
S06151,Toys,Chile,Tottus,Event,Small,8.0,0,19.0,3,0,0.0192
S06004,Electronics,Peru,Marketplace direct,Self sign-up,Micro,3.0,4,18.0,0,0,0.0192
S14544,Electronics,Chile,Marketplace direct,Referral,Medium,6.0,0,22.0,0,0,0.0191
S19599,Fashion,Peru,Falabella Retail,Referral,Small,1.0,2,18.0,0,0,0.0191
S18562,Home,Chile,Marketplace direct,Self sign-up,Micro,3.0,0,13.0,1,0,0.0191
S16608,Electronics,Colombia,Sodimac,Self sign-up,Small,5.0,0,16.0,0,0,0.0191
S15611,Fashion,Peru,Tottus,Self sign-up,Micro,11.0,2,19.0,1,0,0.0191
S04930,Toys,Colombia,Falabella Retail,Self sign-up,Small,8.0,1,18.0,2,1,0.0191
S02262,Fashion,Colombia,Tottus,Self sign-up,Small,11.0,2,21.0,2,0,0.0191
S03435,Beauty,Chile,Falabella Retail,Self sign-up,Micro,2.0,2,17.0,3,0,0.0191
S00463,Home,Chile,Tottus,Self sign-up,Micro,5.0,2,16.0,0,0,0.0191
S00725,Electronics,Peru,Marketplace direct,Self sign-up,Micro,5.0,1,17.0,2,0,0.0191
S18971,Electronics,Colombia,Tottus,Self sign-up,Micro,12.0,1,21.0,5,0,0.0191
S02142,Toys,Colombia,Falabella Retail,Self sign-up,Micro,5.0,1,16.0,5,0,0.019
S10348,Fashion,Chile,Falabella Retail,Self sign-up,Micro,1.0,1,13.0,1,0,0.019
S02950,Electronics,Colombia,Tottus,Self sign-up,Micro,6.0,2,17.0,1,0,0.019
S02530,Sports,Colombia,Tottus,Self sign-up,Medium,10.0,1,21.0,4,0,0.019
S02137,Toys,Chile,Falabella Retail,Referral,Small,5.0,3,22.0,1,0,0.019
S02199,Sports,Colombia,Marketplace direct,Self sign-up,Small,4.0,0,18.0,7,0,0.019
S01664,Food,Chile,Sodimac,Referral,Micro,3.0,2,17.0,1,0,0.019
S17151,Electronics,Chile,Sodimac,Event,Small,4.0,1,21.0,1,0,0.0189
S01704,Fashion,Chile,Falabella Retail,Referral,Micro,3.0,0,18.0,2,0,0.0189
S15875,Sports,Chile,Falabella Retail,Self sign-up,Micro,2.0,2,14.0,1,0,0.0189
S18567,Home,Chile,Tottus,Self sign-up,Small,2.0,0,13.0,0,0,0.0189
S11953,Food,Chile,Sodimac,Referral,Small,6.0,0,19.0,2,0,0.0189
S13076,Fashion,Colombia,Falabella Retail,Sales rep,Small,8.0,1,23.0,1,0,0.0189
S18622,Electronics,Chile,Marketplace direct,Self sign-up,Small,3.0,2,18.0,0,0,0.0189
S16389,Fashion,Chile,Falabella Retail,Self sign-up,Micro,7.0,0,18.0,3,0,0.0189
S15309,Home,Colombia,Marketplace direct,Self sign-up,Small,16.0,2,22.0,2,0,0.0189
S01670,Home,Chile,Sodimac,Self sign-up,Micro,4.0,1,16.0,1,0,0.0189
S17526,Food,Peru,Marketplace direct,Self sign-up,Small,9.0,3,18.0,0,0,0.0189
S19070,Fashion,Chile,Marketplace direct,Sales rep,Small,10.0,3,32.0,2,1,0.0189
S13784,Hardware,Chile,Falabella Retail,Self sign-up,Micro,1.0,0,10.0,0,0,0.0188
S09961,Fashion,Chile,Tottus,Self sign-up,Micro,17.0,1,23.0,5,0,0.0188
S04603,Sports,Chile,Marketplace direct,Self sign-up,Small,3.0,0,13.0,0,0,0.0188
S03414,Home,Colombia,Sodimac,Sales rep,Small,5.0,0,21.0,2,0,0.0188
S11046,Hardware,Chile,Tottus,Self sign-up,Medium,3.0,2,18.0,0,0,0.0188
S08479,Hardware,Peru,Falabella Retail,Self sign-up,Micro,3.0,1,15.0,1,1,0.0188
S13494,Sports,Chile,Marketplace direct,Self sign-up,Small,7.0,3,21.0,2,0,0.0188
S19542,Toys,Colombia,Marketplace direct,Sales rep,Micro,7.0,2,19.0,1,0,0.0188
S08281,Beauty,Chile,Falabella Retail,Sales rep,Micro,5.0,4,24.0,0,0,0.0188
S05113,Food,Peru,Marketplace direct,Self sign-up,Small,9.0,4,21.0,2,0,0.0188
S07607,Electronics,Chile,Falabella Retail,Event,Small,5.0,3,24.0,1,0,0.0188
S06995,Hardware,Colombia,Sodimac,Self sign-up,Micro,5.0,5,21.0,2,0,0.0188
S14829,Hardware,Chile,Falabella Retail,Sales rep,Medium,13.0,4,30.0,0,0,0.0188
S13713,Fashion,Chile,Falabella Retail,Event,Small,3.0,1,21.0,3,0,0.0187
S10825,Sports,Colombia,Falabella Retail,Self sign-up,Micro,17.0,3,20.0,1,0,0.0187
S16229,Food,Chile,Marketplace direct,Self sign-up,Micro,7.0,0,16.0,5,0,0.0187
S05818,Fashion,Chile,Sodimac,Self sign-up,Micro,2.0,1,14.0,0,0,0.0187
S00605,Toys,Peru,Sodimac,Self sign-up,Small,8.0,1,19.0,0,1,0.0187
S12625,Beauty,Chile,Sodimac,Referral,Micro,2.0,2,19.0,1,0,0.0187
S06399,Hardware,Chile,Falabella Retail,Self sign-up,Micro,5.0,1,20.0,6,0,0.0187
S04534,Fashion,Peru,Tottus,Event,Micro,23.0,1,27.0,7,0,0.0187
S15863,Food,Colombia,Falabella Retail,Self sign-up,Small,2.0,1,11.0,0,0,0.0186
S11600,Hardware,Chile,Tottus,Sales rep,Small,5.0,0,21.0,2,0,0.0186
S02038,Beauty,Chile,Falabella Retail,Self sign-up,Medium,7.0,4,26.0,2,0,0.0186
S01612,Toys,Peru,Marketplace direct,Self sign-up,Micro,0.0,0,5.0,0,0,0.0186
S17182,Hardware,Chile,Sodimac,Event,Micro,7.0,0,19.0,1,1,0.0186
S13037,Sports,Chile,Tottus,Self sign-up,Small,2.0,1,14.0,1,0,0.0186
S12878,Sports,Colombia,Falabella Retail,Self sign-up,Micro,5.0,2,15.0,1,0,0.0186
S05508,Toys,Colombia,Marketplace direct,Event,Micro,12.0,4,21.0,1,0,0.0186
S05937,Fashion,Peru,Tottus,Self sign-up,Micro,9.0,1,19.0,1,1,0.0186
S09553,Electronics,Peru,Falabella Retail,Self sign-up,Small,12.0,2,25.0,2,1,0.0186
S18928,Toys,Chile,Falabella Retail,Self sign-up,Micro,8.0,4,23.0,2,1,0.0186
S07365,Electronics,Peru,Falabella Retail,Referral,Medium,8.0,2,28.0,3,0,0.0186
S12888,Hardware,Chile,Tottus,Self sign-up,Micro,15.0,4,25.0,4,0,0.0186
S19242,Sports,Peru,Marketplace direct,Referral,Medium,1.0,0,15.0,0,0,0.0186
S06633,Beauty,Colombia,Marketplace direct,Self sign-up,Medium,8.0,3,24.0,3,0,0.0186
S12683,Electronics,Peru,Sodimac,Self sign-up,Small,4.0,0,18.0,2,0,0.0186
S00800,Toys,Chile,Sodimac,Self sign-up,Small,2.0,3,17.0,1,0,0.0185
S09722,Fashion,Chile,Sodimac,Sales rep,Micro,7.0,0,22.0,2,0,0.0185
S08999,Sports,Colombia,Falabella Retail,Referral,Micro,0.0,1,10.0,0,0,0.0185
S16193,Toys,Peru,Sodimac,Self sign-up,Micro,4.0,0,17.0,7,0,0.0185
S02714,Hardware,Peru,Marketplace direct,Self sign-up,Micro,7.0,2,18.0,2,0,0.0185
S02723,Fashion,Chile,Tottus,Event,Micro,6.0,5,24.0,1,0,0.0185
S05441,Hardware,Chile,Sodimac,Self sign-up,Micro,2.0,1,14.0,1,0,0.0185
S06116,Fashion,Colombia,Falabella Retail,Sales rep,Medium,2.0,0,19.0,0,0,0.0185
S13668,Sports,Peru,Marketplace direct,Self sign-up,Small,2.0,3,18.0,3,0,0.0185
S04212,Fashion,Chile,Tottus,Event,Micro,9.0,2,22.0,2,0,0.0185
S18709,Hardware,Peru,Tottus,Sales rep,Medium,3.0,3,24.0,1,0,0.0185
S01062,Home,Chile,Tottus,Self sign-up,Micro,11.0,1,18.0,1,0,0.0184
S01773,Hardware,Chile,Marketplace direct,Self sign-up,Small,13.0,0,19.0,1,0,0.0184
S10037,Sports,Chile,Tottus,Self sign-up,Micro,4.0,5,20.0,2,0,0.0184
S12380,Toys,Chile,Falabella Retail,Self sign-up,Micro,15.0,2,19.0,1,0,0.0184
S13377,Toys,Peru,Falabella Retail,Self sign-up,Micro,3.0,1,14.0,3,0,0.0184
S00248,Fashion,Chile,Falabella Retail,Self sign-up,Micro,7.0,3,23.0,4,0,0.0184
S12276,Food,Chile,Falabella Retail,Referral,Micro,8.0,2,22.0,4,0,0.0184
S03502,Electronics,Chile,Tottus,Event,Medium,4.0,1,21.0,0,0,0.0184
S09527,Electronics,Chile,Marketplace direct,Self sign-up,Micro,0.0,1,11.0,1,0,0.0184
S17315,Hardware,Peru,Marketplace direct,Event,Small,15.0,0,20.0,0,0,0.0184
S14661,Fashion,Peru,Sodimac,Self sign-up,Micro,6.0,4,22.0,2,0,0.0184
S12943,Hardware,Chile,Marketplace direct,Event,Micro,10.0,0,19.0,1,1,0.0183
S06498,Fashion,Peru,Sodimac,Self sign-up,Small,4.0,1,18.0,1,0,0.0183
S10047,Fashion,Colombia,Sodimac,Self sign-up,Micro,12.0,5,23.0,0,0,0.0183
S05267,Hardware,Peru,Falabella Retail,Self sign-up,Micro,4.0,4,18.0,0,0,0.0183
S09778,Sports,Chile,Tottus,Self sign-up,Small,9.0,4,23.0,2,0,0.0183
S08164,Fashion,Peru,Marketplace direct,Sales rep,Micro,8.0,1,24.0,4,0,0.0183
S12340,Fashion,Peru,Sodimac,Referral,Medium,1.0,1,19.0,0,0,0.0183
S09854,Electronics,Chile,Falabella Retail,Event,Medium,0.0,0,15.0,0,0,0.0183
S17247,Electronics,Chile,Falabella Retail,Self sign-up,Medium,15.0,0,24.0,2,0,0.0183
S07819,Fashion,Chile,Sodimac,Event,Medium,4.0,0,21.0,1,0,0.0183
S01153,Electronics,Chile,Sodimac,Self sign-up,Micro,12.0,3,24.0,2,0,0.0182
S16018,Sports,Chile,Tottus,Sales rep,Micro,3.0,2,18.0,0,0,0.0182
S00617,Fashion,Colombia,Falabella Retail,Self sign-up,Medium,1.0,0,15.0,2,0,0.0182
S07467,Home,Chile,Sodimac,Self sign-up,Small,2.0,3,23.0,1,1,0.0182
S03697,Electronics,Peru,Marketplace direct,Self sign-up,Micro,6.0,4,21.0,1,0,0.0182
S16160,Home,Colombia,Sodimac,Event,Micro,3.0,1,16.0,1,0,0.0182
S03392,Food,Colombia,Sodimac,Self sign-up,Small,2.0,3,15.0,1,0,0.0182
S06136,Food,Chile,Falabella Retail,Self sign-up,Micro,4.0,3,15.0,0,0,0.0182
S10689,Food,Colombia,Marketplace direct,Self sign-up,Small,6.0,0,13.0,1,0,0.0182
S15844,Food,Chile,Sodimac,Self sign-up,Micro,7.0,0,17.0,5,0,0.0182
S00529,Home,Colombia,Falabella Retail,Self sign-up,Micro,7.0,2,19.0,3,0,0.0182
S05524,Home,Chile,Falabella Retail,Self sign-up,Micro,1.0,4,16.0,0,0,0.0182
S03677,Beauty,Chile,Marketplace direct,Sales rep,Small,7.0,2,24.0,0,0,0.0181
S15208,Home,Peru,Tottus,Self sign-up,Small,13.0,4,24.0,1,0,0.0181
S15807,Electronics,Chile,Falabella Retail,Referral,Micro,7.0,0,22.0,3,0,0.0181
S12133,Hardware,Chile,Marketplace direct,Referral,Micro,5.0,4,22.0,0,0,0.0181
S12633,Fashion,Peru,Tottus,Self sign-up,Medium,3.0,4,22.0,1,0,0.0181
S06482,Hardware,Colombia,Marketplace direct,Self sign-up,Small,0.0,0,8.0,0,0,0.0181
S03801,Home,Chile,Falabella Retail,Self sign-up,Micro,5.0,0,16.0,2,0,0.018
S03562,Hardware,Chile,Sodimac,Referral,Micro,4.0,3,21.0,0,1,0.018
S18658,Fashion,Colombia,Tottus,Self sign-up,Small,6.0,1,19.0,3,0,0.018
S03568,Hardware,Chile,Marketplace direct,Referral,Micro,6.0,0,18.0,1,0,0.018
S00283,Home,Chile,Falabella Retail,Sales rep,Small,12.0,2,26.0,0,0,0.018
S04493,Electronics,Chile,Sodimac,Event,Micro,2.0,5,23.0,1,0,0.018
S08322,Electronics,Chile,Marketplace direct,Self sign-up,Micro,1.0,2,14.0,0,0,0.0179
S08012,Sports,Peru,Marketplace direct,Self sign-up,Micro,7.0,1,16.0,2,0,0.0179
S03326,Fashion,Colombia,Marketplace direct,Self sign-up,Micro,1.0,2,12.0,0,0,0.0179
S16423,Fashion,Colombia,Sodimac,Event,Micro,5.0,4,22.0,1,0,0.0179
S18805,Beauty,Colombia,Falabella Retail,Referral,Small,4.0,2,22.0,2,0,0.0179
S03420,Hardware,Chile,Sodimac,Referral,Micro,16.0,2,27.0,4,0,0.0178
S07483,Toys,Chile,Falabella Retail,Event,Small,2.0,0,14.0,0,0,0.0178
S02982,Electronics,Colombia,Sodimac,Self sign-up,Micro,8.0,4,22.0,1,0,0.0178
S08193,Food,Chile,Tottus,Self sign-up,Micro,2.0,1,10.0,0,0,0.0178
S00736,Home,Peru,Sodimac,Self sign-up,Micro,2.0,1,14.0,1,0,0.0178
S18261,Toys,Peru,Marketplace direct,Sales rep,Micro,5.0,1,17.0,0,0,0.0178
S03117,Sports,Chile,Sodimac,Event,Micro,5.0,3,22.0,3,0,0.0178
S07059,Fashion,Peru,Marketplace direct,Self sign-up,Micro,0.0,4,14.0,1,0,0.0178
S17232,Hardware,Chile,Marketplace direct,Self sign-up,Small,5.0,0,18.0,3,0,0.0178
S02679,Fashion,Peru,Marketplace direct,Self sign-up,Micro,5.0,1,16.0,1,0,0.0178
S16200,Home,Colombia,Falabella Retail,Self sign-up,Micro,8.0,1,19.0,4,0,0.0178
S03699,Fashion,Chile,Falabella Retail,Self sign-up,Micro,9.0,1,18.0,0,0,0.0178
S07695,Beauty,Colombia,Sodimac,Self sign-up,Micro,1.0,1,12.0,1,0,0.0178
S07295,Food,Peru,Marketplace direct,Sales rep,Micro,2.0,5,21.0,2,0,0.0178
S06843,Home,Colombia,Falabella Retail,Event,Micro,5.0,0,15.0,0,0,0.0178
S16772,Food,Colombia,Sodimac,Self sign-up,Medium,2.0,1,15.0,2,0,0.0178
S18015,Beauty,Colombia,Marketplace direct,Referral,Micro,3.0,3,21.0,3,0,0.0178
S02531,Sports,Colombia,Marketplace direct,Sales rep,Micro,1.0,3,16.0,0,0,0.0177
S12893,Electronics,Colombia,Sodimac,Self sign-up,Micro,6.0,4,22.0,2,0,0.0177
S01432,Electronics,Chile,Tottus,Self sign-up,Micro,8.0,4,28.0,4,1,0.0177
S18603,Sports,Peru,Tottus,Self sign-up,Small,0.0,4,14.0,1,0,0.0177
S01215,Beauty,Peru,Sodimac,Self sign-up,Micro,2.0,1,15.0,2,0,0.0177
S07675,Beauty,Chile,Marketplace direct,Referral,Medium,6.0,0,24.0,3,0,0.0177
S05619,Electronics,Chile,Sodimac,Sales rep,Micro,4.0,1,21.0,0,0,0.0177
S05080,Home,Chile,Sodimac,Self sign-up,Micro,5.0,1,17.0,1,0,0.0177
S11464,Hardware,Peru,Falabella Retail,Self sign-up,Micro,4.0,1,15.0,1,0,0.0177
S10564,Sports,Chile,Falabella Retail,Referral,Micro,7.0,0,19.0,2,0,0.0177
S06792,Toys,Peru,Marketplace direct,Referral,Micro,2.0,0,13.0,1,0,0.0176
S09756,Toys,Chile,Falabella Retail,Self sign-up,Micro,9.0,4,22.0,3,0,0.0176
S19069,Beauty,Chile,Falabella Retail,Self sign-up,Micro,5.0,1,16.0,0,0,0.0176
S12983,Beauty,Colombia,Falabella Retail,Event,Micro,5.0,1,19.0,3,0,0.0176
S17215,Fashion,Peru,Falabella Retail,Self sign-up,Micro,5.0,0,16.0,2,0,0.0176
S08195,Beauty,Chile,Falabella Retail,Event,Medium,3.0,3,23.0,0,0,0.0176
S13610,Food,Peru,Marketplace direct,Self sign-up,Micro,2.0,0,10.0,2,0,0.0176
S02711,Home,Colombia,Tottus,Self sign-up,Small,7.0,2,18.0,0,0,0.0176
S11623,Sports,Chile,Falabella Retail,Event,Micro,4.0,4,20.0,0,0,0.0176
S16952,Food,Chile,Sodimac,Self sign-up,Micro,5.0,3,17.0,1,0,0.0176
S04933,Home,Colombia,Marketplace direct,Self sign-up,Small,4.0,4,21.0,2,0,0.0176
S11161,Toys,Chile,Sodimac,Referral,Small,6.0,2,22.0,1,0,0.0175
S03758,Food,Chile,Sodimac,Self sign-up,Micro,1.0,5,16.0,1,0,0.0175
S01803,Sports,Chile,Sodimac,Event,Medium,2.0,3,21.0,0,0,0.0175
S09000,Hardware,Peru,Falabella Retail,Self sign-up,Micro,6.0,1,17.0,2,0,0.0175
S08975,Electronics,Peru,Falabella Retail,Self sign-up,Small,5.0,3,21.0,0,0,0.0175
S14591,Food,Colombia,Tottus,Sales rep,Small,5.0,0,16.0,0,0,0.0175
S18684,Hardware,Peru,Tottus,Event,Micro,6.0,5,22.0,0,0,0.0175
S08335,Sports,Peru,Marketplace direct,Event,Medium,7.0,1,21.0,1,0,0.0175
S00155,Sports,Colombia,Marketplace direct,Self sign-up,Micro,3.0,2,16.0,4,0,0.0175
S16737,Food,Chile,Sodimac,Self sign-up,Micro,7.0,3,18.0,1,0,0.0175
S06983,Toys,Chile,Falabella Retail,Self sign-up,Micro,8.0,3,22.0,5,0,0.0175
S14476,Fashion,Colombia,Tottus,Event,Micro,0.0,1,11.0,1,0,0.0174
S16487,Food,Peru,Tottus,Sales rep,Micro,7.0,2,22.0,0,1,0.0174
S05793,Electronics,Chile,Marketplace direct,Self sign-up,Micro,2.0,2,17.0,0,1,0.0174
S13797,Fashion,Colombia,Falabella Retail,Self sign-up,Micro,10.0,2,20.0,2,0,0.0174
S01082,Food,Chile,Falabella Retail,Self sign-up,Medium,7.0,3,23.0,3,0,0.0174
S04461,Fashion,Chile,Marketplace direct,Sales rep,Medium,8.0,1,27.0,2,0,0.0174
S05018,Beauty,Chile,Sodimac,Self sign-up,Micro,4.0,2,18.0,1,0,0.0173
S03381,Hardware,Colombia,Falabella Retail,Self sign-up,Medium,9.0,0,19.0,1,0,0.0173
S02951,Toys,Colombia,Sodimac,Referral,Micro,9.0,0,18.0,2,0,0.0173
S00879,Beauty,Chile,Falabella Retail,Event,Micro,5.0,0,20.0,4,0,0.0173
S11310,Fashion,Peru,Sodimac,Self sign-up,Micro,4.0,1,18.0,3,0,0.0173
S02832,Fashion,Chile,Marketplace direct,Self sign-up,Small,6.0,1,20.0,3,1,0.0173
S15443,Home,Peru,Marketplace direct,Self sign-up,Micro,2.0,0,12.0,1,0,0.0173
S10558,Hardware,Chile,Sodimac,Self sign-up,Small,1.0,1,15.0,1,0,0.0173
S11282,Fashion,Peru,Marketplace direct,Self sign-up,Small,10.0,1,21.0,2,0,0.0173
S10209,Fashion,Peru,Marketplace direct,Self sign-up,Micro,5.0,5,24.0,4,0,0.0173
S09114,Fashion,Colombia,Tottus,Self sign-up,Micro,2.0,4,16.0,0,0,0.0173
S05540,Food,Chile,Falabella Retail,Self sign-up,Micro,4.0,5,18.0,0,0,0.0173
S06866,Beauty,Peru,Sodimac,Self sign-up,Micro,1.0,4,17.0,1,0,0.0173
S03570,Toys,Colombia,Falabella Retail,Self sign-up,Small,12.0,0,19.0,4,0,0.0173
S13617,Food,Chile,Tottus,Sales rep,Micro,1.0,1,14.0,1,0,0.0172
S06776,Fashion,Peru,Marketplace direct,Event,Micro,8.0,0,19.0,2,0,0.0172
S01495,Sports,Chile,Marketplace direct,Self sign-up,Micro,8.0,5,21.0,0,0,0.0172
S05399,Electronics,Peru,Sodimac,Self sign-up,Micro,11.0,0,20.0,3,1,0.0172
S08254,Sports,Colombia,Falabella Retail,Self sign-up,Small,6.0,5,22.0,1,0,0.0172
S00781,Food,Peru,Tottus,Self sign-up,Small,18.0,3,27.0,8,0,0.0172
S05874,Home,Chile,Falabella Retail,Referral,Micro,4.0,1,21.0,3,0,0.0172
S14232,Hardware,Colombia,Sodimac,Self sign-up,Small,5.0,3,20.0,1,0,0.0172
S15989,Fashion,Chile,Falabella Retail,Sales rep,Micro,6.0,1,23.0,2,0,0.0172
S08720,Hardware,Chile,Tottus,Self sign-up,Micro,1.0,1,12.0,1,0,0.0171
S04743,Home,Peru,Falabella Retail,Event,Micro,1.0,2,15.0,0,0,0.0171
S16958,Toys,Chile,Sodimac,Self sign-up,Micro,4.0,0,14.0,2,0,0.0171
S00186,Fashion,Chile,Marketplace direct,Self sign-up,Micro,7.0,1,17.0,0,0,0.0171
S17271,Fashion,Peru,Sodimac,Referral,Micro,7.0,1,22.0,2,0,0.0171
S09229,Fashion,Peru,Marketplace direct,Self sign-up,Micro,12.0,2,21.0,2,0,0.0171
S09394,Toys,Colombia,Falabella Retail,Self sign-up,Micro,7.0,0,13.0,1,0,0.0171
S00813,Beauty,Chile,Sodimac,Event,Micro,5.0,0,18.0,1,0,0.017
S06190,Hardware,Chile,Tottus,Self sign-up,Small,3.0,0,15.0,1,0,0.017
S04092,Hardware,Peru,Sodimac,Event,Micro,8.0,0,19.0,2,0,0.017
S07978,Hardware,Peru,Falabella Retail,Self sign-up,Micro,6.0,1,18.0,3,0,0.017
S12055,Beauty,Chile,Tottus,Self sign-up,Small,6.0,1,18.0,0,0,0.017
S07342,Hardware,Chile,Marketplace direct,Self sign-up,Small,5.0,5,25.0,3,0,0.017
S12026,Hardware,Chile,Marketplace direct,Self sign-up,Small,0.0,4,16.0,1,0,0.0169
S04098,Sports,Colombia,Falabella Retail,Event,Small,9.0,0,21.0,4,0,0.0169
S02118,Electronics,Colombia,Falabella Retail,Self sign-up,Micro,18.0,0,16.0,0,1,0.0169
S03403,Hardware,Colombia,Tottus,Event,Micro,4.0,0,16.0,3,0,0.0169
S16659,Fashion,Chile,Falabella Retail,Self sign-up,Micro,4.0,4,20.0,0,0,0.0169
S02419,Food,Chile,Falabella Retail,Sales rep,Small,2.0,1,19.0,2,0,0.0169
S11195,Sports,Colombia,Sodimac,Referral,Small,7.0,4,28.0,5,0,0.0169
S19292,Beauty,Peru,Falabella Retail,Self sign-up,Micro,6.0,4,21.0,1,0,0.0169
S15133,Fashion,Peru,Tottus,Sales rep,Small,3.0,2,24.0,3,0,0.0169
S14313,Fashion,Chile,Tottus,Self sign-up,Micro,7.0,2,19.0,1,0,0.0169
S14543,Hardware,Chile,Tottus,Sales rep,Small,5.0,3,24.0,0,0,0.0168
S12561,Home,Chile,Falabella Retail,Referral,Medium,4.0,1,24.0,2,0,0.0168
S05745,Electronics,Colombia,Sodimac,Event,Medium,4.0,1,22.0,1,0,0.0168
S18954,Sports,Chile,Falabella Retail,Self sign-up,Micro,11.0,2,21.0,3,0,0.0168
S02687,Sports,Colombia,Tottus,Self sign-up,Small,1.0,1,11.0,0,0,0.0168
S07019,Beauty,Peru,Sodimac,Self sign-up,Micro,13.0,3,24.0,3,0,0.0168
S12041,Hardware,Colombia,Falabella Retail,Event,Micro,3.0,0,14.0,0,1,0.0168
S00313,Fashion,Chile,Tottus,Self sign-up,Small,7.0,2,21.0,1,0,0.0168
S02467,Beauty,Chile,Marketplace direct,Self sign-up,Small,4.0,1,18.0,1,0,0.0168
S11041,Home,Colombia,Falabella Retail,Self sign-up,Micro,3.0,0,12.0,0,0,0.0168
S06334,Toys,Colombia,Tottus,Self sign-up,Medium,4.0,2,18.0,2,0,0.0168
S00843,Fashion,Peru,Tottus,Self sign-up,Micro,13.0,1,20.0,3,1,0.0168
S03625,Beauty,Colombia,Tottus,Sales rep,Micro,5.0,3,22.0,1,0,0.0168
S07755,Hardware,Chile,Falabella Retail,Event,Micro,7.0,3,23.0,2,0,0.0168
S02510,Fashion,Chile,Falabella Retail,Sales rep,Micro,2.0,2,20.0,0,0,0.0167
S10094,Hardware,Chile,Tottus,Event,Micro,2.0,2,16.0,0,0,0.0167
S08656,Home,Colombia,Marketplace direct,Self sign-up,Micro,3.0,0,14.0,3,0,0.0167
S10910,Toys,Peru,Sodimac,Sales rep,Micro,7.0,4,24.0,1,0,0.0167
S07984,Toys,Chile,Tottus,Self sign-up,Micro,16.0,0,18.0,3,0,0.0167
S06321,Fashion,Chile,Sodimac,Self sign-up,Medium,1.0,1,17.0,0,0,0.0167
S05966,Toys,Colombia,Marketplace direct,Self sign-up,Micro,1.0,0,8.0,1,0,0.0167
S06719,Fashion,Colombia,Sodimac,Self sign-up,Micro,10.0,5,23.0,0,0,0.0167
S14437,Sports,Chile,Falabella Retail,Sales rep,Small,14.0,4,30.0,2,0,0.0167
S13324,Sports,Chile,Tottus,Self sign-up,Micro,3.0,2,15.0,1,0,0.0167
S05265,Electronics,Colombia,Marketplace direct,Self sign-up,Small,0.0,3,14.0,0,0,0.0167
S04430,Home,Chile,Falabella Retail,Referral,Small,5.0,4,27.0,2,0,0.0166
S13412,Toys,Peru,Falabella Retail,Self sign-up,Micro,5.0,0,13.0,1,0,0.0166
S16584,Food,Peru,Sodimac,Self sign-up,Small,3.0,5,20.0,1,0,0.0166
S10020,Home,Peru,Falabella Retail,Sales rep,Micro,7.0,0,22.0,3,0,0.0166
S14695,Sports,Peru,Marketplace direct,Event,Small,4.0,1,18.0,1,0,0.0166
S16756,Home,Chile,Falabella Retail,Referral,Micro,3.0,1,18.0,0,0,0.0166
S07165,Fashion,Chile,Marketplace direct,Self sign-up,Micro,1.0,0,12.0,1,0,0.0166
S18580,Home,Colombia,Sodimac,Self sign-up,Micro,4.0,0,14.0,1,0,0.0166
S07211,Toys,Chile,Sodimac,Self sign-up,Micro,10.0,2,22.0,5,0,0.0166
S14516,Sports,Colombia,Sodimac,Self sign-up,Micro,11.0,3,23.0,5,0,0.0166
S10295,Sports,Chile,Marketplace direct,Sales rep,Micro,10.0,0,22.0,3,0,0.0165
S09602,Sports,Chile,Marketplace direct,Self sign-up,Micro,6.0,2,18.0,2,0,0.0165
S14748,Food,Colombia,Falabella Retail,Event,Micro,3.0,3,17.0,2,0,0.0165
S03024,Home,Chile,Falabella Retail,Sales rep,Micro,12.0,1,24.0,1,0,0.0165
S05559,Electronics,Chile,Tottus,Event,Small,8.0,1,26.0,5,0,0.0165
S18231,Home,Peru,Sodimac,Self sign-up,Small,4.0,4,23.0,2,0,0.0165
S15986,Toys,Chile,Falabella Retail,Referral,Small,1.0,2,17.0,0,0,0.0164
S13437,Home,Chile,Falabella Retail,Self sign-up,Small,8.0,0,20.0,2,1,0.0164
S13059,Beauty,Colombia,Marketplace direct,Self sign-up,Micro,5.0,5,24.0,5,0,0.0164
S12703,Sports,Peru,Tottus,Sales rep,Small,5.0,1,20.0,0,0,0.0164
S01031,Toys,Colombia,Marketplace direct,Referral,Micro,4.0,0,16.0,3,0,0.0164
S09827,Fashion,Colombia,Falabella Retail,Sales rep,Micro,1.0,1,16.0,0,0,0.0164
S10546,Beauty,Peru,Marketplace direct,Self sign-up,Small,4.0,0,17.0,2,0,0.0164
S05569,Hardware,Chile,Tottus,Referral,Micro,4.0,0,18.0,2,0,0.0164
S05664,Home,Colombia,Sodimac,Self sign-up,Micro,1.0,0,11.0,1,0,0.0163
S09988,Home,Colombia,Falabella Retail,Event,Medium,9.0,0,25.0,5,0,0.0163
S09037,Beauty,Chile,Sodimac,Referral,Micro,8.0,0,20.0,0,0,0.0163
S00152,Electronics,Colombia,Sodimac,Self sign-up,Micro,8.0,3,22.0,2,0,0.0163
S00883,Fashion,Chile,Tottus,Event,Micro,1.0,0,13.0,0,0,0.0163
S08609,Home,Colombia,Falabella Retail,Self sign-up,Micro,11.0,0,17.0,0,1,0.0163
S08619,Toys,Chile,Falabella Retail,Self sign-up,Micro,10.0,3,19.0,0,0,0.0163
S01835,Electronics,Chile,Tottus,Self sign-up,Small,8.0,1,24.0,1,1,0.0163
S00545,Fashion,Chile,Sodimac,Self sign-up,Micro,5.0,5,24.0,0,1,0.0163
S14858,Home,Chile,Falabella Retail,Event,Micro,12.0,0,22.0,3,0,0.0163
S05976,Toys,Colombia,Falabella Retail,Self sign-up,Micro,1.0,4,14.0,1,0,0.0163
S03102,Food,Colombia,Falabella Retail,Self sign-up,Micro,9.0,0,15.0,3,0,0.0163
S17956,Sports,Colombia,Falabella Retail,Self sign-up,Micro,2.0,3,14.0,0,0,0.0163
S10023,Food,Colombia,Falabella Retail,Sales rep,Micro,5.0,0,16.0,1,0,0.0162
S02381,Home,Chile,Falabella Retail,Self sign-up,Micro,2.0,1,14.0,0,0,0.0162
S14502,Fashion,Chile,Marketplace direct,Referral,Micro,2.0,1,18.0,1,0,0.0162
S14972,Fashion,Chile,Marketplace direct,Referral,Micro,3.0,4,23.0,1,0,0.0162
S07021,Food,Colombia,Sodimac,Self sign-up,Micro,1.0,2,11.0,1,0,0.0162
S16249,Hardware,Colombia,Marketplace direct,Sales rep,Micro,16.0,0,23.0,3,0,0.0162
S03988,Food,Peru,Marketplace direct,Self sign-up,Micro,3.0,4,16.0,1,0,0.0162
S13772,Beauty,Colombia,Falabella Retail,Event,Small,3.0,2,19.0,0,0,0.0162
S05280,Food,Peru,Falabella Retail,Sales rep,Small,6.0,2,22.0,1,0,0.0162
S13032,Electronics,Colombia,Falabella Retail,Self sign-up,Micro,13.0,3,24.0,3,0,0.0162
S19423,Food,Colombia,Falabella Retail,Event,Micro,5.0,5,22.0,3,0,0.0162
S14987,Fashion,Chile,Falabella Retail,Self sign-up,Micro,1.0,4,18.0,1,0,0.0162
S08137,Electronics,Chile,Falabella Retail,Self sign-up,Small,9.0,4,26.0,1,0,0.0161
S17930,Fashion,Colombia,Falabella Retail,Event,Micro,15.0,0,21.0,2,0,0.0161
S15952,Beauty,Colombia,Falabella Retail,Self sign-up,Micro,4.0,3,18.0,1,0,0.0161
S02451,Toys,Chile,Falabella Retail,Event,Micro,7.0,1,23.0,7,0,0.0161
S08836,Sports,Peru,Falabella Retail,Self sign-up,Micro,10.0,1,19.0,3,0,0.0161
S02039,Toys,Colombia,Tottus,Self sign-up,Medium,3.0,0,14.0,1,0,0.0161
S00746,Home,Chile,Falabella Retail,Self sign-up,Small,0.0,0,11.0,0,0,0.0161
S18973,Electronics,Chile,Falabella Retail,Self sign-up,Micro,4.0,4,21.0,0,1,0.0161
S04443,Food,Peru,Sodimac,Event,Micro,12.0,4,22.0,0,0,0.0161
S14035,Sports,Colombia,Falabella Retail,Self sign-up,Micro,2.0,3,15.0,1,1,0.016
S07777,Hardware,Chile,Sodimac,Sales rep,Micro,5.0,0,21.0,2,0,0.016
S16996,Food,Colombia,Sodimac,Self sign-up,Micro,9.0,4,20.0,2,0,0.016
S04039,Hardware,Chile,Sodimac,Sales rep,Small,1.0,1,19.0,0,0,0.016
S06124,Electronics,Peru,Falabella Retail,Self sign-up,Small,2.0,0,16.0,1,0,0.016
S13917,Beauty,Peru,Falabella Retail,Event,Small,5.0,1,24.0,5,0,0.016
S01425,Fashion,Peru,Marketplace direct,Self sign-up,Medium,7.0,3,24.0,1,0,0.0159
S15048,Sports,Colombia,Marketplace direct,Self sign-up,Small,4.0,2,16.0,0,0,0.0159
S08000,Beauty,Peru,Marketplace direct,Self sign-up,Small,9.0,2,23.0,3,0,0.0159
S03712,Food,Peru,Sodimac,Referral,Micro,4.0,1,16.0,0,0,0.0159
S18852,Sports,Chile,Falabella Retail,Event,Micro,13.0,2,23.0,2,0,0.0159
S15929,Home,Colombia,Marketplace direct,Event,Small,4.0,0,19.0,3,0,0.0159
S19519,Fashion,Colombia,Falabella Retail,Self sign-up,Small,9.0,0,19.0,0,1,0.0159
S18088,Fashion,Colombia,Sodimac,Self sign-up,Micro,1.0,1,13.0,1,0,0.0159
S16122,Electronics,Colombia,Sodimac,Self sign-up,Micro,6.0,5,24.0,2,0,0.0159
S05091,Toys,Chile,Marketplace direct,Self sign-up,Medium,7.0,5,24.0,0,0,0.0159
S04969,Sports,Chile,Falabella Retail,Self sign-up,Medium,4.0,3,21.0,0,0,0.0158
S10714,Sports,Chile,Marketplace direct,Self sign-up,Micro,7.0,1,19.0,4,0,0.0158
S12501,Electronics,Colombia,Tottus,Sales rep,Micro,4.0,4,24.0,1,0,0.0158
S16517,Beauty,Peru,Falabella Retail,Sales rep,Small,5.0,0,21.0,0,0,0.0158
S19445,Beauty,Chile,Marketplace direct,Self sign-up,Micro,5.0,1,17.0,1,0,0.0158
S17026,Food,Peru,Falabella Retail,Self sign-up,Micro,4.0,0,12.0,1,0,0.0158
S04377,Home,Peru,Falabella Retail,Self sign-up,Small,11.0,1,21.0,1,0,0.0158
S06264,Fashion,Chile,Sodimac,Self sign-up,Small,6.0,2,22.0,1,0,0.0158
S06460,Home,Peru,Falabella Retail,Self sign-up,Micro,3.0,4,21.0,3,0,0.0158
S01633,Sports,Peru,Sodimac,Self sign-up,Micro,10.0,2,20.0,2,0,0.0158
S18124,Fashion,Chile,Sodimac,Self sign-up,Micro,1.0,2,15.0,0,0,0.0158
S02615,Fashion,Peru,Marketplace direct,Self sign-up,Small,2.0,1,18.0,3,0,0.0158
S18281,Home,Chile,Marketplace direct,Referral,Small,7.0,4,27.0,1,0,0.0157
S09710,Hardware,Peru,Falabella Retail,Self sign-up,Micro,5.0,2,25.0,10,0,0.0157
S03993,Home,Peru,Falabella Retail,Self sign-up,Micro,3.0,0,14.0,1,0,0.0157
S08638,Beauty,Chile,Falabella Retail,Self sign-up,Micro,2.0,0,13.0,0,0,0.0157
S05777,Beauty,Chile,Marketplace direct,Self sign-up,Small,8.0,1,22.0,3,0,0.0157
S13299,Sports,Chile,Falabella Retail,Referral,Micro,15.0,1,25.0,4,0,0.0157
S12925,Electronics,Peru,Marketplace direct,Self sign-up,Micro,2.0,1,15.0,1,0,0.0157
S01614,Hardware,Chile,Marketplace direct,Sales rep,Micro,6.0,0,20.0,1,0,0.0157
S02662,Fashion,Colombia,Tottus,Self sign-up,Micro,0.0,2,11.0,1,0,0.0157
S11838,Sports,Chile,Falabella Retail,Sales rep,Micro,15.0,2,30.0,7,0,0.0157
S17347,Fashion,Colombia,Sodimac,Self sign-up,Small,4.0,3,20.0,0,0,0.0157
S17273,Sports,Colombia,Sodimac,Sales rep,Micro,3.0,2,21.0,3,0,0.0157
S02985,Home,Colombia,Sodimac,Event,Medium,6.0,2,23.0,0,0,0.0157
S02792,Toys,Chile,Tottus,Self sign-up,Micro,22.0,2,27.0,9,0,0.0157
S03663,Sports,Chile,Falabella Retail,Sales rep,Micro,12.0,0,25.0,5,0,0.0156
S15599,Sports,Colombia,Falabella Retail,Self sign-up,Small,10.0,0,19.0,3,0,0.0156
S12735,Food,Peru,Sodimac,Event,Micro,5.0,0,15.0,1,0,0.0156
S03155,Home,Colombia,Sodimac,Self sign-up,Micro,3.0,4,22.0,0,1,0.0156
S13725,Food,Chile,Marketplace direct,Self sign-up,Micro,3.0,1,12.0,0,0,0.0156
S12731,Electronics,Peru,Sodimac,Self sign-up,Small,5.0,0,18.0,0,0,0.0156
S05756,Electronics,Chile,Marketplace direct,Sales rep,Micro,5.0,0,21.0,1,0,0.0156
S18033,Food,Chile,Marketplace direct,Self sign-up,Small,7.0,3,19.0,0,0,0.0156
S13079,Food,Chile,Falabella Retail,Self sign-up,Micro,5.0,2,16.0,1,0,0.0156
S02452,Sports,Chile,Sodimac,Sales rep,Micro,3.0,2,20.0,0,0,0.0156
S05155,Electronics,Chile,Marketplace direct,Event,Small,4.0,4,27.0,3,0,0.0156
S12212,Sports,Peru,Falabella Retail,Sales rep,Micro,18.0,0,24.0,2,1,0.0156
S06944,Fashion,Colombia,Falabella Retail,Self sign-up,Medium,3.0,4,22.0,0,0,0.0156
S02448,Beauty,Chile,Falabella Retail,Sales rep,Small,1.0,1,21.0,2,0,0.0156
S00619,Electronics,Chile,Falabella Retail,Sales rep,Micro,2.0,3,24.0,2,0,0.0156
S17085,Fashion,Chile,Tottus,Sales rep,Micro,1.0,1,17.0,0,0,0.0156
S10086,Sports,Chile,Marketplace direct,Sales rep,Micro,0.0,1,14.0,1,0,0.0156
S18003,Fashion,Colombia,Falabella Retail,Self sign-up,Micro,9.0,1,19.0,2,0,0.0156
S12275,Fashion,Peru,Sodimac,Referral,Micro,8.0,4,27.0,2,0,0.0155
S19179,Home,Peru,Sodimac,Self sign-up,Micro,10.0,1,20.0,2,0,0.0155
S18169,Hardware,Chile,Falabella Retail,Event,Small,4.0,0,19.0,1,0,0.0155
S19709,Hardware,Colombia,Sodimac,Self sign-up,Micro,6.0,1,12.0,0,1,0.0155
S00374,Electronics,Peru,Tottus,Self sign-up,Micro,2.0,1,14.0,0,0,0.0155
S03324,Beauty,Chile,Marketplace direct,Self sign-up,Small,4.0,2,19.0,0,0,0.0155
S07605,Food,Chile,Tottus,Self sign-up,Micro,8.0,0,14.0,1,0,0.0155
S15628,Toys,Colombia,Tottus,Self sign-up,Small,6.0,4,20.0,2,1,0.0155
S13538,Home,Colombia,Sodimac,Self sign-up,Micro,3.0,1,15.0,1,0,0.0155
S15396,Hardware,Colombia,Falabella Retail,Self sign-up,Small,4.0,4,21.0,1,0,0.0155
S12454,Beauty,Colombia,Sodimac,Sales rep,Small,1.0,0,17.0,0,0,0.0154
S04276,Fashion,Colombia,Sodimac,Sales rep,Micro,7.0,1,23.0,2,0,0.0154
S19678,Sports,Chile,Marketplace direct,Event,Micro,1.0,1,14.0,1,0,0.0154
S06013,Sports,Colombia,Falabella Retail,Self sign-up,Micro,2.0,5,17.0,0,0,0.0154
S05314,Fashion,Peru,Marketplace direct,Self sign-up,Micro,11.0,1,20.0,2,0,0.0154
S12941,Fashion,Colombia,Falabella Retail,Referral,Small,5.0,2,23.0,1,0,0.0154
S07110,Food,Colombia,Sodimac,Self sign-up,Small,4.0,2,18.0,3,0,0.0154
S04473,Electronics,Peru,Marketplace direct,Self sign-up,Micro,8.0,5,25.0,2,0,0.0154
S01157,Electronics,Colombia,Falabella Retail,Self sign-up,Micro,2.0,4,18.0,0,0,0.0154
S19509,Sports,Peru,Tottus,Event,Small,2.0,2,17.0,0,0,0.0154
S18468,Hardware,Peru,Sodimac,Self sign-up,Micro,4.0,5,24.0,4,0,0.0154
S18671,Sports,Colombia,Tottus,Self sign-up,Small,1.0,0,11.0,1,0,0.0154
S19729,Toys,Colombia,Falabella Retail,Self sign-up,Micro,2.0,0,12.0,0,1,0.0154
S17704,Hardware,Colombia,Tottus,Event,Small,0.0,2,15.0,2,0,0.0154
S01182,Electronics,Colombia,Marketplace direct,Self sign-up,Micro,3.0,3,18.0,1,0,0.0153
S16217,Fashion,Peru,Marketplace direct,Self sign-up,Medium,4.0,4,24.0,1,0,0.0153
S12916,Fashion,Colombia,Falabella Retail,Self sign-up,Micro,9.0,1,24.0,8,0,0.0153
S07478,Fashion,Chile,Sodimac,Self sign-up,Small,6.0,2,23.0,2,0,0.0153
S05313,Sports,Chile,Tottus,Referral,Micro,3.0,4,23.0,3,0,0.0153
S05108,Fashion,Chile,Sodimac,Self sign-up,Micro,12.0,4,25.0,1,0,0.0152
S12835,Electronics,Colombia,Tottus,Sales rep,Micro,2.0,2,19.0,0,0,0.0152
S01516,Electronics,Colombia,Falabella Retail,Self sign-up,Micro,3.0,1,15.0,0,0,0.0152
S07973,Electronics,Chile,Falabella Retail,Self sign-up,Micro,4.0,1,18.0,1,0,0.0152
S00010,Fashion,Chile,Falabella Retail,Self sign-up,Micro,5.0,2,21.0,3,0,0.0152
S07788,Beauty,Chile,Falabella Retail,Event,Small,8.0,1,23.0,1,0,0.0152
S06035,Hardware,Chile,Marketplace direct,Sales rep,Medium,3.0,0,22.0,1,0,0.0152
S01445,Beauty,Colombia,Tottus,Self sign-up,Small,5.0,4,24.0,4,0,0.0152
S17611,Beauty,Chile,Marketplace direct,Self sign-up,Small,3.0,2,20.0,2,0,0.0152
S09599,Beauty,Peru,Falabella Retail,Self sign-up,Medium,8.0,3,24.0,0,0,0.0152
S02763,Home,Chile,Tottus,Self sign-up,Micro,5.0,1,16.0,0,0,0.0152
S07685,Hardware,Colombia,Sodimac,Self sign-up,Micro,1.0,1,14.0,3,0,0.0152
S01185,Hardware,Chile,Falabella Retail,Self sign-up,Micro,6.0,2,19.0,1,0,0.0152
S12772,Sports,Peru,Sodimac,Self sign-up,Micro,3.0,2,16.0,1,0,0.0152
S08800,Home,Chile,Marketplace direct,Referral,Small,13.0,0,27.0,5,0,0.0152
S11533,Toys,Peru,Sodimac,Referral,Micro,7.0,1,21.0,3,0,0.0152
S07502,Home,Chile,Falabella Retail,Event,Micro,3.0,0,16.0,0,0,0.0152
S03304,Toys,Chile,Tottus,Self sign-up,Medium,2.0,4,21.0,2,0,0.0152
S18788,Food,Colombia,Tottus,Self sign-up,Medium,1.0,3,17.0,3,0,0.0152
S15584,Hardware,Chile,Sodimac,Referral,Small,6.0,0,21.0,0,0,0.0152
S11725,Electronics,Peru,Falabella Retail,Self sign-up,Small,2.0,2,19.0,1,0,0.0152
S01986,Home,Chile,Tottus,Self sign-up,Small,7.0,4,23.0,0,0,0.0151
S19406,Hardware,Chile,Falabella Retail,Self sign-up,Small,4.0,0,18.0,2,0,0.0151
S18784,Home,Colombia,Tottus,Self sign-up,Micro,10.0,0,12.0,0,1,0.0151
S14081,Electronics,Colombia,Tottus,Self sign-up,Micro,2.0,1,15.0,2,0,0.0151
S16261,Hardware,Chile,Tottus,Event,Micro,4.0,1,17.0,0,0,0.0151
S05259,Home,Chile,Tottus,Self sign-up,Micro,1.0,5,21.0,4,0,0.0151
S15286,Food,Chile,Sodimac,Self sign-up,Micro,1.0,0,11.0,2,0,0.0151
S09782,Sports,Colombia,Falabella Retail,Self sign-up,Micro,0.0,0,10.0,4,0,0.0151
S05446,Hardware,Colombia,Sodimac,Self sign-up,Medium,5.0,1,19.0,0,0,0.0151
S02327,Home,Colombia,Falabella Retail,Self sign-up,Small,2.0,1,15.0,0,0,0.015
S03834,Home,Peru,Marketplace direct,Self sign-up,Micro,25.0,5,26.0,0,0,0.015
S15873,Sports,Chile,Marketplace direct,Self sign-up,Medium,4.0,4,23.0,1,0,0.015
S15731,Beauty,Colombia,Falabella Retail,Referral,Micro,0.0,2,14.0,0,0,0.015
S01133,Toys,Peru,Sodimac,Event,Micro,6.0,4,21.0,0,0,0.015
S15513,Fashion,Colombia,Sodimac,Self sign-up,Micro,13.0,0,21.0,4,0,0.015
S03487,Toys,Peru,Falabella Retail,Self sign-up,Micro,16.0,0,16.0,2,1,0.015
S13882,Fashion,Peru,Falabella Retail,Self sign-up,Micro,8.0,3,24.0,4,0,0.015
S11042,Toys,Chile,Marketplace direct,Sales rep,Micro,6.0,1,20.0,1,0,0.0149
S10266,Fashion,Chile,Marketplace direct,Sales rep,Micro,6.0,1,24.0,1,1,0.0149
S10972,Food,Colombia,Sodimac,Referral,Micro,1.0,3,16.0,1,0,0.0149
S03087,Fashion,Peru,Marketplace direct,Referral,Small,3.0,1,20.0,0,0,0.0149
S01591,Electronics,Chile,Falabella Retail,Self sign-up,Small,7.0,3,26.0,3,0,0.0149
S09640,Toys,Chile,Marketplace direct,Self sign-up,Small,13.0,4,24.0,1,0,0.0149
S05832,Home,Chile,Falabella Retail,Sales rep,Micro,11.0,0,23.0,1,0,0.0149
S03078,Beauty,Chile,Falabella Retail,Referral,Micro,4.0,1,22.0,3,0,0.0149
S11554,Sports,Peru,Sodimac,Sales rep,Micro,13.0,4,29.0,3,0,0.0149
S15725,Home,Chile,Falabella Retail,Self sign-up,Small,6.0,0,18.0,0,0,0.0149
S10400,Food,Chile,Marketplace direct,Self sign-up,Micro,6.0,1,15.0,1,0,0.0149
S04358,Fashion,Colombia,Sodimac,Event,Small,2.0,0,19.0,3,0,0.0148
S11688,Beauty,Peru,Falabella Retail,Self sign-up,Micro,7.0,1,19.0,2,0,0.0148
S18397,Fashion,Peru,Marketplace direct,Self sign-up,Small,33.0,0,26.0,4,0,0.0148
S18267,Fashion,Chile,Falabella Retail,Self sign-up,Micro,3.0,1,16.0,0,0,0.0148
S06240,Sports,Chile,Sodimac,Self sign-up,Medium,3.0,3,21.0,0,0,0.0148
S13736,Beauty,Chile,Sodimac,Event,Micro,3.0,1,18.0,0,0,0.0148
S19327,Electronics,Peru,Marketplace direct,Self sign-up,Small,2.0,4,23.0,3,0,0.0148
S17967,Beauty,Chile,Falabella Retail,Event,Small,5.0,1,21.0,0,0,0.0148
S07990,Beauty,Peru,Tottus,Referral,Small,7.0,5,28.0,1,0,0.0148
S04258,Food,Chile,Sodimac,Self sign-up,Micro,7.0,3,19.0,1,0,0.0148
S13286,Hardware,Chile,Falabella Retail,Referral,Micro,0.0,5,19.0,0,0,0.0148
S05639,Beauty,Peru,Tottus,Event,Micro,2.0,0,14.0,0,0,0.0148
S10066,Fashion,Chile,Tottus,Self sign-up,Micro,2.0,0,13.0,0,0,0.0147
S04032,Sports,Colombia,Marketplace direct,Self sign-up,Micro,4.0,4,18.0,1,0,0.0147
S17039,Toys,Colombia,Sodimac,Self sign-up,Medium,5.0,3,21.0,1,0,0.0147
S03507,Hardware,Chile,Marketplace direct,Self sign-up,Micro,3.0,3,19.0,2,0,0.0147
S18342,Home,Peru,Marketplace direct,Event,Micro,6.0,3,21.0,0,0,0.0147
S08004,Toys,Colombia,Marketplace direct,Self sign-up,Micro,10.0,2,18.0,2,0,0.0147
S12974,Electronics,Chile,Falabella Retail,Event,Small,4.0,4,27.0,2,0,0.0147
S06573,Beauty,Chile,Tottus,Event,Small,2.0,4,22.0,0,0,0.0147
S00896,Home,Chile,Tottus,Self sign-up,Micro,3.0,2,17.0,1,0,0.0147
S10941,Food,Chile,Falabella Retail,Referral,Micro,3.0,1,16.0,0,0,0.0147
S04146,Electronics,Chile,Falabella Retail,Self sign-up,Small,3.0,5,24.0,0,0,0.0147
S02913,Sports,Colombia,Marketplace direct,Event,Micro,4.0,4,20.0,1,0,0.0146
S09902,Toys,Chile,Falabella Retail,Referral,Small,2.0,0,18.0,2,0,0.0146
S03703,Sports,Chile,Marketplace direct,Referral,Small,3.0,1,19.0,0,0,0.0146
S16066,Home,Chile,Falabella Retail,Sales rep,Micro,9.0,2,26.0,2,0,0.0146
S16312,Hardware,Colombia,Sodimac,Self sign-up,Micro,8.0,2,19.0,1,0,0.0146
S08025,Fashion,Peru,Marketplace direct,Self sign-up,Small,4.0,0,18.0,2,0,0.0146
S18245,Toys,Chile,Tottus,Self sign-up,Micro,9.0,1,20.0,5,0,0.0146
S07039,Food,Peru,Falabella Retail,Self sign-up,Small,3.0,3,21.0,5,0,0.0146
S14360,Electronics,Colombia,Sodimac,Self sign-up,Micro,6.0,3,21.0,1,0,0.0146
S15779,Fashion,Chile,Marketplace direct,Sales rep,Micro,5.0,0,20.0,0,0,0.0146
S10017,Hardware,Chile,Sodimac,Self sign-up,Micro,3.0,0,18.0,2,1,0.0146
S07280,Toys,Chile,Tottus,Self sign-up,Micro,0.0,1,9.0,1,0,0.0146
S16393,Food,Chile,Marketplace direct,Sales rep,Small,18.0,5,31.0,2,0,0.0146
S05980,Fashion,Colombia,Marketplace direct,Referral,Small,12.0,3,26.0,0,0,0.0146
S15420,Sports,Peru,Marketplace direct,Self sign-up,Micro,8.0,1,16.0,0,0,0.0145
S05461,Electronics,Peru,Marketplace direct,Self sign-up,Micro,5.0,4,21.0,0,0,0.0145
S18387,Home,Chile,Tottus,Self sign-up,Micro,8.0,5,23.0,0,0,0.0145
S16750,Home,Peru,Marketplace direct,Self sign-up,Micro,8.0,0,20.0,5,0,0.0145
S13367,Home,Colombia,Sodimac,Event,Micro,3.0,0,16.0,1,0,0.0145
S03836,Sports,Chile,Falabella Retail,Self sign-up,Medium,5.0,0,23.0,6,0,0.0145
S09751,Hardware,Chile,Tottus,Self sign-up,Small,7.0,5,25.0,1,0,0.0145
S13321,Electronics,Chile,Tottus,Self sign-up,Micro,13.0,2,24.0,3,0,0.0145
S17822,Fashion,Chile,Falabella Retail,Sales rep,Micro,5.0,2,24.0,1,0,0.0145
S17301,Fashion,Peru,Sodimac,Self sign-up,Micro,1.0,0,13.0,1,0,0.0145
S15100,Sports,Colombia,Marketplace direct,Self sign-up,Small,5.0,2,18.0,1,0,0.0145
S16559,Electronics,Colombia,Falabella Retail,Self sign-up,Micro,1.0,4,17.0,0,0,0.0145
S16446,Fashion,Chile,Falabella Retail,Self sign-up,Micro,1.0,5,20.0,1,0,0.0145
S01058,Beauty,Peru,Falabella Retail,Self sign-up,Micro,3.0,1,16.0,1,0,0.0145
S16350,Electronics,Peru,Sodimac,Self sign-up,Micro,2.0,3,19.0,1,0,0.0145
S19656,Sports,Colombia,Falabella Retail,Self sign-up,Micro,0.0,3,11.0,0,0,0.0145
S10361,Beauty,Chile,Sodimac,Self sign-up,Micro,3.0,1,17.0,1,0,0.0144
S00060,Sports,Colombia,Sodimac,Self sign-up,Micro,7.0,3,20.0,2,0,0.0144
S12235,Hardware,Peru,Sodimac,Event,Small,2.0,4,22.0,0,0,0.0144
S04943,Food,Chile,Falabella Retail,Referral,Small,6.0,4,24.0,0,0,0.0144
S18142,Food,Chile,Falabella Retail,Self sign-up,Micro,6.0,2,17.0,1,0,0.0144
S15068,Electronics,Chile,Sodimac,Self sign-up,Micro,2.0,4,21.0,1,0,0.0144
S01878,Beauty,Peru,Falabella Retail,Event,Micro,6.0,0,21.0,4,0,0.0144
S11504,Hardware,Chile,Marketplace direct,Self sign-up,Micro,5.0,1,17.0,1,0,0.0144
S08393,Sports,Chile,Falabella Retail,Sales rep,Medium,2.0,0,21.0,1,0,0.0144
S09760,Hardware,Chile,Tottus,Event,Micro,9.0,5,25.0,0,0,0.0143
S11781,Beauty,Colombia,Sodimac,Self sign-up,Medium,1.0,4,21.0,1,0,0.0143
S05497,Home,Colombia,Tottus,Referral,Micro,9.0,5,26.0,1,0,0.0143
S05528,Food,Chile,Falabella Retail,Self sign-up,Micro,2.0,2,15.0,2,0,0.0143
S01713,Hardware,Chile,Sodimac,Self sign-up,Micro,0.0,1,11.0,0,0,0.0143
S13800,Home,Chile,Sodimac,Self sign-up,Micro,8.0,5,25.0,1,0,0.0143
S01009,Fashion,Colombia,Marketplace direct,Self sign-up,Micro,11.0,2,21.0,2,0,0.0143
S06945,Toys,Colombia,Sodimac,Self sign-up,Medium,2.0,0,14.0,0,0,0.0143
S17502,Electronics,Chile,Falabella Retail,Self sign-up,Micro,5.0,1,19.0,1,0,0.0143
S08147,Home,Peru,Falabella Retail,Referral,Micro,8.0,1,21.0,0,0,0.0143
S08102,Toys,Colombia,Marketplace direct,Event,Micro,6.0,2,17.0,0,0,0.0142
S13488,Beauty,Chile,Tottus,Event,Micro,2.0,1,17.0,1,0,0.0142
S18179,Hardware,Chile,Tottus,Self sign-up,Micro,2.0,2,15.0,0,0,0.0142
S06970,Toys,Colombia,Falabella Retail,Event,Micro,8.0,5,29.0,3,1,0.0142
S01123,Home,Chile,Marketplace direct,Self sign-up,Micro,8.0,2,21.0,2,0,0.0142
S12506,Sports,Colombia,Sodimac,Self sign-up,Micro,5.0,5,21.0,1,0,0.0142
S03857,Fashion,Chile,Sodimac,Self sign-up,Medium,2.0,0,18.0,0,0,0.0142
S06331,Food,Colombia,Marketplace direct,Referral,Small,5.0,2,19.0,0,0,0.0142
S13926,Fashion,Chile,Falabella Retail,Self sign-up,Micro,8.0,1,19.0,0,0,0.0142
S13420,Fashion,Colombia,Marketplace direct,Self sign-up,Micro,12.0,0,17.0,0,0,0.0142
S18036,Beauty,Chile,Marketplace direct,Self sign-up,Micro,0.0,5,17.0,1,0,0.0141
S03210,Fashion,Chile,Sodimac,Sales rep,Small,9.0,3,32.0,4,0,0.0141
S07916,Hardware,Colombia,Tottus,Sales rep,Micro,10.0,5,28.0,2,0,0.0141
S07281,Electronics,Peru,Falabella Retail,Referral,Micro,9.0,3,26.0,1,0,0.0141
S13453,Beauty,Chile,Falabella Retail,Event,Micro,8.0,2,22.0,0,0,0.0141
S06103,Hardware,Chile,Falabella Retail,Self sign-up,Micro,11.0,1,24.0,6,0,0.0141
S03791,Home,Chile,Falabella Retail,Self sign-up,Micro,2.0,2,17.0,1,0,0.0141
S06367,Home,Chile,Falabella Retail,Self sign-up,Micro,3.0,5,22.0,1,0,0.0141
S08381,Beauty,Colombia,Marketplace direct,Event,Micro,1.0,0,14.0,2,0,0.0141
S04708,Home,Peru,Tottus,Sales rep,Small,5.0,4,27.0,1,0,0.0141
S18223,Hardware,Peru,Marketplace direct,Referral,Micro,5.0,2,21.0,1,0,0.0141
S16769,Electronics,Peru,Sodimac,Self sign-up,Micro,9.0,0,20.0,2,0,0.0141
S18681,Sports,Peru,Sodimac,Self sign-up,Micro,5.0,2,17.0,0,0,0.0141
S18990,Beauty,Chile,Marketplace direct,Event,Small,8.0,1,23.0,1,0,0.0141
S05242,Home,Chile,Sodimac,Referral,Small,5.0,3,27.0,2,0,0.0141
S14612,Fashion,Peru,Tottus,Self sign-up,Micro,1.0,5,18.0,0,0,0.0141
S10280,Sports,Peru,Sodimac,Sales rep,Micro,3.0,2,20.0,0,0,0.014
S10103,Hardware,Colombia,Tottus,Sales rep,Medium,1.0,1,19.0,0,0,0.014
S09819,Hardware,Colombia,Tottus,Event,Micro,5.0,5,22.0,0,0,0.014
S12495,Food,Peru,Marketplace direct,Event,Micro,3.0,1,14.0,0,0,0.014
S10080,Beauty,Chile,Tottus,Sales rep,Micro,6.0,0,21.0,1,0,0.014
S02906,Food,Peru,Tottus,Event,Medium,6.0,0,18.0,0,0,0.0139
S13448,Hardware,Chile,Tottus,Self sign-up,Micro,6.0,5,22.0,0,0,0.0139
S13475,Beauty,Chile,Falabella Retail,Referral,Micro,7.0,0,21.0,1,0,0.0139
S15869,Food,Chile,Tottus,Sales rep,Micro,4.0,0,17.0,1,0,0.0139
S01846,Home,Chile,Tottus,Sales rep,Micro,7.0,2,24.0,1,0,0.0139
S10613,Electronics,Chile,Falabella Retail,Self sign-up,Micro,15.0,5,27.0,0,0,0.0139
S04002,Hardware,Chile,Marketplace direct,Sales rep,Small,3.0,4,27.0,2,0,0.0139
S10851,Fashion,Chile,Falabella Retail,Self sign-up,Micro,0.0,0,12.0,2,0,0.0139
S10563,Home,Peru,Marketplace direct,Sales rep,Micro,11.0,2,25.0,1,0,0.0139
S06932,Beauty,Colombia,Falabella Retail,Referral,Medium,7.0,5,30.0,1,0,0.0139
S15266,Fashion,Chile,Sodimac,Self sign-up,Micro,7.0,4,28.0,6,0,0.0139
S11241,Electronics,Chile,Marketplace direct,Event,Small,6.0,0,21.0,0,0,0.0139
S05755,Beauty,Colombia,Falabella Retail,Self sign-up,Micro,6.0,0,16.0,1,0,0.0138
S02927,Beauty,Peru,Sodimac,Self sign-up,Small,6.0,2,21.0,0,0,0.0138
S11016,Beauty,Chile,Falabella Retail,Self sign-up,Small,4.0,5,25.0,1,0,0.0138
S04643,Electronics,Peru,Sodimac,Event,Micro,3.0,0,19.0,2,0,0.0138
S05853,Home,Colombia,Falabella Retail,Sales rep,Micro,3.0,3,24.0,3,0,0.0138
S06918,Home,Peru,Marketplace direct,Self sign-up,Small,1.0,3,18.0,1,0,0.0138
S05900,Hardware,Peru,Sodimac,Sales rep,Micro,13.0,2,26.0,1,0,0.0138
S00970,Home,Colombia,Sodimac,Event,Small,11.0,0,22.0,1,0,0.0137
S08594,Electronics,Chile,Tottus,Sales rep,Micro,7.0,1,23.0,0,0,0.0137
S07311,Home,Chile,Falabella Retail,Self sign-up,Small,13.0,4,27.0,1,0,0.0137
S08690,Fashion,Peru,Marketplace direct,Event,Small,6.0,1,22.0,1,0,0.0137
S15099,Home,Peru,Falabella Retail,Self sign-up,Micro,3.0,0,14.0,0,0,0.0137
S10659,Fashion,Chile,Falabella Retail,Self sign-up,Small,10.0,2,24.0,1,0,0.0137
S02829,Toys,Chile,Tottus,Self sign-up,Small,0.0,0,10.0,1,0,0.0137
S11117,Fashion,Chile,Falabella Retail,Event,Micro,14.0,0,24.0,3,0,0.0137
S19591,Food,Chile,Marketplace direct,Sales rep,Medium,5.0,2,26.0,3,0,0.0137
S09946,Hardware,Colombia,Tottus,Self sign-up,Micro,4.0,1,15.0,1,0,0.0137
S13656,Food,Chile,Sodimac,Self sign-up,Micro,10.0,2,20.0,2,0,0.0137
S08557,Toys,Chile,Falabella Retail,Sales rep,Micro,10.0,0,22.0,2,0,0.0137
S13121,Beauty,Peru,Marketplace direct,Self sign-up,Medium,8.0,3,25.0,1,0,0.0136
S00863,Beauty,Chile,Sodimac,Self sign-up,Micro,3.0,0,16.0,1,0,0.0136
S17446,Fashion,Chile,Falabella Retail,Self sign-up,Micro,0.0,2,14.0,1,0,0.0136
S11774,Home,Chile,Tottus,Self sign-up,Micro,5.0,2,18.0,0,0,0.0136
S03162,Electronics,Chile,Sodimac,Self sign-up,Micro,8.0,1,21.0,1,0,0.0136
S11998,Hardware,Chile,Sodimac,Self sign-up,Micro,2.0,1,15.0,0,0,0.0136
S17695,Food,Chile,Sodimac,Event,Micro,0.0,4,15.0,0,0,0.0136
S15623,Toys,Colombia,Sodimac,Sales rep,Micro,8.0,1,20.0,0,0,0.0136
S02555,Sports,Chile,Marketplace direct,Self sign-up,Micro,6.0,2,20.0,3,0,0.0135
S18768,Sports,Colombia,Tottus,Sales rep,Micro,8.0,5,30.0,6,0,0.0135
S06443,Hardware,Chile,Sodimac,Self sign-up,Micro,3.0,1,16.0,0,0,0.0135
S01255,Hardware,Chile,Marketplace direct,Self sign-up,Micro,14.0,5,25.0,0,0,0.0135
S06503,Hardware,Chile,Falabella Retail,Sales rep,Micro,3.0,1,20.0,0,0,0.0135
S09754,Beauty,Chile,Marketplace direct,Self sign-up,Micro,4.0,3,20.0,1,0,0.0135
S05391,Fashion,Peru,Sodimac,Sales rep,Micro,5.0,5,29.0,2,0,0.0135
S18451,Food,Chile,Falabella Retail,Self sign-up,Small,2.0,0,13.0,0,0,0.0135
S05369,Home,Colombia,Falabella Retail,Referral,Small,10.0,1,24.0,1,0,0.0135
S04341,Electronics,Chile,Falabella Retail,Referral,Micro,2.0,0,18.0,0,0,0.0135
S00707,Toys,Chile,Tottus,Self sign-up,Micro,9.0,2,21.0,4,0,0.0135
S14190,Electronics,Peru,Sodimac,Event,Small,1.0,3,22.0,1,0,0.0135
S08320,Electronics,Peru,Marketplace direct,Referral,Micro,10.0,5,28.0,0,0,0.0135
S01535,Fashion,Chile,Falabella Retail,Event,Micro,1.0,2,20.0,3,0,0.0135
S10234,Toys,Colombia,Falabella Retail,Event,Small,14.0,1,21.0,0,0,0.0135
S12362,Home,Peru,Tottus,Referral,Micro,12.0,3,27.0,3,0,0.0135
S15092,Home,Chile,Sodimac,Self sign-up,Small,12.0,2,27.0,4,0,0.0134
S14062,Toys,Colombia,Marketplace direct,Event,Small,5.0,0,18.0,3,1,0.0134
S13672,Home,Chile,Falabella Retail,Self sign-up,Small,4.0,2,21.0,1,0,0.0134
S15788,Fashion,Chile,Marketplace direct,Referral,Micro,6.0,1,22.0,1,0,0.0134
S11660,Toys,Chile,Tottus,Self sign-up,Micro,13.0,2,23.0,5,0,0.0134
S16601,Home,Chile,Falabella Retail,Sales rep,Micro,5.0,2,24.0,1,0,0.0134
S14699,Beauty,Chile,Falabella Retail,Self sign-up,Micro,2.0,3,18.0,0,0,0.0134
S07807,Home,Chile,Marketplace direct,Self sign-up,Micro,3.0,2,17.0,0,0,0.0134
S11951,Fashion,Chile,Falabella Retail,Event,Micro,8.0,3,24.0,0,0,0.0134
S11286,Food,Chile,Falabella Retail,Self sign-up,Micro,4.0,4,19.0,1,0,0.0134
S04419,Beauty,Colombia,Falabella Retail,Referral,Small,3.0,1,20.0,0,0,0.0133
S02401,Hardware,Peru,Marketplace direct,Self sign-up,Small,5.0,4,22.0,0,0,0.0133
S00403,Electronics,Chile,Sodimac,Event,Small,1.0,1,20.0,1,0,0.0133
S04664,Beauty,Peru,Falabella Retail,Self sign-up,Micro,0.0,1,11.0,0,0,0.0133
S05724,Hardware,Colombia,Falabella Retail,Event,Small,15.0,1,27.0,5,0,0.0133
S10123,Electronics,Colombia,Marketplace direct,Self sign-up,Micro,0.0,2,12.0,0,0,0.0133
S06556,Hardware,Chile,Marketplace direct,Self sign-up,Micro,8.0,5,25.0,2,0,0.0133
S15570,Home,Colombia,Sodimac,Self sign-up,Micro,3.0,0,17.0,4,0,0.0133
S16634,Beauty,Chile,Falabella Retail,Self sign-up,Small,2.0,3,20.0,0,0,0.0133
S19698,Electronics,Colombia,Sodimac,Self sign-up,Small,5.0,3,23.0,1,0,0.0133
S09925,Food,Peru,Marketplace direct,Referral,Micro,13.0,0,20.0,2,0,0.0133
S03280,Sports,Peru,Marketplace direct,Self sign-up,Small,9.0,4,23.0,0,1,0.0133
S08214,Home,Peru,Falabella Retail,Event,Micro,6.0,2,24.0,4,0,0.0133
S10805,Beauty,Colombia,Falabella Retail,Self sign-up,Medium,2.0,5,23.0,0,0,0.0133
S02110,Beauty,Chile,Falabella Retail,Self sign-up,Micro,1.0,1,14.0,0,0,0.0132
S18170,Toys,Peru,Falabella Retail,Event,Micro,6.0,1,19.0,2,0,0.0132
S14327,Home,Chile,Marketplace direct,Event,Small,0.0,1,15.0,0,0,0.0132
S16502,Electronics,Chile,Marketplace direct,Event,Micro,4.0,0,19.0,1,0,0.0132
S02200,Electronics,Colombia,Falabella Retail,Self sign-up,Micro,7.0,1,19.0,1,0,0.0132
S09005,Sports,Colombia,Sodimac,Referral,Small,7.0,0,20.0,0,0,0.0132
S04655,Hardware,Peru,Sodimac,Self sign-up,Small,8.0,3,27.0,5,0,0.0132
S08602,Home,Peru,Falabella Retail,Self sign-up,Small,14.0,1,22.0,0,0,0.0132
S12121,Toys,Chile,Falabella Retail,Referral,Micro,4.0,0,20.0,4,0,0.0132
S00357,Hardware,Colombia,Falabella Retail,Self sign-up,Micro,8.0,0,16.0,1,1,0.0132
S17950,Food,Colombia,Tottus,Self sign-up,Micro,1.0,1,9.0,0,0,0.0132
S07832,Electronics,Colombia,Falabella Retail,Self sign-up,Micro,14.0,3,23.0,0,0,0.0132
S19859,Home,Colombia,Sodimac,Self sign-up,Micro,1.0,5,19.0,1,0,0.0132
S02685,Toys,Colombia,Falabella Retail,Self sign-up,Micro,12.0,3,21.0,1,1,0.0132
S12019,Home,Colombia,Sodimac,Sales rep,Micro,3.0,3,23.0,1,0,0.0132
S17825,Hardware,Peru,Falabella Retail,Self sign-up,Micro,6.0,0,19.0,4,0,0.0131
S14021,Home,Colombia,Sodimac,Event,Small,4.0,2,23.0,0,1,0.0131
S17989,Hardware,Colombia,Marketplace direct,Self sign-up,Micro,4.0,3,19.0,2,0,0.0131
S08579,Electronics,Chile,Falabella Retail,Self sign-up,Micro,2.0,0,15.0,0,0,0.0131
S17445,Fashion,Colombia,Marketplace direct,Self sign-up,Micro,1.0,3,16.0,1,0,0.0131
S08728,Electronics,Colombia,Marketplace direct,Event,Medium,4.0,2,24.0,1,0,0.0131
S13155,Hardware,Chile,Sodimac,Self sign-up,Small,5.0,0,19.0,1,0,0.0131
S07369,Food,Colombia,Marketplace direct,Self sign-up,Small,4.0,0,13.0,0,0,0.0131
S09595,Fashion,Peru,Tottus,Self sign-up,Micro,7.0,0,18.0,2,0,0.0131
S00784,Food,Peru,Sodimac,Self sign-up,Small,12.0,2,22.0,0,1,0.0131
S13381,Fashion,Colombia,Marketplace direct,Self sign-up,Micro,12.0,5,25.0,1,0,0.0131
S00410,Sports,Chile,Falabella Retail,Sales rep,Small,7.0,2,25.0,0,0,0.0131
S15754,Fashion,Colombia,Marketplace direct,Self sign-up,Micro,11.0,1,21.0,3,0,0.0131
S07955,Sports,Colombia,Marketplace direct,Self sign-up,Small,4.0,2,18.0,1,0,0.0131
S17194,Electronics,Colombia,Sodimac,Self sign-up,Micro,8.0,1,19.0,0,0,0.0131
S10570,Beauty,Colombia,Falabella Retail,Event,Micro,2.0,1,16.0,0,0,0.013
S06739,Home,Chile,Falabella Retail,Sales rep,Micro,4.0,0,23.0,1,1,0.013
S12841,Fashion,Peru,Marketplace direct,Event,Micro,6.0,0,20.0,0,1,0.013
S17512,Beauty,Colombia,Marketplace direct,Event,Micro,3.0,0,16.0,1,0,0.013
S14726,Beauty,Chile,Marketplace direct,Self sign-up,Small,9.0,3,27.0,4,0,0.013
S14564,Toys,Chile,Marketplace direct,Event,Micro,13.0,4,24.0,0,0,0.013
S18000,Electronics,Chile,Sodimac,Self sign-up,Medium,10.0,2,27.0,1,0,0.013
S13754,Home,Colombia,Tottus,Self sign-up,Medium,7.0,1,21.0,1,0,0.013
S16201,Beauty,Chile,Tottus,Self sign-up,Micro,0.0,0,13.0,4,0,0.013
S07384,Electronics,Colombia,Falabella Retail,Self sign-up,Micro,1.0,5,19.0,0,0,0.013
S12353,Sports,Colombia,Marketplace direct,Self sign-up,Small,19.0,1,23.0,3,0,0.013
S05421,Fashion,Peru,Sodimac,Sales rep,Small,0.0,1,19.0,1,0,0.013
S19109,Home,Colombia,Marketplace direct,Self sign-up,Micro,9.0,3,21.0,1,0,0.013
S05770,Hardware,Peru,Falabella Retail,Self sign-up,Small,4.0,1,18.0,0,0,0.013
S12243,Hardware,Chile,Marketplace direct,Self sign-up,Micro,8.0,5,26.0,3,0,0.0129
S08240,Electronics,Chile,Tottus,Self sign-up,Small,3.0,2,20.0,0,0,0.0129
S16794,Sports,Colombia,Falabella Retail,Self sign-up,Micro,1.0,3,14.0,0,0,0.0129
S01950,Food,Chile,Marketplace direct,Self sign-up,Micro,5.0,3,18.0,1,0,0.0129
S04370,Home,Chile,Falabella Retail,Self sign-up,Small,1.0,4,20.0,0,0,0.0129
S19357,Electronics,Colombia,Marketplace direct,Sales rep,Micro,12.0,2,26.0,1,0,0.0129
S08783,Home,Chile,Tottus,Referral,Micro,2.0,5,24.0,1,0,0.0129
S04789,Sports,Colombia,Sodimac,Self sign-up,Small,3.0,1,16.0,0,0,0.0129
S07487,Electronics,Peru,Falabella Retail,Sales rep,Small,5.0,3,28.0,1,0,0.0129
S05964,Sports,Peru,Tottus,Sales rep,Small,8.0,5,29.0,1,0,0.0128
S16765,Food,Peru,Falabella Retail,Self sign-up,Micro,0.0,0,7.0,0,0,0.0128
S00523,Beauty,Chile,Sodimac,Self sign-up,Micro,4.0,5,23.0,0,0,0.0128
S07739,Fashion,Peru,Tottus,Self sign-up,Micro,6.0,2,22.0,4,0,0.0128
S00511,Hardware,Chile,Falabella Retail,Self sign-up,Micro,2.0,1,15.0,0,0,0.0128
S01001,Fashion,Peru,Falabella Retail,Event,Small,5.0,1,24.0,3,0,0.0128
S16124,Sports,Colombia,Sodimac,Event,Medium,1.0,2,22.0,4,0,0.0128
S19378,Sports,Peru,Falabella Retail,Sales rep,Micro,1.0,0,16.0,1,0,0.0128
S10740,Food,Chile,Marketplace direct,Self sign-up,Small,1.0,2,15.0,1,0,0.0128
S05512,Fashion,Peru,Sodimac,Self sign-up,Micro,5.0,4,22.0,0,0,0.0128
S13691,Sports,Chile,Falabella Retail,Self sign-up,Micro,8.0,1,19.0,0,1,0.0128
S14555,Sports,Chile,Sodimac,Self sign-up,Micro,7.0,2,20.0,1,0,0.0127
S07580,Home,Colombia,Falabella Retail,Self sign-up,Micro,5.0,0,15.0,0,0,0.0127
S10483,Sports,Peru,Falabella Retail,Sales rep,Micro,4.0,5,25.0,0,0,0.0127
S11607,Fashion,Chile,Marketplace direct,Sales rep,Micro,2.0,5,26.0,1,0,0.0127
S04285,Electronics,Chile,Sodimac,Self sign-up,Micro,0.0,1,14.0,1,0,0.0127
S12730,Food,Colombia,Sodimac,Sales rep,Micro,2.0,1,16.0,0,0,0.0127
S09187,Beauty,Chile,Tottus,Self sign-up,Micro,6.0,0,18.0,1,1,0.0127
S00741,Electronics,Colombia,Tottus,Self sign-up,Micro,5.0,1,20.0,4,0,0.0127
S12015,Electronics,Colombia,Tottus,Self sign-up,Small,2.0,1,19.0,1,1,0.0127
S05790,Hardware,Colombia,Sodimac,Self sign-up,Small,2.0,4,20.0,0,0,0.0127
S08503,Beauty,Peru,Sodimac,Self sign-up,Medium,9.0,0,25.0,3,1,0.0127
S06165,Sports,Colombia,Sodimac,Self sign-up,Micro,6.0,1,16.0,0,0,0.0127
S19090,Hardware,Peru,Sodimac,Self sign-up,Small,6.0,5,25.0,0,0,0.0126
S14005,Hardware,Peru,Tottus,Event,Micro,12.0,5,26.0,0,0,0.0126
S02689,Beauty,Peru,Sodimac,Self sign-up,Small,2.0,0,16.0,0,0,0.0126
S16631,Electronics,Peru,Sodimac,Self sign-up,Micro,5.0,5,24.0,0,0,0.0126
S13688,Fashion,Peru,Marketplace direct,Sales rep,Small,0.0,4,24.0,3,0,0.0126
S14589,Fashion,Chile,Sodimac,Sales rep,Micro,0.0,1,17.0,0,0,0.0126
S09684,Electronics,Chile,Falabella Retail,Self sign-up,Medium,4.0,1,22.0,0,0,0.0126
S01081,Food,Peru,Marketplace direct,Sales rep,Small,11.0,3,27.0,2,0,0.0126
S15525,Sports,Chile,Sodimac,Self sign-up,Micro,8.0,3,21.0,0,0,0.0126
S05499,Home,Colombia,Falabella Retail,Referral,Micro,4.0,4,23.0,0,0,0.0126
S08964,Fashion,Peru,Marketplace direct,Self sign-up,Micro,15.0,1,23.0,3,0,0.0126
S18993,Hardware,Peru,Tottus,Self sign-up,Small,3.0,0,17.0,2,0,0.0126
S13907,Fashion,Chile,Falabella Retail,Referral,Micro,10.0,1,26.0,3,0,0.0126
S04675,Electronics,Chile,Sodimac,Sales rep,Medium,0.0,3,24.0,0,0,0.0125
S09671,Food,Peru,Sodimac,Self sign-up,Medium,7.0,0,19.0,1,0,0.0125
S17385,Electronics,Chile,Falabella Retail,Self sign-up,Small,4.0,3,23.0,0,0,0.0125
S07142,Toys,Colombia,Sodimac,Self sign-up,Small,11.0,4,28.0,6,0,0.0125
S10646,Fashion,Colombia,Sodimac,Referral,Micro,4.0,2,22.0,1,0,0.0125
S16596,Home,Chile,Marketplace direct,Referral,Micro,19.0,5,30.0,0,0,0.0125
S19314,Fashion,Chile,Tottus,Sales rep,Medium,1.0,1,22.0,0,0,0.0125
S08921,Toys,Chile,Sodimac,Referral,Small,2.0,1,19.0,0,0,0.0125
S03170,Food,Chile,Sodimac,Referral,Micro,5.0,3,23.0,2,0,0.0125
S09791,Electronics,Chile,Falabella Retail,Self sign-up,Medium,1.0,4,23.0,0,0,0.0125
S08733,Fashion,Chile,Sodimac,Self sign-up,Small,7.0,3,26.0,2,0,0.0125
S15059,Electronics,Chile,Tottus,Self sign-up,Small,10.0,0,23.0,2,1,0.0125
S09226,Food,Chile,Falabella Retail,Self sign-up,Micro,3.0,5,20.0,1,0,0.0125
S13109,Electronics,Chile,Falabella Retail,Self sign-up,Micro,10.0,2,24.0,2,0,0.0125
S12694,Beauty,Colombia,Marketplace direct,Self sign-up,Micro,5.0,5,26.0,2,1,0.0125
S06637,Sports,Colombia,Falabella Retail,Self sign-up,Micro,1.0,0,11.0,1,0,0.0125
S00861,Toys,Colombia,Sodimac,Referral,Micro,10.0,5,27.0,2,0,0.0124
S15142,Electronics,Colombia,Tottus,Referral,Micro,7.0,4,25.0,0,0,0.0124
S12278,Beauty,Colombia,Marketplace direct,Referral,Micro,3.0,4,22.0,0,0,0.0124
S15342,Beauty,Peru,Falabella Retail,Referral,Medium,10.0,0,25.0,0,0,0.0124
S19719,Home,Chile,Tottus,Event,Small,6.0,2,23.0,0,0,0.0124
S08966,Fashion,Chile,Falabella Retail,Event,Micro,11.0,0,23.0,2,0,0.0124
S05046,Home,Chile,Marketplace direct,Referral,Micro,4.0,1,20.0,0,0,0.0124
S17229,Hardware,Colombia,Sodimac,Self sign-up,Micro,12.0,3,25.0,4,0,0.0124
S00136,Food,Chile,Sodimac,Event,Micro,5.0,0,17.0,1,0,0.0124
S12828,Toys,Chile,Falabella Retail,Self sign-up,Micro,3.0,0,14.0,1,0,0.0124
S18189,Hardware,Colombia,Tottus,Sales rep,Micro,3.0,1,20.0,2,0,0.0124
S19417,Home,Colombia,Tottus,Sales rep,Micro,15.0,0,27.0,6,0,0.0124
S04096,Beauty,Colombia,Tottus,Sales rep,Micro,9.0,1,26.0,1,1,0.0124
S04626,Hardware,Peru,Falabella Retail,Self sign-up,Micro,3.0,1,18.0,3,0,0.0124
S11687,Home,Colombia,Marketplace direct,Self sign-up,Micro,7.0,2,20.0,2,0,0.0124
S10298,Beauty,Colombia,Falabella Retail,Self sign-up,Micro,15.0,0,26.0,9,0,0.0123
S00474,Home,Colombia,Falabella Retail,Self sign-up,Micro,4.0,1,15.0,0,1,0.0123
S12422,Fashion,Colombia,Falabella Retail,Self sign-up,Micro,3.0,2,17.0,0,0,0.0123
S11378,Beauty,Peru,Sodimac,Self sign-up,Micro,6.0,1,20.0,2,0,0.0123
S06682,Beauty,Colombia,Falabella Retail,Self sign-up,Small,2.0,0,15.0,0,0,0.0123
S15304,Home,Chile,Falabella Retail,Sales rep,Small,9.0,2,29.0,2,0,0.0123
S13220,Beauty,Colombia,Tottus,Self sign-up,Small,4.0,0,16.0,0,0,0.0123
S00734,Electronics,Chile,Tottus,Self sign-up,Micro,5.0,4,24.0,2,0,0.0123
S00982,Toys,Colombia,Marketplace direct,Self sign-up,Small,8.0,2,22.0,4,0,0.0123
S01220,Electronics,Chile,Tottus,Self sign-up,Small,6.0,2,23.0,1,0,0.0123
S19249,Electronics,Peru,Marketplace direct,Sales rep,Medium,5.0,2,29.0,2,0,0.0123
S02076,Food,Colombia,Falabella Retail,Self sign-up,Micro,6.0,5,23.0,4,0,0.0123
S05914,Home,Chile,Marketplace direct,Self sign-up,Micro,0.0,3,15.0,1,0,0.0123
S19312,Toys,Colombia,Sodimac,Event,Micro,2.0,0,14.0,1,0,0.0122
S05434,Toys,Peru,Sodimac,Self sign-up,Micro,1.0,1,12.0,0,0,0.0122
S09990,Home,Chile,Sodimac,Self sign-up,Micro,0.0,0,11.0,0,0,0.0122
S06009,Hardware,Colombia,Falabella Retail,Self sign-up,Small,11.0,3,24.0,1,0,0.0122
S07633,Beauty,Colombia,Sodimac,Self sign-up,Small,7.0,3,24.0,1,1,0.0122
S04722,Home,Chile,Sodimac,Self sign-up,Small,9.0,0,24.0,4,0,0.0122
S19356,Home,Chile,Marketplace direct,Self sign-up,Micro,7.0,0,18.0,1,0,0.0122
S16012,Toys,Chile,Falabella Retail,Self sign-up,Micro,10.0,2,21.0,2,0,0.0122
S17191,Beauty,Colombia,Sodimac,Self sign-up,Small,15.0,2,27.0,4,0,0.0122
S08652,Food,Chile,Marketplace direct,Self sign-up,Micro,5.0,2,17.0,1,0,0.0122
S09153,Food,Chile,Sodimac,Referral,Micro,6.0,0,18.0,0,0,0.0122
S09009,Electronics,Peru,Marketplace direct,Event,Small,5.0,4,26.0,0,0,0.0122
S16991,Home,Colombia,Tottus,Referral,Micro,7.0,2,23.0,2,0,0.0122
S12218,Food,Peru,Sodimac,Referral,Micro,7.0,1,20.0,1,0,0.0121
S12741,Home,Colombia,Marketplace direct,Referral,Micro,6.0,2,22.0,1,0,0.0121
S16099,Food,Colombia,Sodimac,Self sign-up,Small,10.0,1,24.0,7,0,0.0121
S07318,Fashion,Peru,Sodimac,Self sign-up,Micro,15.0,1,21.0,0,1,0.0121
S08445,Electronics,Peru,Falabella Retail,Self sign-up,Micro,21.0,0,24.0,3,0,0.0121
S00667,Food,Colombia,Tottus,Event,Small,4.0,0,16.0,1,0,0.0121
S07377,Food,Peru,Falabella Retail,Self sign-up,Small,16.0,2,24.0,3,0,0.0121
S09509,Electronics,Chile,Sodimac,Self sign-up,Micro,2.0,1,18.0,1,0,0.0121
S00542,Hardware,Colombia,Tottus,Self sign-up,Micro,5.0,0,15.0,1,0,0.0121
S14563,Toys,Chile,Falabella Retail,Self sign-up,Micro,2.0,0,14.0,2,0,0.0121
S19583,Home,Colombia,Sodimac,Self sign-up,Medium,5.0,0,21.0,2,0,0.0121
S18057,Fashion,Chile,Falabella Retail,Self sign-up,Small,11.0,4,31.0,5,0,0.0121
S06003,Electronics,Colombia,Tottus,Self sign-up,Micro,3.0,2,17.0,0,0,0.0121
S07537,Hardware,Peru,Tottus,Event,Medium,5.0,1,22.0,0,0,0.0121
S11221,Sports,Colombia,Marketplace direct,Referral,Micro,12.0,0,21.0,2,0,0.0121
S16360,Home,Peru,Marketplace direct,Self sign-up,Small,6.0,3,23.0,1,0,0.0121
S13139,Hardware,Chile,Falabella Retail,Sales rep,Small,6.0,0,25.0,0,1,0.0121
S04565,Sports,Chile,Marketplace direct,Referral,Micro,15.0,2,25.0,1,0,0.0121
S10654,Home,Peru,Sodimac,Self sign-up,Micro,9.0,1,22.0,3,0,0.012
S16910,Fashion,Peru,Falabella Retail,Self sign-up,Micro,6.0,3,24.0,0,1,0.012
S09913,Home,Chile,Sodimac,Self sign-up,Micro,9.0,1,21.0,1,0,0.012
S19827,Home,Chile,Falabella Retail,Event,Micro,13.0,2,30.0,7,0,0.012
S08468,Beauty,Chile,Sodimac,Sales rep,Micro,4.0,1,24.0,2,0,0.012
S07898,Food,Peru,Tottus,Self sign-up,Micro,2.0,0,12.0,2,0,0.012
S09755,Fashion,Peru,Falabella Retail,Self sign-up,Micro,11.0,3,23.0,0,0,0.012
S00712,Hardware,Chile,Falabella Retail,Referral,Micro,1.0,1,18.0,1,0,0.012
S19308,Sports,Chile,Falabella Retail,Self sign-up,Micro,10.0,1,23.0,5,0,0.012
S18766,Home,Chile,Tottus,Self sign-up,Micro,1.0,0,14.0,2,0,0.012
S16811,Food,Chile,Marketplace direct,Self sign-up,Medium,6.0,4,24.0,1,0,0.012
S10318,Food,Colombia,Falabella Retail,Event,Small,10.0,4,24.0,0,0,0.012
S18269,Sports,Peru,Falabella Retail,Self sign-up,Small,8.0,1,21.0,2,1,0.012
S15382,Hardware,Colombia,Sodimac,Self sign-up,Micro,6.0,1,18.0,1,0,0.012
S05828,Beauty,Colombia,Marketplace direct,Self sign-up,Micro,15.0,0,20.0,2,0,0.012
S02135,Beauty,Chile,Sodimac,Referral,Small,4.0,1,24.0,1,0,0.012
S18659,Beauty,Peru,Marketplace direct,Event,Micro,7.0,4,25.0,1,0,0.0119
S00974,Home,Colombia,Tottus,Self sign-up,Micro,1.0,3,15.0,0,0,0.0119
S04074,Electronics,Chile,Sodimac,Event,Micro,3.0,2,24.0,3,0,0.0119
S13810,Electronics,Chile,Tottus,Self sign-up,Small,6.0,2,24.0,2,0,0.0119
S04195,Beauty,Peru,Falabella Retail,Event,Small,14.0,1,28.0,4,0,0.0119
S10650,Toys,Peru,Marketplace direct,Self sign-up,Micro,7.0,1,16.0,0,0,0.0119
S08309,Food,Colombia,Falabella Retail,Self sign-up,Micro,3.0,2,14.0,0,0,0.0119
S11206,Fashion,Chile,Tottus,Sales rep,Medium,2.0,2,25.0,0,0,0.0119
S07397,Home,Chile,Sodimac,Self sign-up,Micro,2.0,2,20.0,3,0,0.0119
S11568,Fashion,Chile,Sodimac,Self sign-up,Small,5.0,1,21.0,0,0,0.0119
S15475,Beauty,Chile,Falabella Retail,Referral,Micro,14.0,0,29.0,4,1,0.0119
S17934,Home,Peru,Sodimac,Sales rep,Small,4.0,5,29.0,0,0,0.0119
S17735,Food,Colombia,Marketplace direct,Self sign-up,Micro,12.0,5,24.0,3,0,0.0119
S16377,Home,Colombia,Falabella Retail,Referral,Micro,10.0,4,30.0,1,1,0.0118
S12498,Home,Colombia,Falabella Retail,Self sign-up,Micro,8.0,4,23.0,1,0,0.0118
S01332,Beauty,Colombia,Falabella Retail,Referral,Micro,6.0,5,26.0,0,0,0.0118
S01746,Toys,Peru,Sodimac,Referral,Small,3.0,2,25.0,1,1,0.0118
S02877,Fashion,Chile,Falabella Retail,Self sign-up,Micro,3.0,0,16.0,0,0,0.0118
S13816,Fashion,Colombia,Sodimac,Event,Medium,2.0,4,25.0,0,0,0.0118
S18812,Hardware,Chile,Falabella Retail,Self sign-up,Micro,6.0,4,24.0,2,0,0.0118
S04323,Electronics,Chile,Sodimac,Self sign-up,Micro,7.0,5,26.0,0,0,0.0118
S17492,Toys,Chile,Falabella Retail,Self sign-up,Micro,8.0,1,20.0,3,0,0.0118
S03060,Beauty,Chile,Sodimac,Self sign-up,Micro,11.0,0,23.0,4,0,0.0118
S17790,Hardware,Chile,Marketplace direct,Event,Micro,5.0,4,25.0,2,0,0.0118
S18688,Fashion,Chile,Tottus,Self sign-up,Small,11.0,3,25.0,0,0,0.0118
S10519,Food,Peru,Falabella Retail,Self sign-up,Small,16.0,2,25.0,4,0,0.0117
S10311,Fashion,Colombia,Falabella Retail,Self sign-up,Micro,8.0,2,23.0,1,1,0.0117
S14272,Hardware,Colombia,Sodimac,Self sign-up,Micro,4.0,5,24.0,3,0,0.0117
S04749,Electronics,Chile,Sodimac,Self sign-up,Small,5.0,3,26.0,2,0,0.0117
S09317,Home,Chile,Falabella Retail,Self sign-up,Micro,4.0,2,19.0,0,0,0.0117
S03174,Sports,Peru,Falabella Retail,Self sign-up,Small,6.0,4,27.0,5,0,0.0117
S05898,Beauty,Chile,Marketplace direct,Event,Medium,5.0,5,29.0,0,0,0.0117
S04492,Food,Chile,Falabella Retail,Self sign-up,Small,5.0,0,17.0,1,0,0.0117
S03136,Hardware,Peru,Marketplace direct,Self sign-up,Micro,9.0,3,22.0,1,0,0.0117
S19550,Toys,Colombia,Falabella Retail,Self sign-up,Micro,8.0,5,24.0,3,0,0.0117
S13904,Electronics,Chile,Falabella Retail,Self sign-up,Micro,5.0,1,21.0,2,0,0.0117
S04192,Beauty,Chile,Falabella Retail,Self sign-up,Micro,8.0,5,26.0,1,0,0.0117
S13407,Beauty,Chile,Falabella Retail,Self sign-up,Micro,8.0,5,26.0,1,0,0.0117
S07696,Home,Chile,Falabella Retail,Self sign-up,Micro,4.0,3,22.0,2,0,0.0117
S13837,Fashion,Chile,Sodimac,Self sign-up,Micro,2.0,1,15.0,1,1,0.0117
S10575,Sports,Peru,Sodimac,Referral,Small,9.0,5,29.0,0,0,0.0117
S18020,Hardware,Chile,Falabella Retail,Self sign-up,Micro,12.0,3,24.0,1,0,0.0116
S05933,Home,Chile,Sodimac,Self sign-up,Micro,0.0,5,18.0,0,0,0.0116
S13342,Electronics,Chile,Tottus,Referral,Micro,6.0,0,21.0,0,0,0.0116
S10566,Home,Colombia,Falabella Retail,Self sign-up,Medium,5.0,2,24.0,2,1,0.0116
S00188,Toys,Peru,Sodimac,Self sign-up,Micro,26.0,3,36.0,15,0,0.0116
S13641,Toys,Peru,Marketplace direct,Event,Micro,4.0,0,16.0,1,0,0.0116
S11580,Fashion,Chile,Falabella Retail,Sales rep,Micro,5.0,4,28.0,1,0,0.0116
S01813,Home,Peru,Sodimac,Self sign-up,Micro,1.0,0,13.0,0,0,0.0116
S12242,Beauty,Peru,Tottus,Referral,Medium,8.0,0,24.0,0,0,0.0116
S15629,Home,Colombia,Tottus,Sales rep,Micro,3.0,4,24.0,1,0,0.0116
S03351,Electronics,Chile,Marketplace direct,Self sign-up,Micro,10.0,4,25.0,0,0,0.0116
S14781,Sports,Colombia,Sodimac,Sales rep,Small,4.0,0,22.0,2,0,0.0116
S03140,Home,Peru,Marketplace direct,Event,Micro,6.0,1,23.0,4,0,0.0116
S02826,Fashion,Peru,Tottus,Self sign-up,Micro,6.0,1,18.0,0,0,0.0116
S05869,Home,Peru,Tottus,Referral,Small,17.0,2,30.0,0,1,0.0116
S05774,Home,Peru,Sodimac,Self sign-up,Small,7.0,2,24.0,2,0,0.0115
S18837,Beauty,Chile,Marketplace direct,Self sign-up,Small,3.0,2,20.0,0,0,0.0115
S18516,Toys,Chile,Falabella Retail,Self sign-up,Micro,8.0,3,22.0,2,0,0.0115
S13835,Toys,Chile,Falabella Retail,Sales rep,Micro,10.0,0,23.0,2,0,0.0115
S12851,Food,Peru,Falabella Retail,Self sign-up,Small,8.0,1,20.0,2,0,0.0115
S16725,Fashion,Chile,Marketplace direct,Self sign-up,Small,11.0,0,23.0,2,0,0.0115
S11976,Electronics,Peru,Marketplace direct,Self sign-up,Micro,5.0,1,20.0,2,0,0.0115
S07256,Fashion,Chile,Falabella Retail,Event,Small,9.0,1,29.0,2,1,0.0115
S13235,Home,Peru,Falabella Retail,Referral,Micro,7.0,0,23.0,3,0,0.0115
S08197,Home,Colombia,Tottus,Self sign-up,Micro,25.0,1,24.0,0,1,0.0115
S01946,Home,Colombia,Falabella Retail,Referral,Micro,8.0,3,25.0,1,0,0.0115
S15012,Hardware,Chile,Falabella Retail,Event,Micro,10.0,1,22.0,0,0,0.0115
S08555,Electronics,Chile,Marketplace direct,Event,Micro,10.0,2,26.0,2,0,0.0115
S03913,Fashion,Chile,Falabella Retail,Event,Micro,19.0,1,29.0,5,0,0.0114
S18975,Home,Colombia,Falabella Retail,Self sign-up,Micro,4.0,1,18.0,2,0,0.0114
S02347,Hardware,Colombia,Falabella Retail,Sales rep,Micro,12.0,0,23.0,1,0,0.0114
S11482,Electronics,Colombia,Tottus,Self sign-up,Small,6.0,2,22.0,1,0,0.0114
S10248,Electronics,Chile,Sodimac,Event,Micro,6.0,0,21.0,0,0,0.0114
S15112,Food,Chile,Sodimac,Event,Micro,3.0,2,18.0,0,0,0.0114
S12806,Food,Colombia,Sodimac,Referral,Micro,8.0,1,23.0,0,1,0.0114
S07614,Fashion,Colombia,Falabella Retail,Self sign-up,Micro,10.0,0,19.0,1,0,0.0114
S04855,Food,Colombia,Tottus,Self sign-up,Micro,3.0,1,13.0,1,0,0.0114
S15862,Fashion,Peru,Marketplace direct,Self sign-up,Small,5.0,5,26.0,1,0,0.0114
S13431,Fashion,Chile,Marketplace direct,Self sign-up,Small,6.0,4,25.0,0,0,0.0113
S19790,Electronics,Chile,Falabella Retail,Self sign-up,Small,13.0,1,26.0,2,0,0.0113
S15897,Home,Colombia,Marketplace direct,Self sign-up,Micro,4.0,3,26.0,9,0,0.0113
S03678,Home,Chile,Tottus,Sales rep,Medium,8.0,4,32.0,1,0,0.0113
S17651,Toys,Peru,Sodimac,Sales rep,Micro,6.0,0,24.0,1,1,0.0113
S04329,Food,Peru,Marketplace direct,Self sign-up,Micro,2.0,3,15.0,0,0,0.0113
S04325,Beauty,Peru,Sodimac,Referral,Micro,13.0,1,26.0,2,0,0.0113
S18861,Electronics,Chile,Tottus,Self sign-up,Micro,2.0,3,20.0,1,0,0.0113
S19272,Toys,Chile,Marketplace direct,Self sign-up,Micro,5.0,4,25.0,1,1,0.0113
S12701,Toys,Peru,Marketplace direct,Self sign-up,Micro,5.0,4,21.0,2,0,0.0113
S12555,Fashion,Colombia,Falabella Retail,Self sign-up,Small,3.0,4,23.0,1,0,0.0113
S08376,Toys,Peru,Falabella Retail,Self sign-up,Micro,5.0,5,22.0,1,0,0.0113
S16849,Fashion,Chile,Tottus,Self sign-up,Micro,6.0,0,21.0,3,1,0.0113
S14351,Toys,Peru,Falabella Retail,Sales rep,Micro,3.0,5,25.0,1,0,0.0113
S03877,Food,Colombia,Falabella Retail,Self sign-up,Micro,0.0,3,11.0,0,0,0.0113
S09096,Fashion,Chile,Falabella Retail,Event,Micro,2.0,5,24.0,0,0,0.0113
S11957,Electronics,Chile,Sodimac,Self sign-up,Micro,14.0,2,26.0,2,0,0.0113
S08899,Home,Peru,Tottus,Sales rep,Micro,15.0,0,30.0,8,0,0.0113
S03138,Toys,Chile,Marketplace direct,Sales rep,Micro,5.0,0,19.0,0,0,0.0113
S00954,Food,Chile,Sodimac,Self sign-up,Micro,4.0,0,15.0,1,0,0.0112
S16931,Electronics,Chile,Tottus,Self sign-up,Small,1.0,4,22.0,1,0,0.0112
S07795,Toys,Colombia,Marketplace direct,Self sign-up,Micro,9.0,2,25.0,9,0,0.0112
S13078,Toys,Peru,Falabella Retail,Event,Micro,4.0,2,21.0,3,0,0.0112
S09007,Beauty,Colombia,Tottus,Self sign-up,Micro,7.0,3,21.0,1,0,0.0112
S09758,Electronics,Colombia,Sodimac,Self sign-up,Small,1.0,5,23.0,1,0,0.0112
S00839,Beauty,Colombia,Tottus,Sales rep,Small,2.0,0,20.0,1,0,0.0112
S05145,Hardware,Chile,Sodimac,Referral,Micro,2.0,3,22.0,0,0,0.0112
S05484,Hardware,Chile,Falabella Retail,Self sign-up,Micro,4.0,0,17.0,1,0,0.0112
S05748,Food,Chile,Marketplace direct,Sales rep,Small,5.0,3,26.0,2,0,0.0112
S08434,Toys,Chile,Falabella Retail,Event,Micro,2.0,4,21.0,1,0,0.0112
S16008,Beauty,Chile,Sodimac,Self sign-up,Micro,3.0,0,18.0,2,0,0.0111
S00114,Home,Peru,Falabella Retail,Self sign-up,Micro,4.0,4,23.0,2,0,0.0111
S08984,Beauty,Peru,Marketplace direct,Event,Medium,9.0,2,28.0,2,0,0.0111
S01742,Electronics,Chile,Falabella Retail,Referral,Micro,6.0,0,22.0,0,0,0.0111
S07177,Food,Chile,Falabella Retail,Sales rep,Small,5.0,1,23.0,1,0,0.0111
S05548,Sports,Chile,Tottus,Self sign-up,Small,4.0,4,22.0,0,0,0.0111
S18726,Sports,Chile,Falabella Retail,Sales rep,Micro,6.0,2,26.0,3,0,0.0111
S13229,Toys,Chile,Sodimac,Self sign-up,Medium,14.0,3,28.0,2,0,0.0111
S17910,Toys,Colombia,Tottus,Referral,Micro,0.0,0,11.0,1,0,0.0111
S05098,Hardware,Chile,Tottus,Event,Micro,9.0,4,26.0,1,0,0.0111
S12599,Fashion,Colombia,Falabella Retail,Self sign-up,Small,8.0,1,21.0,0,0,0.0111
S05393,Fashion,Chile,Sodimac,Self sign-up,Medium,4.0,0,22.0,1,0,0.0111
S00226,Electronics,Colombia,Falabella Retail,Self sign-up,Micro,3.0,0,18.0,3,0,0.0111
S13006,Beauty,Colombia,Tottus,Event,Micro,7.0,1,22.0,3,0,0.0111
S09873,Home,Chile,Marketplace direct,Sales rep,Small,14.0,1,30.0,3,0,0.0111
S16123,Home,Chile,Marketplace direct,Self sign-up,Micro,4.0,0,17.0,1,0,0.0111
S05646,Beauty,Peru,Tottus,Sales rep,Micro,12.0,1,26.0,2,0,0.0111
S05958,Sports,Chile,Falabella Retail,Self sign-up,Micro,3.0,5,23.0,2,0,0.0111
S12265,Electronics,Chile,Falabella Retail,Event,Small,8.0,1,25.0,0,0,0.0111
S09380,Fashion,Peru,Falabella Retail,Self sign-up,Micro,15.0,3,31.0,8,0,0.0111
S14164,Electronics,Colombia,Falabella Retail,Self sign-up,Micro,4.0,2,19.0,0,0,0.011
S06902,Sports,Chile,Falabella Retail,Self sign-up,Micro,3.0,1,16.0,0,0,0.011
S13603,Home,Chile,Falabella Retail,Self sign-up,Micro,9.0,5,29.0,4,0,0.011
S01737,Home,Chile,Marketplace direct,Self sign-up,Micro,3.0,5,23.0,1,0,0.011
S13634,Toys,Colombia,Sodimac,Self sign-up,Micro,5.0,0,15.0,1,0,0.011
S06436,Fashion,Chile,Falabella Retail,Sales rep,Micro,10.0,0,25.0,1,0,0.011
S04697,Fashion,Colombia,Tottus,Self sign-up,Micro,3.0,5,21.0,0,0,0.011
S05356,Beauty,Chile,Marketplace direct,Event,Micro,5.0,3,23.0,0,0,0.011
S04914,Home,Chile,Falabella Retail,Sales rep,Micro,6.0,0,23.0,1,0,0.011
S15956,Toys,Colombia,Sodimac,Self sign-up,Small,13.0,1,22.0,2,0,0.011
S03389,Home,Colombia,Falabella Retail,Sales rep,Micro,20.0,0,31.0,8,0,0.011
S16172,Fashion,Colombia,Falabella Retail,Self sign-up,Small,5.0,4,27.0,4,0,0.011
S08525,Hardware,Colombia,Marketplace direct,Event,Micro,2.0,1,16.0,0,0,0.011
S14919,Fashion,Chile,Sodimac,Sales rep,Micro,16.0,1,29.0,2,0,0.0109
S01304,Hardware,Peru,Sodimac,Event,Micro,4.0,0,18.0,0,0,0.0109
S15264,Home,Peru,Tottus,Self sign-up,Small,4.0,3,23.0,2,0,0.0109
S07447,Fashion,Chile,Marketplace direct,Self sign-up,Micro,9.0,3,28.0,6,0,0.0109
S04420,Home,Colombia,Sodimac,Referral,Small,11.0,0,27.0,4,0,0.0109
S01883,Toys,Colombia,Marketplace direct,Self sign-up,Micro,7.0,0,16.0,2,0,0.0109
S16447,Electronics,Colombia,Marketplace direct,Self sign-up,Micro,7.0,2,21.0,1,0,0.0109
S10500,Fashion,Peru,Falabella Retail,Self sign-up,Micro,3.0,1,18.0,1,0,0.0109
S01371,Food,Peru,Marketplace direct,Sales rep,Micro,7.0,1,21.0,1,0,0.0109
S01196,Home,Chile,Falabella Retail,Self sign-up,Micro,1.0,1,15.0,0,0,0.0109
S14436,Electronics,Chile,Marketplace direct,Self sign-up,Micro,12.0,1,26.0,5,0,0.0109
S10447,Electronics,Colombia,Falabella Retail,Self sign-up,Micro,1.0,2,16.0,0,0,0.0109
S06218,Home,Colombia,Marketplace direct,Event,Small,3.0,2,24.0,4,0,0.0109
S03218,Home,Colombia,Sodimac,Self sign-up,Micro,4.0,2,20.0,2,0,0.0109
S09131,Toys,Peru,Tottus,Self sign-up,Small,17.0,5,28.0,2,0,0.0109
S01865,Hardware,Chile,Falabella Retail,Sales rep,Micro,6.0,1,24.0,1,0,0.0109
S14070,Toys,Peru,Sodimac,Self sign-up,Micro,1.0,0,13.0,2,0,0.0108
S01721,Home,Chile,Tottus,Self sign-up,Micro,5.0,1,18.0,0,0,0.0108
S17756,Fashion,Chile,Tottus,Sales rep,Small,11.0,4,32.0,1,0,0.0108
S19803,Sports,Chile,Marketplace direct,Sales rep,Small,16.0,2,29.0,1,0,0.0108
S13831,Electronics,Chile,Falabella Retail,Referral,Micro,8.0,0,23.0,0,0,0.0108
S09793,Electronics,Peru,Sodimac,Self sign-up,Micro,3.0,1,19.0,1,0,0.0108
S13717,Home,Colombia,Falabella Retail,Sales rep,Micro,8.0,3,29.0,4,0,0.0108
S19247,Beauty,Chile,Falabella Retail,Self sign-up,Small,3.0,0,19.0,1,0,0.0108
S03433,Home,Peru,Marketplace direct,Event,Micro,4.0,2,22.0,2,0,0.0108
S03434,Electronics,Peru,Falabella Retail,Referral,Medium,8.0,0,31.0,6,0,0.0108
S00390,Sports,Peru,Sodimac,Event,Small,0.0,4,20.0,1,0,0.0108
S10050,Electronics,Peru,Sodimac,Referral,Small,7.0,3,30.0,2,0,0.0108
S04521,Fashion,Chile,Tottus,Referral,Micro,3.0,0,19.0,0,0,0.0107
S13632,Food,Peru,Marketplace direct,Sales rep,Micro,6.0,2,22.0,1,0,0.0107
S07769,Sports,Chile,Marketplace direct,Self sign-up,Micro,3.0,0,16.0,2,0,0.0107
S17745,Sports,Peru,Tottus,Self sign-up,Micro,1.0,3,16.0,1,0,0.0107
S07774,Sports,Chile,Marketplace direct,Sales rep,Small,13.0,0,29.0,5,0,0.0107
S19905,Food,Chile,Marketplace direct,Sales rep,Micro,4.0,5,27.0,1,1,0.0107
S09630,Toys,Chile,Tottus,Self sign-up,Micro,11.0,1,20.0,2,0,0.0107
S01084,Food,Peru,Marketplace direct,Sales rep,Micro,8.0,4,28.0,4,0,0.0107
S17552,Fashion,Peru,Sodimac,Self sign-up,Small,0.0,4,19.0,0,0,0.0107
S13173,Fashion,Colombia,Sodimac,Sales rep,Micro,4.0,4,26.0,0,0,0.0107
S18289,Hardware,Colombia,Falabella Retail,Sales rep,Small,5.0,3,26.0,0,0,0.0107
S06152,Fashion,Chile,Marketplace direct,Sales rep,Micro,8.0,0,24.0,0,1,0.0107
S03267,Toys,Peru,Tottus,Event,Small,0.0,0,12.0,0,0,0.0107
S09392,Beauty,Colombia,Sodimac,Event,Micro,3.0,4,25.0,3,0,0.0107
S00484,Electronics,Colombia,Sodimac,Self sign-up,Micro,8.0,2,24.0,3,0,0.0106
S04381,Home,Chile,Marketplace direct,Self sign-up,Micro,3.0,1,17.0,0,0,0.0106
S15713,Toys,Chile,Tottus,Event,Micro,1.0,0,13.0,0,0,0.0106
S04386,Home,Chile,Sodimac,Self sign-up,Micro,15.0,3,26.0,1,0,0.0106
S06037,Home,Chile,Marketplace direct,Referral,Micro,1.0,2,20.0,1,0,0.0106
S18005,Toys,Peru,Marketplace direct,Self sign-up,Small,3.0,3,19.0,0,0,0.0106
S09391,Hardware,Colombia,Marketplace direct,Self sign-up,Small,10.0,1,24.0,2,1,0.0106
S04317,Toys,Chile,Falabella Retail,Self sign-up,Micro,13.0,2,21.0,0,0,0.0106
S08404,Food,Colombia,Falabella Retail,Referral,Micro,2.0,0,15.0,1,0,0.0106
S14572,Home,Chile,Falabella Retail,Self sign-up,Small,9.0,1,25.0,3,0,0.0106
S03549,Hardware,Chile,Tottus,Sales rep,Micro,3.0,0,21.0,2,0,0.0106
S05943,Hardware,Chile,Marketplace direct,Self sign-up,Micro,4.0,1,19.0,2,0,0.0106
S11525,Hardware,Peru,Falabella Retail,Self sign-up,Small,6.0,3,23.0,0,0,0.0106
S00552,Home,Peru,Tottus,Self sign-up,Micro,6.0,2,21.0,2,0,0.0106
S04042,Electronics,Peru,Marketplace direct,Self sign-up,Micro,7.0,5,26.0,1,0,0.0106
S19294,Electronics,Peru,Marketplace direct,Event,Micro,6.0,0,20.0,0,0,0.0106
S09888,Electronics,Colombia,Tottus,Referral,Micro,5.0,4,25.0,0,0,0.0106
S01458,Food,Peru,Sodimac,Referral,Micro,8.0,3,28.0,6,0,0.0106
S03535,Hardware,Colombia,Tottus,Self sign-up,Medium,7.0,5,28.0,2,0,0.0106
S15067,Hardware,Chile,Sodimac,Self sign-up,Small,5.0,5,27.0,1,0,0.0105
S16686,Food,Chile,Marketplace direct,Sales rep,Micro,17.0,0,24.0,1,1,0.0105
S12484,Beauty,Chile,Falabella Retail,Sales rep,Micro,7.0,1,26.0,2,0,0.0105
S03991,Fashion,Peru,Tottus,Self sign-up,Micro,0.0,1,12.0,0,0,0.0105
S19011,Sports,Colombia,Falabella Retail,Event,Micro,8.0,1,22.0,3,0,0.0105
S10782,Home,Peru,Marketplace direct,Sales rep,Micro,13.0,1,25.0,0,0,0.0105
S13975,Hardware,Colombia,Falabella Retail,Self sign-up,Micro,1.0,1,15.0,2,0,0.0105
S00099,Food,Chile,Marketplace direct,Event,Micro,13.0,0,20.0,1,0,0.0105
S00630,Food,Chile,Marketplace direct,Event,Micro,13.0,0,20.0,1,0,0.0105
S19573,Beauty,Chile,Falabella Retail,Self sign-up,Micro,1.0,1,17.0,2,0,0.0105
S18667,Hardware,Colombia,Marketplace direct,Self sign-up,Small,10.0,0,25.0,7,0,0.0105
S14971,Toys,Colombia,Falabella Retail,Self sign-up,Micro,4.0,1,18.0,0,1,0.0105
S12879,Home,Colombia,Falabella Retail,Self sign-up,Medium,6.0,0,22.0,2,0,0.0105
S16928,Electronics,Chile,Tottus,Self sign-up,Micro,14.0,1,24.0,2,0,0.0105
S19817,Fashion,Chile,Sodimac,Sales rep,Micro,13.0,4,31.0,0,0,0.0105
S18083,Sports,Colombia,Tottus,Self sign-up,Small,5.0,3,21.0,1,0,0.0105
S04144,Fashion,Chile,Sodimac,Sales rep,Medium,6.0,4,34.0,2,0,0.0105
S02404,Hardware,Chile,Marketplace direct,Self sign-up,Small,11.0,1,24.0,2,0,0.0105
S10661,Sports,Chile,Tottus,Self sign-up,Micro,4.0,0,15.0,0,0,0.0105
S10110,Fashion,Chile,Falabella Retail,Event,Micro,0.0,1,17.0,2,0,0.0105
S17038,Electronics,Colombia,Marketplace direct,Sales rep,Micro,8.0,2,26.0,1,0,0.0105
S09171,Sports,Chile,Marketplace direct,Self sign-up,Micro,1.0,0,13.0,1,0,0.0104
S15937,Beauty,Peru,Falabella Retail,Self sign-up,Micro,8.0,2,22.0,1,0,0.0104
S00470,Fashion,Peru,Sodimac,Self sign-up,Micro,9.0,4,29.0,5,0,0.0104
S15660,Food,Peru,Sodimac,Sales rep,Micro,2.0,4,22.0,0,0,0.0104
S14532,Beauty,Chile,Marketplace direct,Self sign-up,Small,14.0,4,31.0,4,0,0.0104
S19786,Fashion,Chile,Marketplace direct,Self sign-up,Micro,11.0,3,24.0,0,0,0.0104
S07404,Beauty,Chile,Sodimac,Self sign-up,Small,4.0,2,23.0,1,0,0.0104
S16802,Home,Peru,Sodimac,Self sign-up,Micro,1.0,1,15.0,0,0,0.0104
S10749,Electronics,Chile,Sodimac,Self sign-up,Micro,3.0,3,25.0,4,0,0.0104
S18441,Home,Peru,Falabella Retail,Self sign-up,Micro,11.0,3,25.0,2,0,0.0104
S03581,Hardware,Chile,Falabella Retail,Self sign-up,Micro,3.0,2,21.0,3,0,0.0104
S11551,Hardware,Chile,Sodimac,Self sign-up,Micro,4.0,3,21.0,0,0,0.0104
S04166,Electronics,Colombia,Falabella Retail,Self sign-up,Micro,6.0,4,24.0,1,0,0.0104
S16651,Toys,Colombia,Falabella Retail,Referral,Small,2.0,3,21.0,0,0,0.0104
S15983,Electronics,Peru,Tottus,Self sign-up,Small,7.0,2,23.0,0,0,0.0104
S05239,Beauty,Colombia,Falabella Retail,Self sign-up,Micro,1.0,2,17.0,2,0,0.0104
S00288,Beauty,Colombia,Falabella Retail,Event,Micro,10.0,1,25.0,4,0,0.0104
S16526,Home,Colombia,Tottus,Self sign-up,Micro,11.0,1,20.0,1,0,0.0103
S00783,Beauty,Chile,Marketplace direct,Self sign-up,Small,1.0,4,21.0,0,0,0.0103
S09510,Beauty,Chile,Falabella Retail,Sales rep,Micro,2.0,1,22.0,1,0,0.0103
S05988,Food,Chile,Sodimac,Self sign-up,Small,5.0,5,24.0,0,0,0.0103
S08139,Home,Colombia,Falabella Retail,Self sign-up,Small,13.0,0,26.0,6,0,0.0103
S09411,Fashion,Colombia,Sodimac,Sales rep,Micro,9.0,0,24.0,1,0,0.0103
S08702,Home,Chile,Falabella Retail,Self sign-up,Small,5.0,2,24.0,2,0,0.0103
S02636,Fashion,Chile,Tottus,Self sign-up,Micro,9.0,1,23.0,3,0,0.0102
S16531,Electronics,Peru,Falabella Retail,Self sign-up,Small,5.0,3,25.0,1,0,0.0102
S09041,Electronics,Peru,Tottus,Referral,Small,9.0,2,27.0,0,0,0.0102
S16376,Home,Peru,Marketplace direct,Self sign-up,Small,9.0,2,27.0,1,1,0.0102
S01928,Electronics,Peru,Falabella Retail,Event,Micro,5.0,3,25.0,1,0,0.0102
S18747,Fashion,Chile,Falabella Retail,Referral,Micro,3.0,1,23.0,2,0,0.0102
S02562,Toys,Chile,Tottus,Event,Small,5.0,0,23.0,5,0,0.0102
S07983,Food,Colombia,Falabella Retail,Self sign-up,Micro,4.0,3,17.0,0,0,0.0102
S05472,Food,Chile,Marketplace direct,Self sign-up,Micro,5.0,0,17.0,3,0,0.0102
S16166,Beauty,Colombia,Falabella Retail,Self sign-up,Small,10.0,2,24.0,1,0,0.0102
S13916,Electronics,Peru,Tottus,Self sign-up,Micro,6.0,0,18.0,0,0,0.0102
S05738,Food,Peru,Falabella Retail,Event,Small,7.0,2,22.0,0,0,0.0102
S18524,Beauty,Colombia,Marketplace direct,Self sign-up,Micro,7.0,4,24.0,2,0,0.0102
S16215,Sports,Chile,Falabella Retail,Self sign-up,Small,2.0,3,21.0,1,0,0.0102
S07563,Fashion,Peru,Marketplace direct,Self sign-up,Micro,15.0,5,28.0,1,0,0.0101
S05390,Beauty,Peru,Sodimac,Self sign-up,Micro,11.0,4,27.0,2,0,0.0101
S14283,Sports,Peru,Sodimac,Self sign-up,Small,5.0,2,25.0,5,0,0.0101
S12908,Home,Chile,Marketplace direct,Self sign-up,Medium,2.0,2,23.0,2,0,0.0101
S04513,Electronics,Colombia,Falabella Retail,Sales rep,Micro,8.0,3,28.0,1,0,0.0101
S08596,Sports,Chile,Falabella Retail,Self sign-up,Small,2.0,4,24.0,3,0,0.0101
S02362,Fashion,Chile,Falabella Retail,Event,Micro,10.0,5,29.0,0,0,0.0101
S12213,Hardware,Chile,Tottus,Self sign-up,Micro,5.0,1,18.0,0,0,0.0101
S15138,Toys,Colombia,Marketplace direct,Self sign-up,Small,2.0,2,17.0,1,0,0.0101
S04152,Fashion,Colombia,Sodimac,Self sign-up,Micro,16.0,0,23.0,1,1,0.0101
S12268,Electronics,Chile,Sodimac,Sales rep,Micro,4.0,3,27.0,0,0,0.0101
S11651,Beauty,Colombia,Falabella Retail,Self sign-up,Small,6.0,1,22.0,2,0,0.0101
S17828,Fashion,Peru,Falabella Retail,Self sign-up,Micro,7.0,4,24.0,0,0,0.0101
S15497,Home,Colombia,Marketplace direct,Self sign-up,Micro,21.0,0,26.0,7,0,0.0101
S10809,Food,Peru,Falabella Retail,Self sign-up,Small,4.0,4,22.0,1,0,0.0101
S12616,Beauty,Chile,Marketplace direct,Self sign-up,Medium,13.0,2,30.0,4,0,0.0101
S00382,Toys,Chile,Falabella Retail,Self sign-up,Micro,4.0,3,20.0,1,0,0.0101
S01728,Electronics,Peru,Marketplace direct,Self sign-up,Micro,6.0,2,21.0,0,0,0.0101
S08177,Beauty,Peru,Falabella Retail,Event,Micro,6.0,5,29.0,3,0,0.0101
S06459,Toys,Colombia,Falabella Retail,Sales rep,Small,15.0,3,28.0,0,0,0.0101
S10667,Electronics,Chile,Falabella Retail,Self sign-up,Micro,4.0,5,25.0,0,0,0.0101
S06092,Sports,Colombia,Falabella Retail,Self sign-up,Micro,9.0,2,22.0,3,0,0.0101
S15152,Hardware,Colombia,Falabella Retail,Event,Micro,2.0,4,21.0,0,0,0.0101
S19487,Sports,Peru,Falabella Retail,Sales rep,Small,10.0,2,27.0,0,0,0.0101
S14714,Sports,Chile,Marketplace direct,Self sign-up,Micro,6.0,4,22.0,0,0,0.01
S13876,Home,Chile,Marketplace direct,Referral,Small,6.0,1,26.0,2,0,0.01
S04822,Sports,Colombia,Falabella Retail,Self sign-up,Micro,4.0,0,17.0,3,0,0.01
S08383,Home,Peru,Falabella Retail,Referral,Micro,9.0,0,27.0,6,0,0.01
S03034,Food,Peru,Marketplace direct,Self sign-up,Micro,3.0,1,14.0,0,0,0.01
S12932,Fashion,Chile,Tottus,Event,Micro,4.0,3,23.0,0,0,0.01
S02246,Home,Chile,Falabella Retail,Event,Micro,17.0,3,30.0,3,0,0.01
S18752,Food,Colombia,Sodimac,Self sign-up,Small,0.0,0,10.0,0,0,0.01
S17390,Beauty,Peru,Falabella Retail,Event,Micro,3.0,4,25.0,2,0,0.01
S00086,Toys,Colombia,Marketplace direct,Referral,Small,2.0,0,20.0,4,0,0.01
S05593,Electronics,Chile,Sodimac,Self sign-up,Medium,8.0,0,26.0,2,0,0.01
S02948,Food,Peru,Falabella Retail,Self sign-up,Micro,3.0,3,18.0,1,0,0.01
S06830,Fashion,Peru,Falabella Retail,Self sign-up,Small,7.0,2,25.0,2,0,0.01
S18058,Hardware,Peru,Sodimac,Event,Micro,3.0,4,24.0,1,0,0.01
S08188,Sports,Colombia,Marketplace direct,Self sign-up,Small,12.0,2,22.0,0,0,0.01
S08544,Fashion,Peru,Sodimac,Sales rep,Micro,6.0,3,27.0,0,0,0.01
S18130,Beauty,Peru,Falabella Retail,Event,Small,3.0,0,20.0,0,0,0.0099
S06725,Fashion,Chile,Falabella Retail,Referral,Micro,3.0,0,21.0,1,0,0.0099
S15867,Electronics,Colombia,Tottus,Referral,Micro,2.0,1,19.0,0,0,0.0099
S03815,Fashion,Chile,Sodimac,Self sign-up,Small,1.0,1,20.0,2,0,0.0099
S08549,Sports,Colombia,Marketplace direct,Sales rep,Micro,6.0,4,25.0,0,0,0.0099
S12510,Electronics,Colombia,Sodimac,Self sign-up,Medium,4.0,0,21.0,0,0,0.0099
S07144,Hardware,Colombia,Falabella Retail,Event,Small,3.0,1,20.0,0,0,0.0099
S07608,Home,Chile,Tottus,Self sign-up,Small,1.0,5,23.0,1,0,0.0099
S10198,Sports,Chile,Sodimac,Self sign-up,Small,2.0,1,18.0,0,0,0.0099
S03589,Home,Chile,Marketplace direct,Self sign-up,Medium,10.0,0,24.0,1,0,0.0099
S09532,Food,Chile,Falabella Retail,Event,Small,11.0,5,29.0,1,0,0.0099
S19953,Food,Colombia,Falabella Retail,Self sign-up,Micro,6.0,5,21.0,0,0,0.0099
S10666,Home,Chile,Marketplace direct,Self sign-up,Micro,4.0,1,19.0,1,0,0.0099
S02520,Home,Chile,Marketplace direct,Self sign-up,Micro,4.0,1,19.0,1,0,0.0099
S00074,Electronics,Chile,Falabella Retail,Event,Small,8.0,2,27.0,0,0,0.0099
S13127,Sports,Chile,Sodimac,Event,Small,5.0,3,25.0,0,0,0.0099
S02508,Beauty,Peru,Falabella Retail,Self sign-up,Micro,10.0,2,23.0,1,0,0.0099
S16511,Home,Chile,Tottus,Self sign-up,Micro,3.0,1,18.0,1,0,0.0099
S03948,Hardware,Chile,Marketplace direct,Self sign-up,Micro,15.0,4,29.0,4,0,0.0099
S03797,Toys,Peru,Sodimac,Event,Micro,4.0,3,21.0,0,0,0.0099
S04001,Fashion,Peru,Marketplace direct,Sales rep,Micro,3.0,2,23.0,0,0,0.0099
S12492,Fashion,Colombia,Falabella Retail,Self sign-up,Micro,4.0,1,21.0,4,0,0.0099
S05701,Electronics,Chile,Tottus,Event,Micro,15.0,1,29.0,5,0,0.0099
S14004,Electronics,Chile,Sodimac,Sales rep,Micro,3.0,0,24.0,2,0,0.0099
S04389,Beauty,Chile,Falabella Retail,Sales rep,Micro,4.0,1,24.0,1,0,0.0099
S02107,Food,Chile,Marketplace direct,Sales rep,Medium,10.0,1,27.0,1,0,0.0099
S12073,Electronics,Chile,Sodimac,Self sign-up,Small,3.0,0,20.0,0,0,0.0098
S09909,Hardware,Peru,Tottus,Sales rep,Micro,3.0,0,20.0,1,0,0.0098
S00960,Beauty,Peru,Falabella Retail,Referral,Micro,2.0,2,21.0,0,0,0.0098
S16024,Food,Chile,Sodimac,Self sign-up,Micro,4.0,3,19.0,0,0,0.0098
S11162,Home,Colombia,Marketplace direct,Event,Small,8.0,0,32.0,13,0,0.0098
S18106,Electronics,Chile,Marketplace direct,Event,Small,3.0,3,26.0,1,0,0.0098
S00237,Toys,Colombia,Marketplace direct,Self sign-up,Micro,8.0,1,20.0,4,0,0.0098
S09796,Electronics,Peru,Tottus,Self sign-up,Small,1.0,3,20.0,0,0,0.0098
S03054,Sports,Chile,Sodimac,Self sign-up,Micro,15.0,0,22.0,2,0,0.0098
S17393,Electronics,Peru,Falabella Retail,Referral,Micro,7.0,0,25.0,3,0,0.0098
S17093,Electronics,Chile,Falabella Retail,Event,Micro,3.0,1,21.0,0,0,0.0098
S12398,Electronics,Colombia,Sodimac,Self sign-up,Micro,10.0,1,23.0,2,0,0.0098
S19578,Electronics,Chile,Tottus,Self sign-up,Micro,24.0,2,34.0,10,0,0.0098
S17174,Fashion,Colombia,Falabella Retail,Sales rep,Micro,7.0,0,24.0,2,0,0.0098
S12369,Home,Chile,Tottus,Self sign-up,Medium,9.0,2,27.0,2,0,0.0098
S16216,Sports,Peru,Marketplace direct,Self sign-up,Small,4.0,0,17.0,0,0,0.0098
S03023,Beauty,Peru,Tottus,Self sign-up,Micro,4.0,0,17.0,1,0,0.0098
S18583,Food,Colombia,Sodimac,Event,Micro,11.0,2,22.0,1,0,0.0098
S02577,Hardware,Colombia,Sodimac,Self sign-up,Small,2.0,0,19.0,0,1,0.0097
S18006,Food,Peru,Falabella Retail,Self sign-up,Micro,5.0,1,16.0,0,0,0.0097
S03998,Home,Chile,Marketplace direct,Event,Small,5.0,2,25.0,1,0,0.0097
S03181,Home,Chile,Falabella Retail,Self sign-up,Micro,7.0,0,19.0,0,0,0.0097
S02180,Toys,Colombia,Falabella Retail,Self sign-up,Small,2.0,1,18.0,3,0,0.0097
S02072,Home,Peru,Marketplace direct,Event,Micro,9.0,4,26.0,0,0,0.0097
S19705,Sports,Chile,Marketplace direct,Self sign-up,Micro,6.0,1,19.0,1,0,0.0097
S04683,Toys,Peru,Falabella Retail,Self sign-up,Small,7.0,2,21.0,0,0,0.0097
S04610,Hardware,Chile,Sodimac,Referral,Micro,8.0,3,29.0,3,0,0.0097
S16179,Food,Chile,Sodimac,Self sign-up,Micro,5.0,2,20.0,2,0,0.0097
S14856,Sports,Chile,Sodimac,Referral,Micro,5.0,2,23.0,0,0,0.0097
S03974,Electronics,Colombia,Sodimac,Event,Small,10.0,2,30.0,4,0,0.0097
S14323,Home,Peru,Marketplace direct,Self sign-up,Medium,5.0,1,22.0,0,0,0.0097
S12548,Electronics,Peru,Sodimac,Sales rep,Micro,7.0,0,25.0,1,0,0.0097
S14597,Home,Chile,Marketplace direct,Event,Micro,14.0,0,30.0,9,0,0.0097
S11891,Electronics,Chile,Marketplace direct,Self sign-up,Micro,3.0,2,20.0,0,0,0.0097
S05856,Beauty,Peru,Tottus,Sales rep,Small,3.0,1,24.0,1,0,0.0096
S13178,Home,Chile,Marketplace direct,Self sign-up,Small,4.0,3,23.0,0,0,0.0096
S05971,Electronics,Chile,Marketplace direct,Self sign-up,Micro,7.0,1,21.0,0,0,0.0096
S18406,Fashion,Chile,Tottus,Self sign-up,Small,4.0,1,23.0,3,0,0.0096
S15431,Sports,Chile,Sodimac,Self sign-up,Micro,5.0,0,18.0,1,0,0.0096
S18666,Home,Colombia,Falabella Retail,Self sign-up,Micro,0.0,4,16.0,0,0,0.0096
S03380,Home,Peru,Falabella Retail,Event,Micro,10.0,5,29.0,1,0,0.0096
S12540,Home,Peru,Falabella Retail,Sales rep,Micro,5.0,4,28.0,1,0,0.0096
S08553,Toys,Peru,Marketplace direct,Referral,Micro,6.0,4,24.0,0,0,0.0096
S12709,Home,Chile,Sodimac,Self sign-up,Small,4.0,4,26.0,1,0,0.0096
S17929,Toys,Colombia,Tottus,Self sign-up,Micro,4.0,5,20.0,0,0,0.0096
S04559,Sports,Chile,Falabella Retail,Self sign-up,Small,8.0,0,21.0,1,0,0.0096
S11507,Electronics,Peru,Falabella Retail,Referral,Micro,12.0,2,27.0,0,0,0.0096
S04170,Food,Chile,Tottus,Self sign-up,Micro,5.0,5,23.0,2,0,0.0096
S15792,Food,Chile,Sodimac,Self sign-up,Micro,3.0,0,16.0,2,0,0.0096
S15894,Toys,Colombia,Falabella Retail,Event,Small,7.0,0,22.0,3,0,0.0096
S01203,Toys,Peru,Falabella Retail,Self sign-up,Micro,8.0,4,23.0,1,0,0.0096
S00801,Home,Colombia,Falabella Retail,Referral,Small,13.0,2,29.0,2,0,0.0096
S13192,Home,Chile,Falabella Retail,Referral,Micro,5.0,5,28.0,0,0,0.0096
S16230,Electronics,Colombia,Marketplace direct,Sales rep,Micro,5.0,1,23.0,0,0,0.0096
S05317,Food,Chile,Marketplace direct,Self sign-up,Micro,4.0,2,17.0,0,0,0.0096
S13581,Home,Chile,Marketplace direct,Self sign-up,Micro,5.0,1,19.0,0,0,0.0096
S05875,Fashion,Chile,Falabella Retail,Self sign-up,Micro,13.0,5,29.0,1,0,0.0096
S16550,Home,Chile,Falabella Retail,Sales rep,Micro,6.0,0,23.0,0,0,0.0096
S08094,Electronics,Chile,Marketplace direct,Event,Micro,1.0,1,20.0,2,0,0.0095
S10596,Home,Chile,Falabella Retail,Self sign-up,Micro,6.0,1,20.0,0,0,0.0095
S19932,Electronics,Chile,Tottus,Self sign-up,Micro,8.0,2,25.0,3,0,0.0095
S01582,Fashion,Colombia,Falabella Retail,Referral,Micro,3.0,0,19.0,0,0,0.0095
S00162,Home,Chile,Sodimac,Self sign-up,Micro,7.0,5,27.0,1,0,0.0095
S19419,Hardware,Colombia,Falabella Retail,Self sign-up,Micro,3.0,3,19.0,0,0,0.0095
S07303,Fashion,Chile,Falabella Retail,Self sign-up,Micro,8.0,1,23.0,2,0,0.0095
S19352,Toys,Chile,Sodimac,Referral,Micro,9.0,0,23.0,2,0,0.0095
S04006,Fashion,Chile,Falabella Retail,Self sign-up,Micro,6.0,0,20.0,1,0,0.0095
S01050,Sports,Peru,Marketplace direct,Self sign-up,Medium,0.0,2,17.0,1,0,0.0095
S18547,Hardware,Colombia,Falabella Retail,Event,Micro,7.0,5,26.0,0,0,0.0095
S09137,Sports,Colombia,Sodimac,Sales rep,Small,5.0,0,23.0,1,0,0.0095
S18285,Fashion,Peru,Marketplace direct,Self sign-up,Micro,15.0,3,29.0,5,0,0.0095
S13274,Sports,Peru,Falabella Retail,Self sign-up,Medium,1.0,2,19.0,0,0,0.0094
S10953,Toys,Colombia,Falabella Retail,Self sign-up,Micro,3.0,0,15.0,2,0,0.0094
S15313,Toys,Chile,Sodimac,Self sign-up,Micro,13.0,0,21.0,2,0,0.0094
S15546,Beauty,Colombia,Tottus,Self sign-up,Small,11.0,3,27.0,3,0,0.0094
S01233,Sports,Chile,Sodimac,Self sign-up,Small,5.0,5,26.0,0,0,0.0094
S19154,Food,Chile,Marketplace direct,Sales rep,Small,7.0,2,25.0,0,0,0.0094
S07529,Home,Colombia,Tottus,Self sign-up,Small,9.0,0,20.0,1,1,0.0094
S06870,Sports,Chile,Tottus,Event,Small,26.0,3,35.0,7,0,0.0094
S00727,Electronics,Chile,Tottus,Event,Micro,12.0,3,28.0,1,0,0.0094
S11130,Home,Chile,Sodimac,Self sign-up,Micro,7.0,0,22.0,3,0,0.0094
S12661,Home,Chile,Marketplace direct,Event,Micro,12.0,3,28.0,2,0,0.0094
S12816,Food,Chile,Marketplace direct,Sales rep,Small,3.0,0,20.0,0,0,0.0094
S01730,Food,Peru,Falabella Retail,Self sign-up,Micro,7.0,2,20.0,0,1,0.0094
S13844,Toys,Peru,Tottus,Self sign-up,Micro,5.0,1,17.0,1,0,0.0094
S13557,Food,Peru,Marketplace direct,Self sign-up,Micro,4.0,4,20.0,1,0,0.0094
S07791,Fashion,Chile,Tottus,Referral,Medium,0.0,1,21.0,1,0,0.0094
S00321,Fashion,Colombia,Tottus,Self sign-up,Micro,4.0,3,20.0,0,0,0.0094
S12999,Beauty,Colombia,Tottus,Sales rep,Small,7.0,0,26.0,3,0,0.0094
S05822,Toys,Peru,Sodimac,Self sign-up,Micro,12.0,0,20.0,0,1,0.0094
S05207,Food,Colombia,Falabella Retail,Sales rep,Micro,6.0,3,23.0,0,0,0.0094
S15820,Toys,Peru,Falabella Retail,Self sign-up,Micro,4.0,3,19.0,0,0,0.0093
S04544,Fashion,Peru,Sodimac,Self sign-up,Medium,3.0,4,27.0,1,0,0.0093
S07263,Electronics,Chile,Sodimac,Event,Small,3.0,5,29.0,0,0,0.0093
S15129,Fashion,Colombia,Falabella Retail,Sales rep,Micro,1.0,4,25.0,2,0,0.0093
S12516,Beauty,Colombia,Tottus,Self sign-up,Micro,14.0,0,21.0,2,0,0.0093
S12392,Toys,Colombia,Marketplace direct,Sales rep,Small,6.0,0,22.0,1,0,0.0093
S01726,Fashion,Colombia,Tottus,Referral,Micro,9.0,2,25.0,1,0,0.0093
S12417,Electronics,Colombia,Marketplace direct,Referral,Micro,5.0,4,26.0,0,0,0.0093
S15106,Fashion,Peru,Falabella Retail,Self sign-up,Medium,5.0,1,24.0,1,0,0.0093
S04819,Beauty,Colombia,Marketplace direct,Event,Micro,5.0,3,25.0,3,0,0.0093
S07291,Home,Chile,Sodimac,Sales rep,Small,5.0,3,29.0,0,0,0.0093
S10335,Food,Colombia,Marketplace direct,Event,Micro,9.0,4,26.0,4,0,0.0093
S11458,Hardware,Chile,Falabella Retail,Self sign-up,Small,7.0,5,30.0,3,0,0.0093
S16237,Fashion,Peru,Marketplace direct,Referral,Small,3.0,5,29.0,1,0,0.0093
S03746,Home,Chile,Falabella Retail,Self sign-up,Micro,9.0,1,23.0,2,0,0.0093
S08927,Food,Peru,Sodimac,Event,Medium,5.0,3,25.0,0,0,0.0093
S08450,Food,Chile,Tottus,Sales rep,Small,5.0,0,22.0,1,0,0.0093
S09329,Beauty,Chile,Falabella Retail,Event,Micro,1.0,0,18.0,1,1,0.0093
S12326,Beauty,Chile,Tottus,Self sign-up,Small,23.0,1,29.0,4,0,0.0093
S06561,Fashion,Chile,Sodimac,Self sign-up,Small,8.0,2,26.0,1,0,0.0093
S15539,Food,Peru,Falabella Retail,Self sign-up,Medium,5.0,1,20.0,0,0,0.0093
S11060,Fashion,Peru,Falabella Retail,Self sign-up,Micro,7.0,3,24.0,1,0,0.0092
S00769,Sports,Colombia,Falabella Retail,Event,Micro,2.0,5,22.0,0,0,0.0092
S05760,Electronics,Peru,Tottus,Referral,Small,1.0,2,23.0,1,0,0.0092
S11375,Electronics,Colombia,Falabella Retail,Self sign-up,Medium,16.0,0,26.0,1,0,0.0092
S13009,Fashion,Peru,Tottus,Sales rep,Small,4.0,0,24.0,1,0,0.0092
S17705,Fashion,Chile,Tottus,Self sign-up,Micro,6.0,4,24.0,0,0,0.0092
S13219,Beauty,Colombia,Falabella Retail,Event,Small,3.0,1,21.0,0,0,0.0092
S17896,Food,Colombia,Tottus,Sales rep,Small,4.0,0,20.0,1,0,0.0092
S01252,Electronics,Colombia,Falabella Retail,Self sign-up,Small,2.0,1,19.0,0,0,0.0092
S09274,Beauty,Chile,Falabella Retail,Self sign-up,Micro,10.0,1,26.0,5,0,0.0092
S06159,Food,Chile,Marketplace direct,Self sign-up,Small,5.0,3,22.0,1,0,0.0092
S03766,Beauty,Chile,Marketplace direct,Self sign-up,Micro,2.0,0,19.0,4,0,0.0092
S15155,Hardware,Peru,Sodimac,Self sign-up,Micro,11.0,2,25.0,1,1,0.0092
S19493,Home,Peru,Falabella Retail,Self sign-up,Micro,8.0,1,27.0,8,0,0.0092
S16688,Beauty,Colombia,Marketplace direct,Event,Micro,10.0,1,22.0,0,0,0.0091
S09481,Fashion,Colombia,Falabella Retail,Self sign-up,Medium,5.0,3,26.0,1,0,0.0091
S04555,Toys,Colombia,Tottus,Referral,Small,0.0,2,16.0,0,0,0.0091
S06768,Hardware,Chile,Marketplace direct,Self sign-up,Small,1.0,4,22.0,1,0,0.0091
S19984,Sports,Peru,Sodimac,Self sign-up,Micro,1.0,0,14.0,1,0,0.0091
S13441,Electronics,Colombia,Tottus,Event,Small,9.0,0,23.0,0,0,0.0091
S05028,Beauty,Chile,Sodimac,Self sign-up,Micro,10.0,3,25.0,0,0,0.0091
S12550,Beauty,Peru,Falabella Retail,Self sign-up,Micro,8.0,2,22.0,0,0,0.0091
S05350,Food,Chile,Marketplace direct,Self sign-up,Micro,3.0,2,19.0,3,0,0.0091
S18200,Hardware,Peru,Falabella Retail,Self sign-up,Micro,3.0,1,19.0,2,0,0.0091
S05536,Home,Peru,Falabella Retail,Self sign-up,Micro,5.0,4,24.0,1,0,0.0091
S05961,Electronics,Colombia,Tottus,Self sign-up,Small,0.0,2,16.0,0,0,0.0091
S05805,Toys,Chile,Tottus,Self sign-up,Small,2.0,2,18.0,0,0,0.0091
S02305,Home,Chile,Sodimac,Self sign-up,Micro,4.0,0,19.0,1,0,0.0091
S08934,Hardware,Colombia,Falabella Retail,Self sign-up,Micro,4.0,0,16.0,0,0,0.0091
S04495,Fashion,Peru,Falabella Retail,Event,Micro,12.0,3,31.0,5,0,0.009
S02893,Sports,Peru,Marketplace direct,Sales rep,Micro,2.0,3,26.0,0,1,0.009
S06587,Food,Chile,Falabella Retail,Sales rep,Small,7.0,1,26.0,2,0,0.009
S14698,Fashion,Colombia,Marketplace direct,Sales rep,Micro,7.0,0,24.0,2,0,0.009
S08978,Toys,Chile,Sodimac,Event,Small,2.0,5,30.0,6,0,0.009
S14343,Fashion,Peru,Falabella Retail,Self sign-up,Small,4.0,2,24.0,2,0,0.009
S10034,Food,Chile,Marketplace direct,Self sign-up,Micro,39.0,5,30.0,2,0,0.009
S00904,Food,Chile,Marketplace direct,Self sign-up,Small,21.0,3,33.0,9,0,0.009
S19877,Sports,Chile,Tottus,Self sign-up,Micro,2.0,3,19.0,1,0,0.009
S14937,Electronics,Chile,Falabella Retail,Self sign-up,Micro,3.0,0,19.0,1,0,0.009
S08293,Electronics,Peru,Sodimac,Self sign-up,Small,9.0,3,27.0,0,0,0.009
S04982,Home,Peru,Sodimac,Event,Micro,2.0,1,20.0,1,0,0.009
S19279,Beauty,Colombia,Marketplace direct,Self sign-up,Micro,3.0,1,20.0,4,0,0.009
S07454,Food,Colombia,Sodimac,Referral,Small,3.0,5,26.0,1,0,0.009
S00575,Fashion,Chile,Marketplace direct,Sales rep,Micro,11.0,1,29.0,3,0,0.009
S10894,Sports,Colombia,Marketplace direct,Self sign-up,Micro,20.0,1,25.0,5,0,0.009
S04843,Fashion,Peru,Falabella Retail,Event,Micro,3.0,3,23.0,0,0,0.009
S09547,Sports,Peru,Marketplace direct,Self sign-up,Small,10.0,4,28.0,3,0,0.009
S19864,Hardware,Chile,Marketplace direct,Self sign-up,Small,4.0,0,19.0,0,0,0.0089
S14354,Food,Colombia,Falabella Retail,Self sign-up,Small,5.0,3,22.0,2,0,0.0089
S09914,Home,Peru,Sodimac,Self sign-up,Micro,4.0,4,23.0,0,0,0.0089
S14697,Hardware,Colombia,Falabella Retail,Referral,Micro,6.0,0,22.0,2,0,0.0089
S11467,Fashion,Colombia,Marketplace direct,Sales rep,Micro,9.0,0,24.0,1,0,0.0089
S08014,Electronics,Colombia,Marketplace direct,Self sign-up,Small,7.0,1,22.0,0,0,0.0089
S16666,Toys,Chile,Sodimac,Referral,Micro,11.0,3,28.0,2,0,0.0089
S11637,Sports,Colombia,Sodimac,Self sign-up,Small,1.0,2,18.0,1,0,0.0089
S07618,Toys,Chile,Sodimac,Self sign-up,Small,3.0,5,25.0,1,0,0.0089
S00724,Electronics,Peru,Sodimac,Self sign-up,Micro,2.0,1,20.0,2,0,0.0089
S07882,Home,Chile,Falabella Retail,Self sign-up,Micro,12.0,3,26.0,1,0,0.0089
S17089,Sports,Colombia,Falabella Retail,Self sign-up,Small,13.0,3,28.0,4,0,0.0089
S17128,Fashion,Colombia,Falabella Retail,Self sign-up,Micro,5.0,4,23.0,0,0,0.0089
S13370,Electronics,Peru,Falabella Retail,Self sign-up,Micro,3.0,1,19.0,0,0,0.0089
S07826,Hardware,Chile,Sodimac,Self sign-up,Micro,3.0,3,22.0,1,0,0.0089
S08675,Toys,Colombia,Sodimac,Event,Small,12.0,0,22.0,0,0,0.0089
S09011,Sports,Chile,Falabella Retail,Self sign-up,Small,14.0,1,27.0,4,0,0.0088
S13643,Electronics,Chile,Falabella Retail,Self sign-up,Small,2.0,2,22.0,0,0,0.0088
S10534,Electronics,Colombia,Falabella Retail,Self sign-up,Micro,7.0,0,20.0,0,1,0.0088
S17319,Food,Colombia,Sodimac,Self sign-up,Micro,2.0,5,20.0,1,0,0.0088
S12248,Beauty,Colombia,Marketplace direct,Self sign-up,Micro,3.0,2,19.0,1,0,0.0088
S11339,Home,Peru,Marketplace direct,Self sign-up,Small,6.0,0,20.0,0,0,0.0088
S10427,Toys,Peru,Sodimac,Self sign-up,Micro,18.0,4,28.0,3,0,0.0088
S08715,Electronics,Chile,Tottus,Self sign-up,Micro,6.0,2,23.0,1,0,0.0088
S12410,Sports,Colombia,Tottus,Self sign-up,Small,3.0,1,18.0,1,0,0.0088
S01172,Home,Chile,Marketplace direct,Self sign-up,Small,2.0,4,24.0,1,0,0.0088
S08781,Electronics,Chile,Marketplace direct,Self sign-up,Micro,14.0,3,28.0,2,0,0.0088
S04723,Sports,Chile,Falabella Retail,Self sign-up,Micro,5.0,1,22.0,4,0,0.0088
S16575,Home,Chile,Marketplace direct,Self sign-up,Micro,2.0,1,18.0,1,0,0.0088
S14852,Sports,Peru,Sodimac,Self sign-up,Small,9.0,4,27.0,1,0,0.0088
S12329,Beauty,Chile,Marketplace direct,Event,Micro,9.0,1,25.0,2,0,0.0088
S03626,Hardware,Chile,Sodimac,Self sign-up,Micro,12.0,5,32.0,5,0,0.0088
S13282,Food,Chile,Marketplace direct,Self sign-up,Micro,4.0,1,17.0,1,0,0.0087
S09323,Sports,Chile,Marketplace direct,Self sign-up,Micro,4.0,2,19.0,0,0,0.0087
S01000,Electronics,Chile,Marketplace direct,Self sign-up,Micro,8.0,4,26.0,0,0,0.0087
S07202,Electronics,Chile,Tottus,Event,Micro,6.0,2,25.0,1,0,0.0087
S02125,Fashion,Chile,Tottus,Referral,Micro,4.0,3,25.0,0,0,0.0087
S03409,Electronics,Colombia,Marketplace direct,Self sign-up,Micro,6.0,0,20.0,2,0,0.0087
S12178,Home,Chile,Marketplace direct,Referral,Small,2.0,0,21.0,0,0,0.0087
S15616,Food,Colombia,Sodimac,Referral,Small,7.0,3,25.0,0,0,0.0087
S04468,Food,Chile,Sodimac,Self sign-up,Small,4.0,1,19.0,0,0,0.0087
S15231,Hardware,Colombia,Marketplace direct,Event,Micro,5.0,3,24.0,2,0,0.0087
S13411,Home,Chile,Tottus,Self sign-up,Small,4.0,2,22.0,0,0,0.0087
S17474,Fashion,Chile,Falabella Retail,Sales rep,Small,16.0,0,29.0,0,0,0.0087
S15214,Home,Chile,Falabella Retail,Self sign-up,Small,7.0,4,27.0,0,0,0.0087
S15245,Food,Chile,Sodimac,Self sign-up,Micro,7.0,5,24.0,0,0,0.0087
S08572,Hardware,Chile,Falabella Retail,Self sign-up,Micro,5.0,5,25.0,0,0,0.0087
S09293,Electronics,Chile,Tottus,Self sign-up,Small,8.0,1,27.0,4,0,0.0087
S05089,Home,Chile,Sodimac,Event,Small,5.0,1,29.0,1,1,0.0087
S18353,Fashion,Colombia,Falabella Retail,Event,Small,3.0,3,26.0,2,0,0.0087
S13361,Electronics,Chile,Tottus,Self sign-up,Micro,15.0,2,31.0,3,1,0.0087
S14608,Toys,Chile,Falabella Retail,Sales rep,Micro,18.0,3,33.0,5,0,0.0087
S07844,Electronics,Chile,Tottus,Self sign-up,Small,0.0,0,15.0,0,0,0.0087
S15561,Hardware,Chile,Sodimac,Event,Micro,10.0,1,24.0,0,0,0.0087
S15459,Fashion,Colombia,Falabella Retail,Self sign-up,Micro,6.0,5,25.0,0,0,0.0087
S09150,Fashion,Colombia,Sodimac,Self sign-up,Micro,5.0,0,17.0,1,1,0.0087
S18699,Fashion,Chile,Falabella Retail,Referral,Micro,5.0,0,24.0,2,0,0.0086
S06802,Fashion,Chile,Falabella Retail,Self sign-up,Micro,3.0,1,20.0,1,0,0.0086
S08818,Toys,Colombia,Tottus,Self sign-up,Small,5.0,2,20.0,1,0,0.0086
S00031,Food,Peru,Sodimac,Self sign-up,Small,15.0,4,28.0,2,0,0.0086
S06728,Toys,Colombia,Sodimac,Sales rep,Micro,10.0,4,29.0,2,0,0.0086
S05589,Sports,Chile,Tottus,Event,Micro,11.0,2,27.0,4,0,0.0086
S04537,Hardware,Chile,Sodimac,Self sign-up,Micro,1.0,3,19.0,0,0,0.0086
S09631,Food,Chile,Sodimac,Event,Small,4.0,2,24.0,2,0,0.0086
S02694,Hardware,Peru,Falabella Retail,Event,Micro,0.0,4,19.0,0,0,0.0086
S17341,Fashion,Colombia,Marketplace direct,Self sign-up,Micro,8.0,2,23.0,2,0,0.0086
S06730,Hardware,Chile,Falabella Retail,Self sign-up,Micro,17.0,5,32.0,4,0,0.0086
S05031,Hardware,Chile,Sodimac,Referral,Small,5.0,4,30.0,1,0,0.0086
S11764,Food,Colombia,Marketplace direct,Referral,Small,4.0,4,24.0,0,0,0.0086
S19558,Hardware,Chile,Marketplace direct,Event,Small,4.0,0,22.0,1,0,0.0086
S18694,Fashion,Colombia,Falabella Retail,Self sign-up,Small,12.0,0,24.0,2,0,0.0086
S18743,Food,Chile,Falabella Retail,Event,Medium,14.0,1,31.0,6,0,0.0086
S16106,Electronics,Chile,Falabella Retail,Self sign-up,Micro,4.0,1,23.0,3,0,0.0086
S10033,Electronics,Chile,Sodimac,Event,Micro,2.0,4,26.0,1,0,0.0086
S09769,Electronics,Chile,Falabella Retail,Self sign-up,Small,6.0,2,25.0,0,0,0.0086
S08534,Toys,Colombia,Falabella Retail,Referral,Micro,13.0,5,28.0,0,0,0.0086
S06042,Toys,Colombia,Marketplace direct,Self sign-up,Small,4.0,4,24.0,3,0,0.0086
S07328,Home,Peru,Marketplace direct,Self sign-up,Micro,5.0,1,19.0,0,0,0.0086
S05020,Food,Colombia,Marketplace direct,Self sign-up,Micro,10.0,4,24.0,3,0,0.0086
S14923,Home,Chile,Marketplace direct,Sales rep,Micro,2.0,2,23.0,0,0,0.0086
S13684,Home,Chile,Sodimac,Self sign-up,Micro,14.0,1,26.0,3,0,0.0086
S11203,Home,Colombia,Sodimac,Self sign-up,Micro,1.0,0,14.0,0,0,0.0086
S11022,Food,Colombia,Falabella Retail,Sales rep,Small,13.0,4,30.0,1,0,0.0085
S03569,Home,Chile,Falabella Retail,Self sign-up,Micro,4.0,0,19.0,1,0,0.0085
S07268,Food,Colombia,Falabella Retail,Self sign-up,Micro,3.0,5,20.0,0,0,0.0085
S01438,Food,Chile,Falabella Retail,Self sign-up,Micro,12.0,2,23.0,2,0,0.0085
S19955,Food,Chile,Falabella Retail,Referral,Micro,1.0,0,18.0,3,0,0.0085
S18811,Toys,Peru,Falabella Retail,Self sign-up,Micro,6.0,1,18.0,0,0,0.0085
S18059,Hardware,Chile,Tottus,Event,Micro,7.0,4,26.0,0,0,0.0085
S16886,Sports,Colombia,Falabella Retail,Self sign-up,Micro,20.0,4,29.0,4,0,0.0085
S13796,Electronics,Peru,Marketplace direct,Referral,Micro,5.0,3,26.0,0,0,0.0085
S03173,Food,Peru,Falabella Retail,Self sign-up,Micro,10.0,3,24.0,3,0,0.0085
S02254,Food,Peru,Falabella Retail,Self sign-up,Small,9.0,4,27.0,3,0,0.0085
S00289,Electronics,Chile,Sodimac,Self sign-up,Micro,4.0,1,21.0,0,0,0.0085
S14883,Electronics,Chile,Tottus,Sales rep,Micro,5.0,0,26.0,3,0,0.0085
S11703,Fashion,Chile,Falabella Retail,Self sign-up,Micro,2.0,0,17.0,0,0,0.0085
S17803,Toys,Chile,Marketplace direct,Event,Small,9.0,0,22.0,0,0,0.0085
S17585,Food,Colombia,Marketplace direct,Self sign-up,Small,3.0,1,17.0,1,0,0.0085
S03443,Fashion,Chile,Sodimac,Self sign-up,Micro,1.0,0,16.0,0,0,0.0084
S01236,Home,Chile,Falabella Retail,Self sign-up,Micro,3.0,2,21.0,1,0,0.0084
S14855,Sports,Colombia,Falabella Retail,Event,Micro,6.0,2,23.0,2,0,0.0084
S12535,Food,Peru,Sodimac,Referral,Small,1.0,2,20.0,0,0,0.0084
S00178,Hardware,Chile,Marketplace direct,Sales rep,Micro,1.0,1,20.0,0,0,0.0084
S02284,Home,Chile,Sodimac,Self sign-up,Medium,9.0,5,33.0,2,0,0.0084
S19813,Electronics,Chile,Sodimac,Event,Small,8.0,4,31.0,0,0,0.0084
S14473,Electronics,Peru,Sodimac,Self sign-up,Small,7.0,5,31.0,2,0,0.0084
S13700,Hardware,Peru,Falabella Retail,Self sign-up,Small,5.0,1,22.0,1,0,0.0084
S12672,Electronics,Chile,Falabella Retail,Self sign-up,Micro,2.0,5,26.0,2,0,0.0084
S04885,Hardware,Chile,Marketplace direct,Event,Micro,4.0,1,24.0,4,0,0.0084
S01258,Beauty,Chile,Marketplace direct,Self sign-up,Micro,9.0,2,23.0,0,0,0.0084
S04527,Sports,Peru,Marketplace direct,Event,Micro,4.0,0,22.0,5,0,0.0084
S17205,Hardware,Chile,Sodimac,Referral,Micro,3.0,1,22.0,0,0,0.0084
S18037,Sports,Peru,Tottus,Sales rep,Small,6.0,3,28.0,1,0,0.0084
S17530,Sports,Chile,Falabella Retail,Self sign-up,Micro,6.0,0,19.0,1,0,0.0084
S05325,Electronics,Peru,Tottus,Self sign-up,Micro,2.0,2,19.0,0,0,0.0084
S19207,Hardware,Chile,Tottus,Event,Micro,6.0,0,26.0,7,0,0.0084
S00530,Sports,Peru,Sodimac,Event,Micro,5.0,0,21.0,2,0,0.0083
S18293,Home,Peru,Marketplace direct,Self sign-up,Micro,8.0,1,23.0,3,0,0.0083
S13847,Home,Peru,Marketplace direct,Self sign-up,Small,6.0,3,26.0,2,0,0.0083
S17898,Toys,Chile,Tottus,Event,Micro,13.0,4,28.0,2,0,0.0083
S05522,Fashion,Peru,Falabella Retail,Self sign-up,Micro,10.0,1,23.0,1,0,0.0083
S13077,Toys,Colombia,Falabella Retail,Referral,Micro,6.0,3,24.0,1,0,0.0083
S19467,Food,Chile,Marketplace direct,Self sign-up,Micro,3.0,1,19.0,4,0,0.0083
S03900,Electronics,Chile,Sodimac,Event,Micro,23.0,1,30.0,2,0,0.0083
S08367,Toys,Colombia,Falabella Retail,Self sign-up,Micro,6.0,0,16.0,0,0,0.0083
S04160,Beauty,Chile,Falabella Retail,Referral,Micro,10.0,2,27.0,0,0,0.0083
S19626,Sports,Chile,Falabella Retail,Sales rep,Small,0.0,0,18.0,0,0,0.0083
S02750,Home,Colombia,Marketplace direct,Self sign-up,Micro,16.0,1,24.0,2,1,0.0083
S16657,Home,Peru,Tottus,Referral,Medium,8.0,1,28.0,1,0,0.0083
S01393,Electronics,Chile,Marketplace direct,Self sign-up,Micro,4.0,3,23.0,0,0,0.0083
S13897,Fashion,Colombia,Marketplace direct,Self sign-up,Medium,4.0,5,29.0,2,0,0.0083
S02796,Sports,Colombia,Falabella Retail,Self sign-up,Micro,11.0,4,24.0,0,0,0.0083
S03043,Fashion,Colombia,Marketplace direct,Self sign-up,Small,3.0,0,19.0,1,0,0.0083
S19268,Beauty,Chile,Marketplace direct,Self sign-up,Small,3.0,5,26.0,0,0,0.0083
S08855,Home,Chile,Falabella Retail,Self sign-up,Micro,5.0,0,19.0,0,0,0.0082
S13479,Food,Peru,Falabella Retail,Referral,Micro,5.0,4,25.0,1,0,0.0082
S10815,Electronics,Colombia,Tottus,Sales rep,Micro,5.0,5,29.0,0,0,0.0082
S18941,Electronics,Chile,Marketplace direct,Self sign-up,Micro,14.0,3,30.0,4,0,0.0082
S16788,Toys,Colombia,Falabella Retail,Event,Small,6.0,0,20.0,0,0,0.0082
S04618,Fashion,Chile,Sodimac,Referral,Micro,5.0,1,26.0,2,0,0.0082
S07904,Food,Chile,Falabella Retail,Self sign-up,Micro,8.0,1,19.0,0,0,0.0082
S18792,Sports,Peru,Sodimac,Referral,Micro,5.0,1,22.0,0,0,0.0082
S11258,Fashion,Chile,Marketplace direct,Referral,Small,5.0,0,25.0,1,0,0.0082
S15910,Food,Chile,Falabella Retail,Self sign-up,Small,5.0,5,25.0,0,0,0.0082
S03461,Toys,Colombia,Sodimac,Self sign-up,Micro,4.0,2,18.0,0,0,0.0082
S13596,Home,Colombia,Sodimac,Self sign-up,Small,6.0,5,28.0,1,0,0.0082
S07930,Home,Peru,Tottus,Self sign-up,Micro,1.0,0,14.0,0,0,0.0082
S16779,Electronics,Chile,Marketplace direct,Self sign-up,Small,3.0,5,27.0,0,0,0.0082
S08471,Hardware,Peru,Marketplace direct,Self sign-up,Micro,16.0,3,30.0,6,0,0.0082
S13347,Toys,Peru,Marketplace direct,Self sign-up,Micro,10.0,3,22.0,0,0,0.0081
S16591,Sports,Chile,Marketplace direct,Self sign-up,Micro,3.0,4,23.0,2,0,0.0081
S15117,Food,Chile,Sodimac,Event,Small,5.0,1,22.0,0,0,0.0081
S06579,Food,Colombia,Falabella Retail,Self sign-up,Medium,8.0,4,27.0,2,0,0.0081
S04718,Fashion,Peru,Marketplace direct,Referral,Small,4.0,0,23.0,0,0,0.0081
S17156,Beauty,Chile,Marketplace direct,Self sign-up,Medium,8.0,1,26.0,1,0,0.0081
S10858,Sports,Chile,Marketplace direct,Event,Micro,4.0,0,22.0,4,0,0.0081
S19337,Food,Peru,Marketplace direct,Self sign-up,Micro,10.0,2,20.0,0,0,0.0081
S13992,Beauty,Peru,Sodimac,Self sign-up,Small,9.0,2,27.0,2,0,0.0081
S16537,Hardware,Chile,Marketplace direct,Event,Small,3.0,4,27.0,1,0,0.0081
S16361,Home,Colombia,Sodimac,Event,Micro,7.0,3,25.0,0,0,0.0081
S03921,Hardware,Colombia,Sodimac,Self sign-up,Micro,5.0,4,23.0,0,0,0.0081
S13057,Beauty,Peru,Falabella Retail,Self sign-up,Micro,11.0,3,25.0,0,0,0.0081
S00508,Fashion,Colombia,Falabella Retail,Self sign-up,Micro,3.0,4,23.0,1,0,0.0081
S08165,Sports,Chile,Falabella Retail,Self sign-up,Micro,3.0,2,20.0,1,0,0.0081
S01903,Electronics,Colombia,Tottus,Referral,Micro,3.0,1,22.0,1,0,0.0081
S09036,Hardware,Colombia,Sodimac,Event,Small,7.0,0,25.0,3,0,0.0081
S12227,Fashion,Peru,Marketplace direct,Self sign-up,Micro,2.0,0,17.0,1,0,0.0081
S07595,Hardware,Chile,Tottus,Referral,Small,8.0,2,28.0,1,0,0.0081
S05945,Home,Chile,Marketplace direct,Referral,Micro,11.0,3,29.0,1,0,0.0081
S05808,Electronics,Peru,Marketplace direct,Self sign-up,Micro,10.0,3,26.0,1,0,0.0081
S18276,Home,Chile,Falabella Retail,Self sign-up,Micro,11.0,5,29.0,1,0,0.0081
S15281,Electronics,Chile,Falabella Retail,Self sign-up,Micro,7.0,0,22.0,1,0,0.0081
S18460,Home,Peru,Sodimac,Self sign-up,Micro,3.0,2,21.0,1,0,0.0081
S11646,Beauty,Chile,Marketplace direct,Self sign-up,Small,2.0,5,26.0,1,0,0.0081
S11330,Beauty,Chile,Sodimac,Sales rep,Micro,2.0,2,26.0,2,0,0.008
S09056,Sports,Colombia,Sodimac,Sales rep,Micro,3.0,4,26.0,1,0,0.008
S01122,Hardware,Peru,Falabella Retail,Sales rep,Micro,5.0,5,30.0,1,0,0.008
S08071,Beauty,Peru,Falabella Retail,Sales rep,Micro,0.0,0,17.0,0,0,0.008
S13467,Toys,Peru,Sodimac,Sales rep,Micro,5.0,0,22.0,1,0,0.008
S02601,Sports,Peru,Tottus,Self sign-up,Micro,5.0,0,19.0,3,0,0.008
S16073,Home,Colombia,Falabella Retail,Sales rep,Medium,9.0,2,31.0,1,0,0.008
S02910,Sports,Peru,Marketplace direct,Self sign-up,Small,4.0,0,19.0,1,0,0.008
S14928,Fashion,Chile,Marketplace direct,Self sign-up,Micro,9.0,0,25.0,5,0,0.008
S03958,Electronics,Peru,Sodimac,Sales rep,Micro,2.0,0,22.0,0,0,0.008
S11415,Toys,Chile,Marketplace direct,Self sign-up,Micro,6.0,0,18.0,1,0,0.008
S11822,Toys,Chile,Falabella Retail,Self sign-up,Small,4.0,2,22.0,1,0,0.008
S12978,Electronics,Chile,Tottus,Referral,Micro,1.0,0,19.0,0,0,0.008
S14063,Fashion,Chile,Falabella Retail,Self sign-up,Micro,11.0,0,22.0,0,0,0.008
S17153,Fashion,Chile,Sodimac,Event,Micro,5.0,0,22.0,0,0,0.008
S08846,Hardware,Chile,Falabella Retail,Self sign-up,Micro,4.0,4,26.0,3,0,0.008
S00075,Home,Colombia,Tottus,Sales rep,Micro,7.0,0,24.0,2,0,0.008
S10175,Sports,Chile,Sodimac,Sales rep,Micro,8.0,1,27.0,2,0,0.008
S19876,Food,Peru,Sodimac,Self sign-up,Micro,12.0,4,25.0,1,0,0.008
S12662,Beauty,Colombia,Sodimac,Referral,Small,13.0,5,33.0,0,0,0.0079
S11845,Fashion,Chile,Marketplace direct,Event,Micro,3.0,1,22.0,1,0,0.0079
S08849,Food,Chile,Falabella Retail,Referral,Micro,0.0,4,19.0,0,0,0.0079
S12502,Home,Colombia,Marketplace direct,Self sign-up,Micro,5.0,3,23.0,2,0,0.0079
S14255,Food,Peru,Tottus,Self sign-up,Micro,5.0,3,20.0,1,0,0.0079
S04117,Hardware,Peru,Falabella Retail,Self sign-up,Micro,3.0,1,19.0,1,0,0.0079
S19909,Home,Peru,Marketplace direct,Self sign-up,Medium,5.0,1,24.0,1,0,0.0079
S06857,Home,Chile,Marketplace direct,Sales rep,Micro,4.0,3,29.0,3,0,0.0079
S08606,Home,Peru,Sodimac,Self sign-up,Small,10.0,4,30.0,2,0,0.0079
S08087,Home,Chile,Marketplace direct,Referral,Small,4.0,2,26.0,0,0,0.0079
S04318,Hardware,Peru,Tottus,Referral,Small,8.0,0,24.0,0,0,0.0079
S15325,Home,Chile,Marketplace direct,Self sign-up,Micro,10.0,5,30.0,3,0,0.0079
S04363,Food,Chile,Tottus,Self sign-up,Micro,10.0,3,26.0,2,1,0.0079
S13510,Fashion,Colombia,Marketplace direct,Sales rep,Micro,3.0,1,23.0,1,0,0.0079
S14664,Electronics,Chile,Falabella Retail,Referral,Small,6.0,0,26.0,0,0,0.0079
S13775,Fashion,Chile,Falabella Retail,Referral,Micro,4.0,2,25.0,0,0,0.0079
S11561,Beauty,Colombia,Marketplace direct,Referral,Small,7.0,1,25.0,0,0,0.0078
S17051,Home,Chile,Falabella Retail,Event,Small,4.0,4,28.0,0,0,0.0078
S09994,Fashion,Colombia,Sodimac,Sales rep,Micro,13.0,0,30.0,5,0,0.0078
S13819,Hardware,Colombia,Falabella Retail,Self sign-up,Small,7.0,2,28.0,6,0,0.0078
S12123,Food,Colombia,Marketplace direct,Self sign-up,Micro,5.0,2,19.0,2,0,0.0078
S01395,Electronics,Chile,Marketplace direct,Sales rep,Micro,4.0,1,25.0,0,0,0.0078
S19441,Electronics,Peru,Falabella Retail,Self sign-up,Micro,6.0,5,27.0,0,0,0.0078
S03922,Fashion,Peru,Sodimac,Event,Micro,5.0,2,25.0,1,0,0.0078
S04520,Electronics,Chile,Marketplace direct,Sales rep,Micro,5.0,5,31.0,0,0,0.0078
S17535,Toys,Colombia,Marketplace direct,Event,Small,8.0,2,29.0,3,1,0.0078
S15401,Fashion,Chile,Tottus,Self sign-up,Micro,21.0,5,31.0,1,0,0.0078
S14409,Sports,Chile,Marketplace direct,Self sign-up,Small,4.0,3,23.0,0,0,0.0078
S14082,Home,Chile,Falabella Retail,Self sign-up,Micro,20.0,0,26.0,3,0,0.0078
S18651,Toys,Colombia,Falabella Retail,Event,Micro,3.0,5,24.0,1,0,0.0078
S17123,Food,Peru,Falabella Retail,Sales rep,Micro,0.0,2,17.0,0,0,0.0078
S11449,Beauty,Peru,Falabella Retail,Self sign-up,Medium,7.0,0,26.0,3,0,0.0078
S02509,Sports,Colombia,Sodimac,Self sign-up,Micro,0.0,0,11.0,0,0,0.0078
S12433,Food,Chile,Falabella Retail,Self sign-up,Micro,8.0,0,18.0,0,0,0.0077
S02386,Food,Peru,Sodimac,Event,Micro,2.0,0,16.0,0,0,0.0077
S19762,Beauty,Chile,Falabella Retail,Self sign-up,Small,6.0,1,25.0,2,0,0.0077
S04490,Beauty,Peru,Sodimac,Self sign-up,Medium,10.0,4,32.0,2,0,0.0077
S17055,Home,Chile,Tottus,Sales rep,Micro,5.0,0,23.0,0,0,0.0077
S02974,Fashion,Colombia,Sodimac,Self sign-up,Micro,8.0,3,25.0,1,0,0.0077
S16965,Toys,Chile,Tottus,Sales rep,Micro,21.0,3,31.0,2,0,0.0077
S18590,Home,Colombia,Sodimac,Referral,Micro,9.0,1,29.0,2,1,0.0077
S07274,Sports,Peru,Falabella Retail,Self sign-up,Small,6.0,0,20.0,0,0,0.0077
S10883,Hardware,Chile,Falabella Retail,Referral,Small,9.0,1,28.0,1,0,0.0077
S14267,Hardware,Peru,Falabella Retail,Self sign-up,Small,13.0,0,24.0,1,0,0.0077
S19690,Sports,Colombia,Tottus,Sales rep,Small,7.0,5,30.0,0,0,0.0077
S19514,Home,Chile,Marketplace direct,Event,Small,11.0,1,29.0,3,0,0.0077
S13036,Food,Colombia,Sodimac,Self sign-up,Medium,8.0,1,22.0,0,0,0.0077
S05580,Sports,Peru,Sodimac,Sales rep,Small,16.0,3,35.0,4,0,0.0077
S00993,Home,Colombia,Falabella Retail,Referral,Micro,10.0,0,26.0,0,1,0.0077
S17056,Hardware,Chile,Marketplace direct,Sales rep,Medium,14.0,1,31.0,0,0,0.0077
S14141,Home,Chile,Tottus,Self sign-up,Micro,3.0,2,20.0,0,0,0.0077
S06993,Beauty,Colombia,Falabella Retail,Self sign-up,Small,4.0,2,23.0,1,0,0.0077
S00930,Home,Colombia,Falabella Retail,Self sign-up,Micro,9.0,3,27.0,4,0,0.0077
S04090,Electronics,Chile,Sodimac,Referral,Small,11.0,2,31.0,0,0,0.0077
S17106,Hardware,Chile,Sodimac,Self sign-up,Small,2.0,0,19.0,0,0,0.0077
S02316,Home,Colombia,Falabella Retail,Event,Small,10.0,3,28.0,0,0,0.0077
S02379,Sports,Peru,Sodimac,Self sign-up,Small,3.0,2,22.0,1,0,0.0077
S15136,Electronics,Peru,Falabella Retail,Self sign-up,Micro,15.0,3,32.0,2,1,0.0077
S13228,Home,Colombia,Sodimac,Sales rep,Small,3.0,2,26.0,0,0,0.0077
S04356,Food,Colombia,Tottus,Event,Small,7.0,5,27.0,1,0,0.0077
S13984,Food,Peru,Tottus,Self sign-up,Micro,1.0,1,13.0,0,0,0.0077
S14093,Sports,Chile,Tottus,Self sign-up,Micro,14.0,0,23.0,3,0,0.0076
S14737,Fashion,Peru,Falabella Retail,Self sign-up,Medium,5.0,0,23.0,0,0,0.0076
S05136,Electronics,Colombia,Marketplace direct,Referral,Micro,10.0,1,26.0,1,0,0.0076
S03053,Toys,Colombia,Falabella Retail,Self sign-up,Micro,2.0,1,15.0,0,0,0.0076
S04058,Fashion,Chile,Sodimac,Self sign-up,Small,9.0,0,24.0,0,0,0.0076
S12590,Sports,Chile,Falabella Retail,Self sign-up,Small,10.0,2,29.0,5,0,0.0076
S13886,Food,Colombia,Marketplace direct,Referral,Small,4.0,0,21.0,2,0,0.0076
S09798,Electronics,Chile,Marketplace direct,Event,Small,12.0,4,32.0,0,0,0.0076
S08223,Food,Peru,Tottus,Self sign-up,Micro,6.0,0,20.0,5,0,0.0076
S00480,Fashion,Chile,Sodimac,Self sign-up,Small,8.0,1,25.0,0,0,0.0076
S01087,Toys,Chile,Marketplace direct,Self sign-up,Micro,12.0,1,25.0,5,0,0.0076
S07857,Home,Chile,Falabella Retail,Self sign-up,Small,10.0,2,27.0,1,0,0.0076
S06984,Home,Colombia,Falabella Retail,Self sign-up,Micro,7.0,1,22.0,2,0,0.0076
S18611,Sports,Peru,Marketplace direct,Sales rep,Micro,6.0,0,22.0,0,0,0.0076
S03323,Hardware,Peru,Falabella Retail,Referral,Micro,15.0,0,29.0,5,0,0.0076
S19890,Beauty,Peru,Marketplace direct,Self sign-up,Micro,3.0,0,18.0,1,0,0.0076
S15071,Hardware,Colombia,Sodimac,Self sign-up,Small,21.0,4,33.0,4,0,0.0076
S11740,Beauty,Chile,Sodimac,Self sign-up,Micro,5.0,0,20.0,0,0,0.0076
S04093,Home,Peru,Falabella Retail,Referral,Small,7.0,3,29.0,0,0,0.0076
S17990,Electronics,Colombia,Marketplace direct,Self sign-up,Micro,16.0,0,23.0,1,0,0.0076
S07577,Electronics,Chile,Tottus,Self sign-up,Micro,11.0,0,23.0,1,0,0.0076
S07971,Electronics,Peru,Falabella Retail,Self sign-up,Micro,4.0,3,25.0,2,0,0.0076
S04209,Home,Chile,Marketplace direct,Self sign-up,Micro,6.0,0,22.0,3,0,0.0076
S11491,Electronics,Colombia,Falabella Retail,Self sign-up,Micro,8.0,3,27.0,3,0,0.0076
S08962,Sports,Peru,Tottus,Self sign-up,Micro,4.0,5,23.0,0,0,0.0076
S16978,Hardware,Chile,Falabella Retail,Self sign-up,Medium,6.0,2,26.0,0,0,0.0076
S10106,Home,Chile,Marketplace direct,Self sign-up,Small,3.0,5,28.0,2,0,0.0076
S09141,Food,Colombia,Tottus,Sales rep,Micro,4.0,0,20.0,2,0,0.0076
S16897,Food,Peru,Falabella Retail,Referral,Micro,5.0,2,22.0,0,0,0.0076
S11468,Hardware,Colombia,Falabella Retail,Self sign-up,Micro,22.0,1,26.0,3,0,0.0075
S03061,Fashion,Peru,Marketplace direct,Self sign-up,Micro,14.0,4,29.0,2,0,0.0075
S16196,Beauty,Colombia,Sodimac,Self sign-up,Micro,12.0,1,25.0,3,0,0.0075
S10783,Home,Colombia,Sodimac,Self sign-up,Micro,6.0,3,23.0,0,0,0.0075
S03006,Beauty,Colombia,Falabella Retail,Event,Micro,14.0,2,26.0,0,0,0.0075
S10833,Sports,Peru,Falabella Retail,Self sign-up,Medium,11.0,2,28.0,2,0,0.0075
S15295,Home,Chile,Tottus,Self sign-up,Small,6.0,2,24.0,0,0,0.0075
S19997,Hardware,Colombia,Falabella Retail,Self sign-up,Small,6.0,1,24.0,3,0,0.0075
S16968,Electronics,Peru,Tottus,Self sign-up,Medium,5.0,3,27.0,0,0,0.0075
S06824,Beauty,Peru,Marketplace direct,Self sign-up,Small,4.0,3,24.0,0,0,0.0075
S16097,Electronics,Peru,Sodimac,Event,Small,2.0,3,26.0,0,0,0.0075
S00309,Electronics,Chile,Marketplace direct,Self sign-up,Micro,13.0,1,26.0,2,0,0.0075
S15942,Home,Colombia,Marketplace direct,Self sign-up,Micro,2.0,3,21.0,2,0,0.0075
S11236,Fashion,Chile,Marketplace direct,Self sign-up,Micro,4.0,3,23.0,0,0,0.0075
S13172,Hardware,Chile,Falabella Retail,Self sign-up,Micro,6.0,2,24.0,2,0,0.0075
S16706,Home,Chile,Marketplace direct,Self sign-up,Micro,12.0,3,29.0,4,0,0.0075
S09159,Fashion,Colombia,Marketplace direct,Sales rep,Micro,20.0,0,30.0,4,0,0.0075
S02814,Electronics,Colombia,Marketplace direct,Self sign-up,Micro,19.0,4,29.0,1,0,0.0075
S05671,Hardware,Colombia,Sodimac,Self sign-up,Micro,5.0,0,21.0,3,1,0.0075
S09948,Sports,Chile,Falabella Retail,Self sign-up,Small,8.0,2,26.0,2,0,0.0075
S05713,Sports,Peru,Falabella Retail,Sales rep,Micro,4.0,5,31.0,0,1,0.0074
S13063,Food,Peru,Marketplace direct,Referral,Micro,9.0,1,22.0,0,0,0.0074
S14961,Electronics,Colombia,Tottus,Self sign-up,Small,2.0,0,19.0,1,0,0.0074
S16825,Beauty,Colombia,Marketplace direct,Event,Micro,13.0,3,30.0,4,0,0.0074
S15489,Hardware,Peru,Falabella Retail,Sales rep,Micro,9.0,1,26.0,0,0,0.0074
S13739,Sports,Chile,Tottus,Event,Micro,4.0,0,19.0,0,0,0.0074
S17083,Food,Peru,Marketplace direct,Self sign-up,Small,9.0,2,23.0,1,0,0.0074
S11882,Beauty,Peru,Falabella Retail,Self sign-up,Micro,2.0,1,19.0,1,0,0.0074
S01259,Food,Chile,Sodimac,Self sign-up,Micro,4.0,1,18.0,0,0,0.0074
S16974,Food,Peru,Marketplace direct,Self sign-up,Small,6.0,2,21.0,0,0,0.0074
S02788,Food,Peru,Sodimac,Referral,Medium,6.0,1,27.0,2,0,0.0074
S17915,Fashion,Colombia,Tottus,Sales rep,Micro,3.0,3,25.0,0,0,0.0074
S18318,Fashion,Chile,Falabella Retail,Self sign-up,Micro,6.0,1,22.0,0,0,0.0074
S06729,Beauty,Chile,Marketplace direct,Sales rep,Small,2.0,3,29.0,2,0,0.0074
S12437,Electronics,Colombia,Sodimac,Self sign-up,Micro,6.0,0,21.0,1,0,0.0074
S17802,Fashion,Peru,Falabella Retail,Self sign-up,Micro,3.0,3,23.0,1,0,0.0074
S06372,Food,Peru,Sodimac,Self sign-up,Micro,0.0,4,16.0,0,0,0.0074
S16973,Electronics,Colombia,Marketplace direct,Self sign-up,Micro,6.0,0,21.0,2,0,0.0074
S16040,Food,Peru,Marketplace direct,Event,Micro,5.0,4,24.0,1,0,0.0074
S18162,Food,Chile,Tottus,Referral,Micro,13.0,2,29.0,5,0,0.0074
S00301,Electronics,Peru,Marketplace direct,Self sign-up,Medium,11.0,2,30.0,2,0,0.0074
S02411,Food,Colombia,Marketplace direct,Referral,Small,5.0,0,21.0,1,0,0.0074
S01971,Food,Chile,Marketplace direct,Self sign-up,Small,6.0,3,23.0,0,0,0.0074
S13481,Home,Colombia,Falabella Retail,Event,Micro,7.0,0,22.0,1,0,0.0074
S17060,Food,Colombia,Marketplace direct,Event,Micro,3.0,1,17.0,0,0,0.0073
S13678,Beauty,Colombia,Tottus,Self sign-up,Small,5.0,1,21.0,0,0,0.0073
S12921,Food,Colombia,Marketplace direct,Self sign-up,Small,0.0,0,11.0,0,0,0.0073
S16560,Toys,Chile,Falabella Retail,Self sign-up,Micro,6.0,3,23.0,1,0,0.0073
S05910,Food,Colombia,Falabella Retail,Event,Micro,5.0,2,21.0,1,0,0.0073
S11779,Food,Colombia,Falabella Retail,Self sign-up,Micro,7.0,2,20.0,1,0,0.0073
S09102,Fashion,Peru,Sodimac,Self sign-up,Micro,14.0,4,30.0,2,0,0.0073
S04095,Home,Colombia,Falabella Retail,Self sign-up,Small,10.0,5,29.0,0,0,0.0073
S18989,Electronics,Chile,Falabella Retail,Self sign-up,Micro,18.0,1,26.0,0,0,0.0073
S18867,Sports,Chile,Sodimac,Self sign-up,Micro,10.0,1,23.0,1,0,0.0073
S03197,Electronics,Chile,Tottus,Self sign-up,Small,7.0,0,23.0,0,0,0.0073
S19125,Hardware,Peru,Marketplace direct,Sales rep,Micro,11.0,3,33.0,5,0,0.0073
S07440,Hardware,Peru,Sodimac,Self sign-up,Micro,5.0,1,22.0,2,0,0.0073
S19605,Beauty,Colombia,Sodimac,Sales rep,Micro,6.0,1,25.0,0,0,0.0073
S09099,Food,Chile,Falabella Retail,Self sign-up,Micro,3.0,4,21.0,0,0,0.0073
S13834,Toys,Chile,Tottus,Self sign-up,Micro,10.0,4,26.0,2,0,0.0073
S14490,Toys,Chile,Marketplace direct,Self sign-up,Medium,9.0,4,28.0,0,0,0.0073
S08616,Beauty,Chile,Tottus,Self sign-up,Small,11.0,5,31.0,1,0,0.0073
S01984,Sports,Chile,Falabella Retail,Referral,Small,4.0,0,23.0,0,0,0.0073
S18654,Hardware,Colombia,Marketplace direct,Self sign-up,Micro,9.0,3,24.0,1,0,0.0073
S11100,Hardware,Colombia,Sodimac,Sales rep,Small,4.0,3,28.0,0,0,0.0073
S17522,Sports,Chile,Falabella Retail,Self sign-up,Micro,2.0,3,21.0,1,0,0.0073
S09298,Sports,Colombia,Falabella Retail,Self sign-up,Small,3.0,2,22.0,2,0,0.0073
S01101,Home,Chile,Marketplace direct,Self sign-up,Medium,6.0,2,27.0,1,0,0.0073
S00597,Sports,Chile,Marketplace direct,Self sign-up,Micro,2.0,3,23.0,4,0,0.0072
S12116,Fashion,Peru,Tottus,Event,Small,7.0,4,30.0,1,0,0.0072
S19534,Food,Colombia,Falabella Retail,Sales rep,Medium,6.0,0,25.0,1,0,0.0072
S01968,Fashion,Chile,Marketplace direct,Self sign-up,Micro,4.0,0,20.0,1,0,0.0072
S19650,Fashion,Peru,Falabella Retail,Self sign-up,Micro,9.0,4,30.0,4,0,0.0072
S05687,Home,Colombia,Sodimac,Self sign-up,Micro,7.0,2,24.0,2,0,0.0072
S07693,Home,Colombia,Falabella Retail,Sales rep,Micro,7.0,2,28.0,2,0,0.0072
S15622,Home,Colombia,Falabella Retail,Event,Micro,2.0,0,18.0,0,0,0.0072
S12348,Food,Colombia,Sodimac,Sales rep,Micro,0.0,2,17.0,0,0,0.0072
S06880,Electronics,Chile,Sodimac,Referral,Small,3.0,0,25.0,0,0,0.0072
S03057,Electronics,Chile,Falabella Retail,Self sign-up,Micro,3.0,3,26.0,3,0,0.0072
S02648,Sports,Chile,Tottus,Self sign-up,Micro,3.0,5,24.0,1,0,0.0072
S07356,Sports,Colombia,Falabella Retail,Referral,Micro,8.0,1,23.0,0,0,0.0072
S12792,Fashion,Chile,Falabella Retail,Sales rep,Micro,7.0,4,31.0,0,0,0.0072
S13191,Food,Chile,Tottus,Event,Small,5.0,2,23.0,0,0,0.0072
S18739,Electronics,Colombia,Falabella Retail,Referral,Micro,9.0,4,33.0,4,0,0.0072
S03740,Home,Colombia,Marketplace direct,Self sign-up,Medium,6.0,3,27.0,1,0,0.0072
S06558,Hardware,Colombia,Falabella Retail,Referral,Micro,11.0,2,27.0,1,0,0.0071
S16470,Fashion,Chile,Tottus,Self sign-up,Micro,5.0,5,31.0,1,1,0.0071
S02705,Fashion,Colombia,Sodimac,Event,Micro,12.0,1,26.0,1,0,0.0071
S12807,Food,Peru,Falabella Retail,Self sign-up,Small,8.0,1,22.0,1,0,0.0071
S14885,Sports,Colombia,Sodimac,Referral,Micro,1.0,0,17.0,0,0,0.0071
S12632,Food,Chile,Sodimac,Self sign-up,Micro,22.0,1,25.0,2,0,0.0071
S01286,Fashion,Peru,Marketplace direct,Self sign-up,Small,4.0,4,26.0,0,0,0.0071
S15036,Hardware,Chile,Marketplace direct,Self sign-up,Micro,8.0,0,22.0,2,0,0.0071
S07740,Fashion,Chile,Falabella Retail,Self sign-up,Micro,3.0,0,19.0,0,0,0.0071
S11532,Electronics,Chile,Falabella Retail,Self sign-up,Micro,9.0,2,27.0,2,0,0.0071
S17524,Hardware,Chile,Falabella Retail,Referral,Micro,6.0,3,28.0,1,0,0.0071
S04437,Home,Chile,Falabella Retail,Self sign-up,Micro,3.0,3,25.0,3,0,0.0071
S11694,Home,Colombia,Marketplace direct,Event,Micro,2.0,4,23.0,0,0,0.0071
S14777,Home,Peru,Falabella Retail,Sales rep,Micro,4.0,0,23.0,0,0,0.0071
S11831,Home,Colombia,Marketplace direct,Self sign-up,Micro,0.0,3,16.0,0,0,0.0071
S07104,Home,Chile,Tottus,Self sign-up,Micro,2.0,1,19.0,1,0,0.0071
S15233,Fashion,Chile,Falabella Retail,Self sign-up,Small,3.0,0,21.0,0,0,0.0071
S12659,Home,Peru,Sodimac,Self sign-up,Micro,8.0,4,28.0,2,0,0.0071
S08639,Electronics,Chile,Sodimac,Self sign-up,Small,19.0,0,29.0,2,0,0.0071
S15328,Beauty,Chile,Marketplace direct,Self sign-up,Micro,9.0,2,24.0,0,0,0.0071
S12565,Home,Chile,Tottus,Self sign-up,Small,10.0,1,27.0,3,0,0.0071
S15239,Home,Peru,Tottus,Event,Small,9.0,2,31.0,5,0,0.0071
S01885,Home,Chile,Marketplace direct,Self sign-up,Micro,6.0,3,24.0,0,0,0.007
S15154,Beauty,Chile,Marketplace direct,Event,Micro,7.0,0,25.0,3,0,0.007
S03086,Home,Colombia,Marketplace direct,Self sign-up,Micro,0.0,0,12.0,0,0,0.007
S06567,Fashion,Colombia,Marketplace direct,Event,Micro,5.0,2,24.0,1,0,0.007
S15652,Hardware,Chile,Marketplace direct,Self sign-up,Micro,1.0,0,17.0,2,0,0.007
S17608,Sports,Chile,Falabella Retail,Self sign-up,Micro,6.0,1,23.0,3,0,0.007
S17186,Home,Chile,Sodimac,Self sign-up,Small,4.0,1,23.0,0,0,0.007
S00996,Sports,Colombia,Falabella Retail,Self sign-up,Medium,9.0,2,27.0,2,0,0.007
S08554,Hardware,Chile,Tottus,Self sign-up,Small,8.0,3,27.0,1,0,0.007
S00493,Home,Colombia,Tottus,Event,Micro,9.0,2,30.0,2,1,0.007
S05659,Toys,Colombia,Falabella Retail,Self sign-up,Micro,2.0,3,19.0,1,0,0.007
S16372,Hardware,Peru,Tottus,Event,Small,10.0,0,25.0,1,0,0.007
S03224,Electronics,Chile,Falabella Retail,Sales rep,Micro,12.0,4,35.0,2,0,0.007
S15305,Sports,Peru,Marketplace direct,Self sign-up,Small,18.0,5,31.0,1,0,0.007
S03478,Food,Chile,Tottus,Self sign-up,Small,26.0,0,26.0,3,0,0.007
S17673,Home,Colombia,Sodimac,Event,Micro,8.0,2,29.0,5,0,0.007
S08035,Hardware,Chile,Falabella Retail,Sales rep,Micro,3.0,0,25.0,3,0,0.007
S12036,Fashion,Chile,Marketplace direct,Self sign-up,Medium,2.0,0,23.0,2,0,0.007
S18132,Home,Peru,Tottus,Self sign-up,Micro,6.0,3,24.0,1,0,0.007
S01276,Home,Chile,Sodimac,Event,Micro,12.0,0,29.0,5,0,0.007
S15773,Electronics,Colombia,Falabella Retail,Self sign-up,Small,5.0,4,27.0,0,0,0.007
S13316,Home,Colombia,Falabella Retail,Self sign-up,Small,3.0,0,20.0,1,0,0.007
S05517,Home,Colombia,Falabella Retail,Self sign-up,Medium,9.0,4,31.0,2,0,0.0069
S04730,Home,Colombia,Sodimac,Referral,Small,14.0,3,32.0,1,0,0.0069
S06735,Food,Peru,Marketplace direct,Self sign-up,Micro,5.0,0,17.0,1,0,0.0069
S19028,Electronics,Colombia,Tottus,Referral,Medium,4.0,0,26.0,1,0,0.0069
S00998,Food,Colombia,Marketplace direct,Self sign-up,Small,5.0,0,19.0,2,0,0.0069
S03551,Beauty,Colombia,Sodimac,Self sign-up,Micro,8.0,5,28.0,1,0,0.0069
S12196,Electronics,Peru,Marketplace direct,Self sign-up,Small,1.0,5,25.0,0,0,0.0069
S11674,Electronics,Chile,Sodimac,Self sign-up,Medium,5.0,3,30.0,1,0,0.0069
S05181,Fashion,Chile,Marketplace direct,Event,Small,3.0,4,28.0,0,0,0.0069
S16390,Hardware,Chile,Tottus,Self sign-up,Micro,4.0,5,25.0,0,0,0.0069
S10104,Sports,Colombia,Falabella Retail,Referral,Micro,5.0,0,23.0,0,1,0.0069
S05104,Hardware,Chile,Falabella Retail,Self sign-up,Micro,8.0,4,28.0,2,0,0.0069
S14068,Sports,Peru,Falabella Retail,Referral,Micro,8.0,2,27.0,2,0,0.0069
S00441,Electronics,Colombia,Falabella Retail,Event,Micro,7.0,4,28.0,0,0,0.0069
S11067,Fashion,Colombia,Marketplace direct,Self sign-up,Medium,10.0,0,26.0,2,0,0.0069
S09855,Electronics,Colombia,Falabella Retail,Self sign-up,Micro,1.0,0,16.0,0,0,0.0069
S08190,Sports,Colombia,Falabella Retail,Self sign-up,Small,1.0,5,24.0,2,0,0.0069
S18136,Home,Colombia,Marketplace direct,Referral,Micro,9.0,0,26.0,1,1,0.0069
S09716,Home,Chile,Falabella Retail,Event,Micro,7.0,0,23.0,0,0,0.0069
S04226,Beauty,Chile,Tottus,Self sign-up,Small,11.0,4,30.0,1,0,0.0069
S15011,Home,Chile,Marketplace direct,Self sign-up,Micro,4.0,4,26.0,2,0,0.0069
S06359,Fashion,Colombia,Marketplace direct,Referral,Micro,3.0,5,28.0,1,0,0.0069
S09202,Fashion,Peru,Tottus,Self sign-up,Micro,7.0,0,21.0,1,0,0.0069
S12285,Home,Chile,Tottus,Self sign-up,Micro,3.0,4,25.0,2,0,0.0069
S15440,Home,Colombia,Marketplace direct,Self sign-up,Small,2.0,1,20.0,1,0,0.0068
S00907,Electronics,Colombia,Sodimac,Sales rep,Micro,4.0,1,26.0,1,0,0.0068
S10122,Electronics,Colombia,Sodimac,Self sign-up,Small,4.0,5,29.0,1,0,0.0068
S19805,Sports,Chile,Marketplace direct,Self sign-up,Micro,27.0,0,27.0,2,1,0.0068
S19974,Home,Colombia,Falabella Retail,Self sign-up,Small,9.0,0,24.0,2,0,0.0068
S14975,Toys,Colombia,Marketplace direct,Self sign-up,Micro,6.0,2,21.0,2,0,0.0068
S10008,Home,Chile,Marketplace direct,Self sign-up,Micro,6.0,3,25.0,1,0,0.0068
S03012,Toys,Colombia,Marketplace direct,Sales rep,Micro,2.0,0,19.0,1,0,0.0068
S17009,Home,Peru,Falabella Retail,Self sign-up,Small,4.0,1,23.0,1,0,0.0068
S07934,Sports,Colombia,Falabella Retail,Self sign-up,Micro,10.0,5,27.0,1,0,0.0068
S19361,Food,Chile,Tottus,Sales rep,Micro,1.0,2,20.0,0,0,0.0068
S15774,Fashion,Chile,Sodimac,Self sign-up,Small,10.0,3,29.0,0,0,0.0068
S13742,Sports,Chile,Sodimac,Self sign-up,Micro,7.0,0,21.0,1,0,0.0068
S05727,Home,Peru,Sodimac,Referral,Small,3.0,4,29.0,0,0,0.0068
S19048,Home,Colombia,Marketplace direct,Self sign-up,Micro,4.0,4,23.0,0,0,0.0068
S07689,Fashion,Chile,Falabella Retail,Event,Micro,9.0,2,27.0,0,0,0.0068
S17835,Hardware,Colombia,Marketplace direct,Self sign-up,Micro,8.0,1,23.0,3,0,0.0068
S07277,Sports,Chile,Marketplace direct,Self sign-up,Medium,9.0,1,26.0,1,0,0.0068
S08201,Food,Chile,Marketplace direct,Self sign-up,Medium,8.0,1,27.0,1,1,0.0068
S05715,Home,Chile,Tottus,Referral,Micro,4.0,3,26.0,0,0,0.0068
S00514,Home,Colombia,Tottus,Sales rep,Micro,11.0,2,29.0,2,0,0.0068
S02899,Fashion,Chile,Falabella Retail,Self sign-up,Micro,4.0,1,23.0,2,0,0.0068
S03932,Beauty,Peru,Sodimac,Self sign-up,Micro,0.0,0,14.0,0,0,0.0068
S00733,Fashion,Colombia,Marketplace direct,Self sign-up,Micro,9.0,5,28.0,1,0,0.0068
S16557,Beauty,Peru,Falabella Retail,Self sign-up,Small,6.0,0,23.0,1,0,0.0068
S04265,Beauty,Chile,Marketplace direct,Event,Micro,11.0,3,29.0,1,0,0.0068
S07750,Hardware,Colombia,Sodimac,Event,Micro,8.0,1,25.0,2,0,0.0068
S18905,Hardware,Chile,Marketplace direct,Self sign-up,Medium,3.0,4,27.0,0,0,0.0068
S05592,Beauty,Chile,Sodimac,Self sign-up,Small,6.0,0,24.0,1,0,0.0067
S14620,Sports,Peru,Sodimac,Sales rep,Small,4.0,0,26.0,2,0,0.0067
S04217,Electronics,Peru,Marketplace direct,Self sign-up,Medium,3.0,2,26.0,1,0,0.0067
S03284,Home,Chile,Marketplace direct,Self sign-up,Small,7.0,1,24.0,0,0,0.0067
S08446,Fashion,Chile,Marketplace direct,Sales rep,Small,7.0,2,31.0,1,0,0.0067
S03153,Electronics,Colombia,Marketplace direct,Event,Micro,7.0,2,25.0,0,0,0.0067
S14325,Sports,Colombia,Falabella Retail,Self sign-up,Medium,0.0,0,16.0,1,0,0.0067
S09534,Food,Colombia,Falabella Retail,Self sign-up,Micro,3.0,2,19.0,2,0,0.0067
S00466,Sports,Peru,Falabella Retail,Referral,Micro,6.0,0,22.0,0,0,0.0067
S08042,Hardware,Peru,Falabella Retail,Self sign-up,Small,10.0,0,24.0,1,0,0.0067
S14507,Electronics,Chile,Marketplace direct,Self sign-up,Micro,8.0,0,23.0,1,0,0.0067
S16778,Beauty,Peru,Tottus,Event,Small,3.0,2,30.0,7,0,0.0067
S06614,Food,Chile,Marketplace direct,Self sign-up,Micro,5.0,1,20.0,2,0,0.0067
S09964,Electronics,Chile,Falabella Retail,Self sign-up,Medium,5.0,0,25.0,0,0,0.0067
S13406,Home,Colombia,Falabella Retail,Self sign-up,Micro,10.0,1,23.0,1,0,0.0067
S08725,Food,Peru,Falabella Retail,Self sign-up,Medium,3.0,1,23.0,3,0,0.0067
S14491,Sports,Chile,Marketplace direct,Self sign-up,Micro,2.0,4,24.0,3,0,0.0067
S03967,Electronics,Peru,Falabella Retail,Self sign-up,Small,4.0,2,28.0,4,0,0.0067
S19510,Home,Colombia,Marketplace direct,Self sign-up,Small,12.0,0,27.0,5,0,0.0067
S14686,Home,Chile,Marketplace direct,Self sign-up,Micro,6.0,5,27.0,0,0,0.0067
S01914,Electronics,Chile,Marketplace direct,Self sign-up,Medium,12.0,3,32.0,1,0,0.0067
S12318,Fashion,Colombia,Sodimac,Self sign-up,Micro,7.0,4,26.0,0,0,0.0067
S11638,Food,Peru,Sodimac,Self sign-up,Micro,1.0,0,16.0,3,0,0.0067
S15833,Beauty,Colombia,Falabella Retail,Sales rep,Small,9.0,1,30.0,2,0,0.0067
S18017,Fashion,Peru,Falabella Retail,Self sign-up,Micro,4.0,2,23.0,1,0,0.0067
S08234,Hardware,Colombia,Sodimac,Self sign-up,Micro,13.0,4,27.0,0,0,0.0067
S03698,Electronics,Peru,Tottus,Self sign-up,Medium,0.0,1,19.0,0,0,0.0067
S19894,Toys,Colombia,Marketplace direct,Self sign-up,Micro,10.0,0,20.0,2,0,0.0066
S05071,Fashion,Chile,Marketplace direct,Self sign-up,Small,4.0,5,30.0,2,0,0.0066
S10444,Beauty,Colombia,Falabella Retail,Self sign-up,Micro,6.0,3,26.0,3,0,0.0066
S11816,Sports,Chile,Falabella Retail,Self sign-up,Micro,7.0,4,27.0,2,0,0.0066
S18067,Beauty,Peru,Marketplace direct,Self sign-up,Micro,7.0,2,23.0,0,0,0.0066
S13279,Beauty,Peru,Marketplace direct,Self sign-up,Small,5.0,3,27.0,2,0,0.0066
S19701,Sports,Chile,Falabella Retail,Self sign-up,Small,12.0,4,29.0,0,0,0.0066
S16054,Fashion,Peru,Tottus,Sales rep,Small,4.0,3,30.0,1,0,0.0066
S08406,Home,Colombia,Marketplace direct,Self sign-up,Medium,6.0,4,28.0,0,0,0.0066
S16488,Fashion,Peru,Falabella Retail,Self sign-up,Micro,5.0,4,28.0,3,0,0.0066
S11795,Toys,Colombia,Falabella Retail,Event,Micro,6.0,3,25.0,2,0,0.0066
S18457,Home,Peru,Sodimac,Referral,Medium,15.0,1,34.0,3,0,0.0066
S15810,Sports,Chile,Marketplace direct,Referral,Micro,4.0,3,26.0,1,0,0.0066
S12069,Sports,Peru,Falabella Retail,Sales rep,Micro,4.0,0,23.0,1,0,0.0066
S06921,Hardware,Peru,Falabella Retail,Self sign-up,Micro,8.0,1,22.0,0,0,0.0066
S07583,Hardware,Chile,Sodimac,Self sign-up,Small,9.0,3,28.0,0,0,0.0066
S19248,Toys,Colombia,Tottus,Referral,Micro,14.0,5,34.0,6,0,0.0066
S12024,Sports,Chile,Tottus,Event,Micro,20.0,4,34.0,5,0,0.0066
S09343,Home,Chile,Marketplace direct,Self sign-up,Small,5.0,1,24.0,1,0,0.0066
S02622,Home,Chile,Tottus,Self sign-up,Micro,4.0,0,19.0,0,0,0.0066
S01911,Home,Peru,Falabella Retail,Self sign-up,Small,7.0,1,24.0,0,0,0.0066
S11403,Home,Chile,Sodimac,Self sign-up,Small,8.0,2,30.0,4,0,0.0066
S13443,Hardware,Peru,Falabella Retail,Referral,Micro,6.0,0,23.0,0,0,0.0065
S00726,Home,Chile,Tottus,Sales rep,Micro,10.0,1,29.0,2,0,0.0065
S19925,Sports,Colombia,Marketplace direct,Self sign-up,Micro,7.0,0,19.0,1,0,0.0065
S05022,Hardware,Colombia,Falabella Retail,Event,Medium,3.0,1,25.0,1,0,0.0065
S16105,Home,Chile,Sodimac,Event,Medium,0.0,0,22.0,2,0,0.0065
S05962,Fashion,Colombia,Falabella Retail,Self sign-up,Medium,11.0,5,33.0,1,0,0.0065
S19916,Electronics,Colombia,Falabella Retail,Event,Micro,5.0,0,22.0,0,0,0.0065
S12570,Sports,Chile,Sodimac,Self sign-up,Micro,6.0,0,20.0,0,0,0.0065
S10899,Electronics,Chile,Sodimac,Self sign-up,Micro,8.0,0,24.0,1,0,0.0065
S13515,Hardware,Chile,Falabella Retail,Event,Micro,6.0,5,30.0,1,0,0.0065
S18558,Home,Chile,Marketplace direct,Self sign-up,Micro,8.0,5,28.0,0,0,0.0065
S06616,Fashion,Peru,Falabella Retail,Self sign-up,Small,3.0,2,26.0,3,0,0.0065
S02878,Beauty,Colombia,Sodimac,Referral,Micro,10.0,2,29.0,2,0,0.0065
S13259,Hardware,Chile,Tottus,Sales rep,Micro,10.0,1,27.0,0,0,0.0065
S00257,Electronics,Chile,Marketplace direct,Self sign-up,Small,3.0,4,27.0,0,0,0.0065
S19167,Fashion,Peru,Falabella Retail,Sales rep,Micro,10.0,1,28.0,0,0,0.0065
S01698,Food,Peru,Marketplace direct,Self sign-up,Micro,4.0,3,20.0,0,0,0.0065
S00578,Hardware,Chile,Tottus,Self sign-up,Micro,5.0,5,26.0,0,0,0.0065
S05830,Sports,Colombia,Tottus,Self sign-up,Micro,2.0,2,19.0,2,0,0.0065
S09643,Electronics,Peru,Tottus,Sales rep,Micro,16.0,0,28.0,0,0,0.0065
S09865,Fashion,Peru,Falabella Retail,Event,Medium,6.0,5,34.0,1,0,0.0065
S06669,Hardware,Chile,Tottus,Event,Micro,8.0,4,28.0,0,0,0.0065
S19660,Fashion,Colombia,Falabella Retail,Self sign-up,Micro,9.0,1,25.0,3,0,0.0065
S16483,Home,Chile,Sodimac,Self sign-up,Small,12.0,4,34.0,4,0,0.0065
S14211,Beauty,Chile,Sodimac,Self sign-up,Micro,14.0,1,27.0,2,0,0.0065
S18312,Beauty,Peru,Sodimac,Sales rep,Medium,3.0,0,27.0,0,0,0.0065
S01896,Sports,Chile,Falabella Retail,Self sign-up,Micro,7.0,3,25.0,1,0,0.0065
S11876,Hardware,Colombia,Sodimac,Self sign-up,Micro,9.0,2,25.0,2,0,0.0065
S07752,Hardware,Chile,Falabella Retail,Self sign-up,Small,13.0,2,30.0,3,0,0.0065
S07432,Toys,Chile,Falabella Retail,Self sign-up,Micro,11.0,0,24.0,4,0,0.0065
S16392,Fashion,Peru,Tottus,Event,Micro,3.0,0,21.0,1,0,0.0064
S19355,Electronics,Colombia,Sodimac,Self sign-up,Micro,6.0,3,25.0,0,0,0.0064
S06344,Home,Peru,Marketplace direct,Self sign-up,Micro,1.0,1,17.0,0,0,0.0064
S15329,Home,Peru,Marketplace direct,Event,Micro,2.0,4,26.0,2,0,0.0064
S12351,Fashion,Chile,Sodimac,Self sign-up,Micro,10.0,3,29.0,2,0,0.0064
S07938,Home,Chile,Tottus,Event,Small,7.0,5,33.0,2,0,0.0064
S05430,Fashion,Chile,Falabella Retail,Self sign-up,Micro,8.0,2,25.0,0,0,0.0064
S05146,Hardware,Chile,Tottus,Sales rep,Small,5.0,1,27.0,0,0,0.0064
S16572,Sports,Colombia,Falabella Retail,Self sign-up,Micro,8.0,3,24.0,1,0,0.0064
S03093,Food,Chile,Sodimac,Event,Medium,7.0,0,28.0,4,0,0.0064
S04973,Hardware,Chile,Sodimac,Event,Micro,3.0,1,24.0,2,0,0.0064
S12087,Electronics,Peru,Sodimac,Self sign-up,Small,9.0,3,29.0,0,0,0.0064
S02449,Beauty,Peru,Falabella Retail,Self sign-up,Micro,0.0,3,18.0,0,0,0.0064
S12710,Sports,Chile,Sodimac,Sales rep,Micro,4.0,2,26.0,0,0,0.0064
S01353,Home,Peru,Marketplace direct,Event,Small,1.0,4,25.0,0,0,0.0064
S03719,Fashion,Chile,Marketplace direct,Self sign-up,Micro,8.0,2,27.0,3,0,0.0064
S17486,Beauty,Peru,Marketplace direct,Self sign-up,Small,2.0,0,20.0,1,0,0.0064
S09419,Food,Colombia,Falabella Retail,Self sign-up,Micro,3.0,3,19.0,0,0,0.0064
S17095,Toys,Chile,Sodimac,Event,Small,9.0,5,32.0,1,0,0.0064
S17724,Home,Peru,Falabella Retail,Event,Micro,7.0,4,29.0,1,0,0.0064
S16017,Sports,Peru,Falabella Retail,Self sign-up,Medium,13.0,0,26.0,1,0,0.0064
S14342,Fashion,Chile,Falabella Retail,Self sign-up,Medium,7.0,2,30.0,2,0,0.0064
S04984,Home,Colombia,Tottus,Self sign-up,Medium,4.0,5,29.0,1,0,0.0063
S04345,Food,Chile,Falabella Retail,Self sign-up,Micro,5.0,4,24.0,1,0,0.0063
S01851,Hardware,Peru,Falabella Retail,Self sign-up,Micro,1.0,4,22.0,1,0,0.0063
S10437,Food,Chile,Sodimac,Event,Micro,2.0,4,24.0,1,0,0.0063
S05706,Hardware,Chile,Tottus,Referral,Small,10.0,2,35.0,7,0,0.0063
S01839,Toys,Colombia,Falabella Retail,Sales rep,Micro,14.0,3,31.0,3,0,0.0063
S02553,Food,Colombia,Tottus,Sales rep,Micro,0.0,0,14.0,0,0,0.0063
S09140,Fashion,Colombia,Sodimac,Self sign-up,Small,4.0,3,27.0,2,0,0.0063
S03165,Sports,Chile,Sodimac,Self sign-up,Small,8.0,0,23.0,0,0,0.0063
S08618,Home,Colombia,Sodimac,Self sign-up,Small,5.0,5,29.0,1,0,0.0063
S09901,Home,Peru,Tottus,Self sign-up,Micro,7.0,0,21.0,1,0,0.0063
S05678,Toys,Peru,Marketplace direct,Self sign-up,Medium,12.0,0,27.0,4,0,0.0063
S18929,Fashion,Peru,Falabella Retail,Self sign-up,Micro,9.0,3,27.0,1,0,0.0063
S16045,Sports,Colombia,Sodimac,Self sign-up,Micro,15.0,0,24.0,3,0,0.0063
S00521,Fashion,Chile,Sodimac,Event,Small,3.0,0,24.0,0,0,0.0063
S00612,Food,Chile,Tottus,Self sign-up,Micro,6.0,1,19.0,0,0,0.0063
S13534,Beauty,Chile,Tottus,Self sign-up,Small,7.0,3,27.0,0,0,0.0063
S00826,Beauty,Colombia,Falabella Retail,Self sign-up,Micro,3.0,3,22.0,0,0,0.0063
S04105,Electronics,Peru,Tottus,Self sign-up,Micro,2.0,0,18.0,0,0,0.0063
S11935,Sports,Peru,Tottus,Event,Micro,5.0,3,24.0,0,0,0.0063
S10573,Fashion,Chile,Falabella Retail,Self sign-up,Small,4.0,5,30.0,1,0,0.0063
S19879,Sports,Colombia,Sodimac,Referral,Micro,6.0,3,26.0,0,0,0.0063
S18895,Fashion,Colombia,Sodimac,Self sign-up,Micro,1.0,3,22.0,2,0,0.0063
S06707,Beauty,Peru,Tottus,Self sign-up,Small,12.0,0,24.0,0,0,0.0063
S17146,Hardware,Colombia,Marketplace direct,Event,Small,4.0,5,30.0,2,0,0.0063
S17328,Electronics,Chile,Sodimac,Event,Small,7.0,3,31.0,0,0,0.0063
S07468,Toys,Chile,Falabella Retail,Self sign-up,Micro,4.0,3,22.0,0,0,0.0062
S03896,Home,Colombia,Tottus,Self sign-up,Small,4.0,1,22.0,1,0,0.0062
S10258,Fashion,Peru,Marketplace direct,Referral,Micro,7.0,3,29.0,1,0,0.0062
S04012,Food,Colombia,Falabella Retail,Referral,Micro,3.0,5,25.0,0,0,0.0062
S10752,Sports,Chile,Falabella Retail,Event,Micro,21.0,0,29.0,4,0,0.0062
S10386,Sports,Colombia,Sodimac,Self sign-up,Micro,6.0,1,21.0,1,0,0.0062
S19336,Hardware,Peru,Tottus,Sales rep,Micro,4.0,4,28.0,0,0,0.0062
S10369,Food,Peru,Sodimac,Sales rep,Micro,27.0,0,28.0,1,0,0.0062
S15016,Fashion,Peru,Falabella Retail,Self sign-up,Micro,4.0,0,20.0,0,1,0.0062
S11672,Fashion,Chile,Sodimac,Referral,Micro,5.0,1,26.0,0,0,0.0062
S10956,Food,Peru,Marketplace direct,Self sign-up,Medium,11.0,2,28.0,3,0,0.0062
S13899,Beauty,Colombia,Falabella Retail,Self sign-up,Micro,8.0,1,27.0,6,0,0.0062
S03332,Electronics,Peru,Marketplace direct,Self sign-up,Micro,8.0,5,32.0,4,0,0.0062
S05503,Sports,Colombia,Sodimac,Event,Small,8.0,1,25.0,0,0,0.0062
S01891,Toys,Colombia,Falabella Retail,Self sign-up,Micro,3.0,1,18.0,1,0,0.0062
S17763,Fashion,Colombia,Sodimac,Event,Micro,3.0,3,28.0,4,0,0.0062
S10516,Electronics,Colombia,Falabella Retail,Self sign-up,Small,5.0,2,25.0,0,0,0.0062
S05609,Sports,Chile,Sodimac,Referral,Small,4.0,2,27.0,0,0,0.0062
S10939,Food,Chile,Sodimac,Sales rep,Micro,3.0,2,24.0,0,0,0.0062
S11265,Electronics,Colombia,Falabella Retail,Self sign-up,Micro,13.0,1,27.0,3,0,0.0062
S02220,Fashion,Chile,Tottus,Self sign-up,Medium,5.0,2,29.0,0,1,0.0062
S01793,Sports,Colombia,Tottus,Self sign-up,Small,8.0,1,22.0,0,0,0.0061
S08294,Sports,Chile,Marketplace direct,Self sign-up,Small,6.0,2,25.0,1,0,0.0061
S00794,Electronics,Chile,Marketplace direct,Event,Micro,6.0,5,33.0,3,0,0.0061
S11917,Sports,Colombia,Marketplace direct,Self sign-up,Micro,4.0,3,21.0,0,0,0.0061
S08414,Electronics,Peru,Falabella Retail,Event,Micro,1.0,5,27.0,1,0,0.0061
S16933,Beauty,Colombia,Sodimac,Event,Micro,6.0,2,25.0,0,0,0.0061
S18953,Electronics,Colombia,Marketplace direct,Event,Small,7.0,1,27.0,1,0,0.0061
S03805,Electronics,Chile,Marketplace direct,Event,Small,2.0,3,27.0,0,0,0.0061
S08228,Food,Chile,Tottus,Self sign-up,Small,4.0,1,20.0,0,0,0.0061
S11633,Electronics,Chile,Marketplace direct,Event,Micro,2.0,0,21.0,0,0,0.0061
S01544,Fashion,Chile,Falabella Retail,Self sign-up,Small,18.0,0,32.0,6,0,0.0061
S19739,Home,Peru,Falabella Retail,Sales rep,Micro,10.0,3,33.0,3,0,0.0061
S00935,Home,Peru,Marketplace direct,Self sign-up,Micro,7.0,4,26.0,0,0,0.0061
S07423,Fashion,Colombia,Sodimac,Self sign-up,Small,5.0,3,27.0,1,0,0.0061
S15308,Sports,Chile,Sodimac,Self sign-up,Micro,6.0,1,25.0,4,0,0.0061
S01874,Hardware,Chile,Falabella Retail,Event,Small,8.0,2,30.0,2,0,0.0061
S14152,Hardware,Colombia,Marketplace direct,Referral,Micro,8.0,0,23.0,0,0,0.0061
S13915,Sports,Peru,Sodimac,Self sign-up,Micro,8.0,4,26.0,0,0,0.0061
S12100,Electronics,Chile,Marketplace direct,Referral,Micro,9.0,5,33.0,0,0,0.0061
S06168,Fashion,Colombia,Tottus,Self sign-up,Small,10.0,1,28.0,0,1,0.0061
S16205,Beauty,Chile,Falabella Retail,Self sign-up,Micro,8.0,3,28.0,2,0,0.0061
S04536,Sports,Peru,Tottus,Self sign-up,Small,11.0,3,29.0,3,0,0.0061
S04374,Beauty,Colombia,Falabella Retail,Self sign-up,Micro,5.0,0,22.0,3,0,0.0061
S11283,Electronics,Chile,Falabella Retail,Referral,Medium,12.0,0,33.0,2,0,0.006
S10196,Electronics,Peru,Tottus,Self sign-up,Small,7.0,2,27.0,1,0,0.006
S11716,Home,Peru,Falabella Retail,Self sign-up,Small,3.0,4,27.0,1,0,0.006
S07420,Electronics,Chile,Tottus,Event,Small,11.0,5,35.0,1,0,0.006
S09283,Home,Peru,Falabella Retail,Referral,Micro,12.0,3,30.0,0,0,0.006
S16406,Home,Peru,Falabella Retail,Event,Micro,8.0,0,26.0,3,0,0.006
S01109,Home,Chile,Falabella Retail,Sales rep,Small,2.0,1,27.0,1,0,0.006
S14650,Beauty,Colombia,Sodimac,Self sign-up,Micro,9.0,5,30.0,2,0,0.006
S17105,Fashion,Chile,Falabella Retail,Self sign-up,Micro,3.0,3,24.0,0,0,0.006
S08986,Home,Peru,Marketplace direct,Self sign-up,Medium,4.0,1,25.0,1,0,0.006
S19033,Hardware,Chile,Marketplace direct,Referral,Micro,14.0,2,33.0,5,0,0.006
S07031,Home,Chile,Falabella Retail,Self sign-up,Micro,3.0,2,23.0,1,0,0.006
S07974,Toys,Peru,Falabella Retail,Sales rep,Small,3.0,3,28.0,1,0,0.006
S14079,Beauty,Peru,Tottus,Sales rep,Micro,3.0,1,24.0,0,0,0.006
S14547,Electronics,Colombia,Sodimac,Referral,Small,5.0,1,34.0,3,1,0.006
S10373,Home,Colombia,Marketplace direct,Event,Micro,6.0,5,29.0,1,0,0.006
S10059,Food,Chile,Tottus,Event,Micro,0.0,0,15.0,2,0,0.006
S03315,Electronics,Chile,Sodimac,Self sign-up,Micro,7.0,5,30.0,0,0,0.006
S14155,Toys,Colombia,Falabella Retail,Self sign-up,Small,8.0,1,27.0,6,0,0.006
S10996,Fashion,Chile,Sodimac,Event,Micro,1.0,0,20.0,0,0,0.006
S05666,Home,Peru,Marketplace direct,Sales rep,Small,9.0,1,30.0,1,0,0.006
S12034,Home,Peru,Sodimac,Self sign-up,Micro,10.0,1,24.0,0,0,0.006
S04526,Toys,Chile,Tottus,Self sign-up,Small,4.0,2,23.0,1,0,0.006
S11297,Hardware,Peru,Marketplace direct,Event,Small,1.0,1,21.0,0,0,0.006
S17412,Electronics,Colombia,Tottus,Self sign-up,Micro,11.0,4,30.0,3,0,0.006
S05871,Home,Chile,Sodimac,Self sign-up,Small,10.0,5,32.0,0,0,0.006
S04606,Hardware,Colombia,Sodimac,Event,Small,3.0,1,25.0,2,0,0.0059
S00156,Home,Chile,Falabella Retail,Sales rep,Micro,10.0,2,30.0,0,0,0.0059
S19435,Toys,Chile,Marketplace direct,Self sign-up,Small,5.0,1,25.0,4,0,0.0059
S07870,Electronics,Chile,Sodimac,Self sign-up,Small,3.0,3,27.0,0,0,0.0059
S09968,Home,Chile,Falabella Retail,Referral,Micro,19.0,3,33.0,1,0,0.0059
S06287,Food,Chile,Tottus,Self sign-up,Small,5.0,5,27.0,1,0,0.0059
S13301,Hardware,Chile,Tottus,Self sign-up,Micro,4.0,1,23.0,3,0,0.0059
S16414,Beauty,Chile,Falabella Retail,Self sign-up,Micro,4.0,2,24.0,1,0,0.0059
S07490,Food,Colombia,Tottus,Self sign-up,Medium,18.0,1,30.0,1,1,0.0059
S14707,Fashion,Chile,Sodimac,Referral,Micro,10.0,0,27.0,0,0,0.0059
S05158,Fashion,Chile,Sodimac,Self sign-up,Small,9.0,2,29.0,1,0,0.0059
S13583,Sports,Chile,Marketplace direct,Self sign-up,Small,1.0,3,24.0,3,0,0.0059
S17983,Toys,Chile,Falabella Retail,Referral,Micro,4.0,5,29.0,1,0,0.0059
S03531,Electronics,Colombia,Marketplace direct,Self sign-up,Micro,5.0,3,25.0,1,0,0.0059
S17217,Hardware,Colombia,Sodimac,Sales rep,Micro,5.0,1,26.0,1,0,0.0059
S03356,Beauty,Peru,Falabella Retail,Sales rep,Micro,17.0,0,31.0,3,0,0.0059
S16325,Fashion,Chile,Marketplace direct,Event,Micro,10.0,0,25.0,0,0,0.0059
S07936,Home,Chile,Falabella Retail,Self sign-up,Micro,17.0,2,29.0,2,0,0.0059
S07837,Toys,Peru,Marketplace direct,Self sign-up,Micro,7.0,4,25.0,1,0,0.0059
S14594,Electronics,Chile,Falabella Retail,Self sign-up,Micro,14.0,3,30.0,1,0,0.0059
S14592,Toys,Peru,Marketplace direct,Event,Micro,8.0,0,22.0,1,0,0.0059
S06818,Electronics,Chile,Tottus,Referral,Micro,10.0,0,29.0,3,0,0.0059
S16141,Fashion,Colombia,Sodimac,Self sign-up,Medium,8.0,5,33.0,1,0,0.0059
S04086,Beauty,Chile,Sodimac,Self sign-up,Micro,6.0,1,25.0,2,0,0.0059
S18605,Electronics,Peru,Marketplace direct,Self sign-up,Medium,3.0,2,26.0,0,0,0.0059
S06157,Electronics,Colombia,Sodimac,Self sign-up,Micro,2.0,2,23.0,2,0,0.0059
S17237,Beauty,Chile,Falabella Retail,Self sign-up,Micro,3.0,4,26.0,1,0,0.0058
S05865,Home,Colombia,Falabella Retail,Sales rep,Small,12.0,3,35.0,3,0,0.0058
S07724,Hardware,Colombia,Falabella Retail,Self sign-up,Micro,5.0,0,20.0,1,0,0.0058
S03627,Sports,Chile,Marketplace direct,Self sign-up,Small,4.0,1,22.0,0,0,0.0058
S05650,Hardware,Colombia,Tottus,Sales rep,Micro,19.0,2,32.0,3,0,0.0058
S11066,Hardware,Colombia,Falabella Retail,Referral,Micro,7.0,2,26.0,0,0,0.0058
S17601,Home,Chile,Tottus,Referral,Micro,10.0,2,29.0,1,0,0.0058
S18734,Food,Chile,Falabella Retail,Self sign-up,Micro,8.0,1,21.0,0,0,0.0058
S09471,Electronics,Chile,Marketplace direct,Self sign-up,Micro,2.0,2,22.0,0,0,0.0058
S04280,Electronics,Chile,Falabella Retail,Self sign-up,Micro,5.0,5,32.0,0,1,0.0058
S04216,Sports,Chile,Falabella Retail,Self sign-up,Medium,10.0,3,32.0,3,0,0.0058
S18233,Toys,Colombia,Marketplace direct,Self sign-up,Micro,8.0,5,26.0,1,0,0.0058
S17954,Food,Colombia,Falabella Retail,Self sign-up,Small,12.0,5,29.0,1,0,0.0058
S08566,Hardware,Colombia,Marketplace direct,Self sign-up,Micro,15.0,2,28.0,4,0,0.0058
S16881,Electronics,Colombia,Falabella Retail,Self sign-up,Small,5.0,2,27.0,2,0,0.0058
S06347,Toys,Chile,Sodimac,Self sign-up,Medium,1.0,0,21.0,2,0,0.0058
S16574,Hardware,Chile,Falabella Retail,Self sign-up,Micro,0.0,4,20.0,0,0,0.0058
S04272,Hardware,Chile,Sodimac,Self sign-up,Small,8.0,0,28.0,1,1,0.0058
S00320,Food,Chile,Falabella Retail,Self sign-up,Micro,6.0,2,24.0,3,0,0.0058
S11191,Electronics,Chile,Marketplace direct,Sales rep,Micro,17.0,0,33.0,4,0,0.0058
S11628,Home,Chile,Sodimac,Sales rep,Micro,14.0,2,34.0,3,0,0.0058
S09588,Toys,Peru,Falabella Retail,Self sign-up,Small,15.0,2,28.0,2,0,0.0058
S15976,Fashion,Colombia,Falabella Retail,Self sign-up,Micro,5.0,4,28.0,0,1,0.0058
S17750,Fashion,Colombia,Marketplace direct,Self sign-up,Small,23.0,2,29.0,0,0,0.0058
S14801,Sports,Chile,Falabella Retail,Self sign-up,Micro,9.0,0,24.0,3,0,0.0058
S07246,Hardware,Chile,Tottus,Self sign-up,Micro,11.0,5,29.0,0,0,0.0058
S16280,Food,Chile,Tottus,Referral,Micro,4.0,0,21.0,1,0,0.0058
S17338,Sports,Peru,Falabella Retail,Self sign-up,Small,5.0,0,22.0,1,0,0.0058
S17685,Fashion,Chile,Marketplace direct,Event,Micro,21.0,0,34.0,8,0,0.0058
S09376,Food,Chile,Tottus,Self sign-up,Micro,21.0,1,25.0,2,0,0.0058
S00300,Toys,Colombia,Falabella Retail,Self sign-up,Micro,8.0,0,19.0,0,0,0.0058
S07636,Fashion,Chile,Sodimac,Event,Micro,4.0,2,26.0,0,0,0.0058
S11635,Beauty,Peru,Falabella Retail,Event,Micro,4.0,0,22.0,0,0,0.0058
S08097,Beauty,Chile,Falabella Retail,Self sign-up,Micro,9.0,4,30.0,2,0,0.0058
S07854,Home,Peru,Falabella Retail,Self sign-up,Micro,12.0,0,28.0,6,0,0.0057
S02834,Sports,Colombia,Sodimac,Self sign-up,Micro,6.0,2,22.0,0,0,0.0057
S17578,Sports,Peru,Falabella Retail,Self sign-up,Medium,14.0,1,29.0,2,0,0.0057
S12085,Toys,Chile,Sodimac,Self sign-up,Micro,9.0,3,26.0,1,0,0.0057
S03463,Home,Peru,Marketplace direct,Referral,Small,15.0,5,36.0,1,0,0.0057
S19611,Hardware,Chile,Sodimac,Self sign-up,Medium,10.0,4,33.0,1,0,0.0057
S01881,Sports,Chile,Tottus,Sales rep,Micro,2.0,0,22.0,1,0,0.0057
S01801,Sports,Peru,Marketplace direct,Sales rep,Small,13.0,3,32.0,0,0,0.0057
S05653,Fashion,Chile,Marketplace direct,Self sign-up,Micro,11.0,2,27.0,1,0,0.0057
S16140,Beauty,Chile,Falabella Retail,Self sign-up,Micro,13.0,3,29.0,1,0,0.0057
S00115,Hardware,Chile,Marketplace direct,Self sign-up,Micro,4.0,1,21.0,0,0,0.0057
S14095,Fashion,Chile,Falabella Retail,Referral,Micro,10.0,1,29.0,1,0,0.0057
S01487,Fashion,Peru,Falabella Retail,Self sign-up,Small,3.0,4,27.0,0,0,0.0057
S09930,Electronics,Peru,Sodimac,Self sign-up,Medium,13.0,3,35.0,3,0,0.0057
S18962,Toys,Colombia,Marketplace direct,Self sign-up,Small,3.0,1,20.0,1,0,0.0057
S05719,Electronics,Colombia,Falabella Retail,Sales rep,Micro,3.0,4,30.0,1,0,0.0057
S08036,Fashion,Peru,Marketplace direct,Self sign-up,Small,5.0,0,25.0,3,0,0.0057
S19815,Home,Chile,Sodimac,Event,Small,6.0,0,26.0,0,0,0.0057
S06085,Hardware,Chile,Tottus,Event,Small,0.0,3,22.0,0,0,0.0057
S15698,Sports,Colombia,Tottus,Self sign-up,Small,0.0,0,17.0,4,0,0.0057
S16167,Hardware,Chile,Marketplace direct,Self sign-up,Small,6.0,4,29.0,1,0,0.0057
S09046,Home,Chile,Marketplace direct,Sales rep,Micro,11.0,2,35.0,6,0,0.0057
S03486,Sports,Chile,Sodimac,Self sign-up,Small,10.0,2,27.0,0,0,0.0057
S18428,Beauty,Colombia,Falabella Retail,Self sign-up,Micro,14.0,5,33.0,4,0,0.0057
S04436,Hardware,Chile,Falabella Retail,Referral,Micro,2.0,4,27.0,0,0,0.0057
S16320,Hardware,Chile,Falabella Retail,Self sign-up,Medium,7.0,5,33.0,1,0,0.0057
S11526,Electronics,Chile,Marketplace direct,Self sign-up,Small,14.0,3,35.0,5,0,0.0057
S06189,Sports,Colombia,Falabella Retail,Self sign-up,Small,2.0,0,19.0,1,0,0.0056
S15171,Sports,Chile,Tottus,Self sign-up,Micro,10.0,5,28.0,0,0,0.0056
S19657,Electronics,Colombia,Falabella Retail,Self sign-up,Small,3.0,0,25.0,0,1,0.0056
S03430,Beauty,Colombia,Falabella Retail,Sales rep,Micro,8.0,2,30.0,2,0,0.0056
S18270,Electronics,Peru,Falabella Retail,Self sign-up,Micro,0.0,1,17.0,0,0,0.0056
S10655,Home,Colombia,Falabella Retail,Event,Micro,14.0,2,30.0,3,0,0.0056
S00797,Home,Chile,Tottus,Self sign-up,Small,16.0,4,33.0,2,0,0.0056
S02263,Electronics,Colombia,Marketplace direct,Self sign-up,Medium,13.0,3,31.0,0,0,0.0056
S03325,Hardware,Chile,Falabella Retail,Sales rep,Medium,1.0,0,26.0,1,0,0.0056
S09644,Hardware,Peru,Falabella Retail,Self sign-up,Micro,5.0,1,24.0,3,0,0.0056
S08501,Toys,Colombia,Falabella Retail,Self sign-up,Micro,10.0,4,26.0,1,0,0.0056
S04755,Beauty,Chile,Marketplace direct,Self sign-up,Micro,10.0,3,27.0,0,0,0.0056
S19220,Home,Colombia,Marketplace direct,Event,Small,13.0,3,31.0,1,0,0.0056
S12292,Home,Chile,Tottus,Self sign-up,Micro,15.0,5,33.0,3,0,0.0056
S19018,Home,Chile,Marketplace direct,Self sign-up,Medium,4.0,3,32.0,5,0,0.0056
S01553,Fashion,Chile,Marketplace direct,Self sign-up,Micro,18.0,4,33.0,3,0,0.0056
S07843,Beauty,Colombia,Falabella Retail,Event,Micro,21.0,4,35.0,4,0,0.0056
S07628,Electronics,Peru,Sodimac,Sales rep,Micro,8.0,4,34.0,1,0,0.0056
S05226,Electronics,Chile,Falabella Retail,Sales rep,Small,1.0,0,25.0,0,0,0.0056
S05884,Fashion,Colombia,Marketplace direct,Self sign-up,Micro,5.0,3,28.0,5,0,0.0056
S07439,Food,Chile,Falabella Retail,Self sign-up,Micro,9.0,5,27.0,0,0,0.0056
S01238,Home,Chile,Falabella Retail,Sales rep,Micro,2.0,2,26.0,0,0,0.0056
S16210,Toys,Chile,Sodimac,Sales rep,Medium,0.0,4,27.0,0,0,0.0056
S13615,Electronics,Peru,Sodimac,Event,Micro,12.0,2,31.0,2,0,0.0056
S19351,Electronics,Chile,Marketplace direct,Self sign-up,Medium,4.0,0,25.0,0,0,0.0056
S12387,Beauty,Peru,Marketplace direct,Event,Medium,11.0,0,30.0,2,0,0.0056
S13022,Beauty,Chile,Marketplace direct,Self sign-up,Micro,5.0,0,21.0,0,0,0.0056
S12331,Sports,Peru,Falabella Retail,Referral,Small,4.0,3,28.0,0,0,0.0055
S18818,Sports,Colombia,Marketplace direct,Self sign-up,Micro,5.0,0,19.0,1,0,0.0055
S19087,Beauty,Peru,Marketplace direct,Event,Micro,3.0,0,21.0,0,0,0.0055
S08839,Sports,Peru,Falabella Retail,Self sign-up,Small,15.0,0,28.0,4,0,0.0055
S18369,Fashion,Chile,Falabella Retail,Event,Micro,6.0,2,27.0,0,0,0.0055
S11205,Home,Chile,Falabella Retail,Self sign-up,Small,5.0,2,26.0,0,0,0.0055
S03942,Home,Chile,Falabella Retail,Event,Micro,12.0,0,30.0,5,0,0.0055
S04962,Fashion,Peru,Falabella Retail,Self sign-up,Micro,3.0,1,22.0,1,0,0.0055
S01411,Food,Colombia,Falabella Retail,Sales rep,Medium,12.0,1,30.0,1,0,0.0055
S13056,Electronics,Colombia,Falabella Retail,Sales rep,Micro,3.0,0,24.0,0,0,0.0055
S18998,Sports,Peru,Sodimac,Referral,Small,4.0,4,33.0,4,0,0.0055
S05955,Sports,Colombia,Marketplace direct,Self sign-up,Micro,0.0,0,13.0,1,0,0.0055
S12975,Electronics,Chile,Marketplace direct,Sales rep,Small,2.0,3,30.0,0,0,0.0055
S16806,Sports,Peru,Falabella Retail,Referral,Medium,7.0,2,30.0,0,0,0.0055
S01428,Toys,Colombia,Marketplace direct,Self sign-up,Micro,16.0,1,28.0,7,0,0.0055
S05417,Food,Peru,Falabella Retail,Self sign-up,Micro,5.0,1,21.0,2,0,0.0055
S18092,Fashion,Chile,Tottus,Self sign-up,Micro,2.0,4,25.0,1,0,0.0055
S04163,Fashion,Chile,Sodimac,Self sign-up,Small,16.0,3,35.0,4,0,0.0055
S13366,Fashion,Peru,Sodimac,Self sign-up,Small,14.0,1,28.0,0,0,0.0055
S04041,Toys,Chile,Falabella Retail,Self sign-up,Micro,7.0,2,23.0,0,0,0.0055
S14668,Electronics,Chile,Tottus,Sales rep,Micro,8.0,5,35.0,1,0,0.0055
S05058,Beauty,Chile,Tottus,Referral,Medium,6.0,1,32.0,3,0,0.0055
S02496,Beauty,Chile,Falabella Retail,Referral,Micro,12.0,3,33.0,2,0,0.0055
S11675,Home,Peru,Marketplace direct,Self sign-up,Micro,6.0,1,23.0,1,0,0.0055
S17274,Electronics,Chile,Marketplace direct,Event,Micro,5.0,0,24.0,0,0,0.0055
S03451,Beauty,Chile,Marketplace direct,Self sign-up,Micro,4.0,2,24.0,1,0,0.0055
S12992,Fashion,Colombia,Marketplace direct,Self sign-up,Micro,3.0,1,20.0,0,0,0.0055
S05106,Home,Colombia,Sodimac,Self sign-up,Micro,37.0,1,32.0,5,0,0.0055
S01767,Electronics,Chile,Falabella Retail,Event,Small,3.0,0,30.0,6,0,0.0054
S07836,Home,Colombia,Falabella Retail,Sales rep,Micro,7.0,3,31.0,2,0,0.0054
S17498,Electronics,Chile,Sodimac,Self sign-up,Micro,2.0,0,23.0,3,0,0.0054
S03301,Home,Colombia,Marketplace direct,Self sign-up,Micro,18.0,3,34.0,8,0,0.0054
S18574,Beauty,Colombia,Marketplace direct,Event,Micro,3.0,2,23.0,0,0,0.0054
S01822,Beauty,Chile,Sodimac,Self sign-up,Small,11.0,5,33.0,0,0,0.0054
S02221,Fashion,Peru,Falabella Retail,Event,Small,4.0,1,26.0,0,0,0.0054
S10675,Beauty,Peru,Sodimac,Referral,Micro,13.0,0,29.0,2,0,0.0054
S07713,Home,Colombia,Falabella Retail,Self sign-up,Micro,12.0,1,24.0,0,0,0.0054
S11495,Fashion,Peru,Marketplace direct,Event,Micro,1.0,3,24.0,1,0,0.0054
S02238,Fashion,Peru,Sodimac,Referral,Micro,12.0,5,35.0,1,0,0.0054
S02286,Hardware,Colombia,Sodimac,Self sign-up,Micro,1.0,2,19.0,0,0,0.0054
S07773,Food,Chile,Falabella Retail,Referral,Micro,4.0,2,24.0,0,0,0.0054
S07217,Toys,Peru,Sodimac,Event,Micro,10.0,0,24.0,1,0,0.0054
S07270,Hardware,Chile,Falabella Retail,Self sign-up,Small,20.0,0,33.0,7,0,0.0054
S04812,Fashion,Colombia,Tottus,Self sign-up,Small,5.0,4,28.0,1,0,0.0054
S06457,Toys,Peru,Sodimac,Event,Micro,20.0,0,27.0,2,0,0.0054
S14840,Electronics,Chile,Sodimac,Sales rep,Micro,10.0,3,35.0,2,0,0.0054
S13418,Home,Chile,Marketplace direct,Referral,Micro,3.0,1,25.0,1,0,0.0054
S04506,Fashion,Colombia,Falabella Retail,Self sign-up,Medium,9.0,4,33.0,2,0,0.0054
S08773,Toys,Peru,Falabella Retail,Self sign-up,Small,2.0,2,22.0,1,0,0.0054
S03747,Hardware,Chile,Marketplace direct,Sales rep,Medium,16.0,1,36.0,3,0,0.0054
S01426,Electronics,Chile,Sodimac,Self sign-up,Micro,1.0,5,26.0,0,0,0.0053
S13132,Fashion,Chile,Marketplace direct,Event,Micro,1.0,1,22.0,1,0,0.0053
S08509,Hardware,Chile,Sodimac,Self sign-up,Micro,3.0,3,25.0,1,0,0.0053
S10112,Home,Chile,Marketplace direct,Sales rep,Micro,4.0,1,27.0,1,0,0.0053
S18523,Electronics,Chile,Tottus,Self sign-up,Micro,4.0,2,24.0,0,0,0.0053
S01725,Electronics,Chile,Falabella Retail,Self sign-up,Micro,8.0,1,27.0,2,0,0.0053
S00364,Sports,Chile,Falabella Retail,Self sign-up,Small,2.0,3,24.0,0,0,0.0053
S11102,Sports,Chile,Falabella Retail,Self sign-up,Micro,3.0,3,23.0,0,0,0.0053
S15530,Food,Colombia,Sodimac,Self sign-up,Micro,8.0,3,24.0,1,0,0.0053
S10778,Toys,Peru,Tottus,Sales rep,Micro,3.0,0,22.0,1,0,0.0053
S08104,Sports,Chile,Falabella Retail,Sales rep,Small,11.0,0,29.0,0,0,0.0053
S17877,Food,Chile,Falabella Retail,Self sign-up,Micro,11.0,1,25.0,3,0,0.0053
S01996,Home,Chile,Tottus,Self sign-up,Micro,1.0,0,18.0,1,0,0.0053
S14423,Food,Colombia,Marketplace direct,Self sign-up,Small,10.0,0,21.0,0,0,0.0053
S09695,Fashion,Peru,Tottus,Referral,Micro,3.0,0,25.0,3,0,0.0053
S15924,Sports,Chile,Falabella Retail,Self sign-up,Small,7.0,2,26.0,0,0,0.0053
S19991,Electronics,Chile,Tottus,Self sign-up,Small,9.0,2,30.0,2,0,0.0053
S10072,Home,Chile,Sodimac,Event,Small,10.0,3,32.0,0,0,0.0053
S00089,Fashion,Chile,Sodimac,Self sign-up,Micro,11.0,4,31.0,1,0,0.0053
S10117,Beauty,Chile,Sodimac,Self sign-up,Small,14.0,1,31.0,3,0,0.0053
S13244,Home,Peru,Tottus,Referral,Small,4.0,1,30.0,0,1,0.0053
S05935,Beauty,Chile,Marketplace direct,Self sign-up,Small,2.0,3,25.0,0,0,0.0053
S11975,Home,Peru,Sodimac,Self sign-up,Small,6.0,2,29.0,3,0,0.0053
S03011,Hardware,Chile,Tottus,Self sign-up,Small,18.0,0,28.0,2,0,0.0053
S15519,Toys,Chile,Marketplace direct,Self sign-up,Micro,6.0,5,28.0,2,0,0.0053
S13662,Food,Peru,Falabella Retail,Self sign-up,Micro,13.0,2,27.0,0,1,0.0053
S06300,Home,Chile,Falabella Retail,Self sign-up,Micro,11.0,4,31.0,2,0,0.0052
S18945,Hardware,Peru,Sodimac,Self sign-up,Micro,4.0,0,22.0,2,0,0.0052
S07811,Beauty,Chile,Falabella Retail,Sales rep,Micro,3.0,4,31.0,1,0,0.0052
S18283,Fashion,Chile,Sodimac,Event,Micro,6.0,0,25.0,0,0,0.0052
S09358,Beauty,Peru,Falabella Retail,Referral,Micro,3.0,0,23.0,0,0,0.0052
S07644,Sports,Colombia,Falabella Retail,Sales rep,Micro,7.0,2,27.0,0,0,0.0052
S12905,Hardware,Peru,Tottus,Self sign-up,Micro,4.0,2,22.0,0,0,0.0052
S18822,Hardware,Colombia,Sodimac,Event,Medium,14.0,3,33.0,0,0,0.0052
S06342,Hardware,Chile,Falabella Retail,Self sign-up,Micro,18.0,0,26.0,1,0,0.0052
S09550,Food,Colombia,Marketplace direct,Self sign-up,Micro,9.0,4,25.0,1,0,0.0052
S12789,Home,Colombia,Tottus,Self sign-up,Small,11.0,3,32.0,5,0,0.0052
S16089,Home,Chile,Tottus,Self sign-up,Micro,3.0,5,28.0,2,0,0.0052
S08120,Fashion,Colombia,Sodimac,Self sign-up,Micro,5.0,3,26.0,1,0,0.0052
S04222,Home,Colombia,Falabella Retail,Sales rep,Micro,1.0,3,25.0,0,0,0.0052
S09318,Toys,Colombia,Sodimac,Sales rep,Micro,6.0,2,27.0,1,0,0.0052
S11901,Fashion,Chile,Sodimac,Self sign-up,Small,25.0,2,33.0,1,0,0.0052
S15053,Beauty,Chile,Marketplace direct,Sales rep,Medium,6.0,0,30.0,0,0,0.0052
S01965,Electronics,Chile,Tottus,Self sign-up,Small,4.0,5,31.0,1,0,0.0052
S13922,Fashion,Peru,Tottus,Sales rep,Micro,7.0,1,30.0,3,0,0.0052
S07950,Sports,Chile,Marketplace direct,Sales rep,Micro,14.0,5,35.0,1,0,0.0052
S17687,Home,Peru,Marketplace direct,Self sign-up,Micro,5.0,1,22.0,0,0,0.0052
S09238,Toys,Chile,Falabella Retail,Self sign-up,Micro,12.0,2,25.0,0,0,0.0052
S14579,Home,Peru,Falabella Retail,Self sign-up,Medium,9.0,0,29.0,3,0,0.0052
S01116,Electronics,Chile,Sodimac,Self sign-up,Small,3.0,4,30.0,1,0,0.0052
S18471,Toys,Chile,Marketplace direct,Self sign-up,Micro,9.0,3,25.0,0,0,0.0052
S10046,Sports,Chile,Falabella Retail,Self sign-up,Micro,2.0,0,19.0,1,0,0.0051
S09076,Hardware,Chile,Sodimac,Event,Small,6.0,0,27.0,1,0,0.0051
S04138,Sports,Chile,Marketplace direct,Self sign-up,Micro,12.0,1,24.0,0,0,0.0051
S10606,Fashion,Peru,Falabella Retail,Self sign-up,Micro,10.0,2,28.0,2,0,0.0051
S19318,Beauty,Peru,Marketplace direct,Referral,Small,4.0,0,27.0,2,0,0.0051
S08546,Toys,Colombia,Falabella Retail,Self sign-up,Micro,5.0,2,21.0,0,0,0.0051
S07005,Fashion,Chile,Falabella Retail,Self sign-up,Small,2.0,0,24.0,2,1,0.0051
S04553,Sports,Chile,Falabella Retail,Self sign-up,Micro,3.0,4,27.0,3,0,0.0051
S05178,Fashion,Chile,Falabella Retail,Self sign-up,Micro,9.0,0,24.0,0,0,0.0051
S19760,Toys,Colombia,Falabella Retail,Self sign-up,Micro,1.0,4,20.0,0,0,0.0051
S06742,Electronics,Chile,Tottus,Self sign-up,Micro,2.0,4,27.0,0,1,0.0051
S01170,Fashion,Chile,Marketplace direct,Self sign-up,Micro,8.0,0,24.0,1,0,0.0051
S04298,Beauty,Chile,Sodimac,Self sign-up,Micro,6.0,1,25.0,1,0,0.0051
S06133,Home,Peru,Falabella Retail,Self sign-up,Micro,5.0,0,22.0,1,0,0.0051
S03772,Sports,Chile,Tottus,Referral,Small,8.0,3,32.0,2,0,0.0051
S16661,Food,Colombia,Falabella Retail,Self sign-up,Medium,2.0,1,22.0,2,0,0.0051
S08746,Sports,Colombia,Falabella Retail,Self sign-up,Micro,24.0,1,31.0,7,0,0.0051
S02702,Fashion,Chile,Tottus,Sales rep,Micro,14.0,1,32.0,2,0,0.0051
S00173,Food,Chile,Sodimac,Referral,Micro,4.0,0,22.0,0,0,0.0051
S07069,Sports,Chile,Sodimac,Self sign-up,Micro,9.0,5,31.0,2,0,0.0051
S13327,Home,Colombia,Tottus,Self sign-up,Micro,5.0,2,24.0,2,0,0.0051
S04543,Fashion,Chile,Falabella Retail,Referral,Medium,5.0,0,30.0,1,0,0.0051
S08833,Beauty,Chile,Sodimac,Self sign-up,Small,13.0,4,35.0,3,0,0.0051
S04111,Hardware,Chile,Tottus,Self sign-up,Micro,7.0,2,26.0,2,0,0.0051
S08697,Fashion,Colombia,Falabella Retail,Event,Micro,10.0,0,29.0,5,0,0.0051
S12190,Sports,Colombia,Marketplace direct,Self sign-up,Micro,1.0,0,15.0,0,0,0.0051
S05866,Hardware,Peru,Falabella Retail,Self sign-up,Small,10.0,0,28.0,0,1,0.0051
S19929,Food,Colombia,Sodimac,Self sign-up,Micro,18.0,1,29.0,7,0,0.0051
S02154,Beauty,Chile,Sodimac,Self sign-up,Micro,7.0,3,29.0,2,0,0.0051
S19676,Sports,Chile,Falabella Retail,Event,Small,12.0,3,32.0,1,0,0.0051
S02290,Food,Chile,Marketplace direct,Self sign-up,Micro,6.0,0,20.0,1,0,0.0051
S03605,Electronics,Chile,Falabella Retail,Self sign-up,Small,8.0,5,33.0,0,0,0.0051
S03240,Hardware,Colombia,Marketplace direct,Event,Micro,1.0,1,20.0,1,0,0.0051
S06094,Food,Colombia,Marketplace direct,Self sign-up,Micro,3.0,3,24.0,5,0,0.0051
S08117,Home,Peru,Sodimac,Self sign-up,Small,14.0,1,28.0,0,0,0.0051
S12938,Toys,Peru,Marketplace direct,Referral,Micro,4.0,5,28.0,0,0,0.0051
S06393,Electronics,Peru,Falabella Retail,Self sign-up,Micro,2.0,0,20.0,0,0,0.005
S01118,Home,Chile,Sodimac,Event,Micro,7.0,4,33.0,3,0,0.005
S17233,Toys,Peru,Falabella Retail,Event,Micro,5.0,0,22.0,1,0,0.005
S02108,Fashion,Colombia,Marketplace direct,Self sign-up,Micro,6.0,0,21.0,0,0,0.005
S01370,Electronics,Peru,Marketplace direct,Self sign-up,Micro,25.0,4,33.0,1,0,0.005
S16478,Toys,Chile,Falabella Retail,Event,Micro,8.0,0,24.0,1,0,0.005
S09487,Beauty,Colombia,Sodimac,Event,Micro,19.0,0,27.0,0,0,0.005
S08810,Hardware,Chile,Marketplace direct,Self sign-up,Micro,13.0,0,28.0,2,1,0.005
S17958,Toys,Chile,Falabella Retail,Self sign-up,Micro,11.0,5,33.0,5,0,0.005
S06018,Toys,Chile,Marketplace direct,Event,Micro,8.0,0,26.0,4,0,0.005
S10075,Toys,Colombia,Marketplace direct,Referral,Micro,6.0,1,23.0,0,0,0.005
S07214,Hardware,Colombia,Marketplace direct,Self sign-up,Micro,5.0,4,25.0,0,0,0.005
S11321,Home,Colombia,Marketplace direct,Referral,Small,13.0,1,31.0,2,0,0.005
S09926,Sports,Chile,Falabella Retail,Self sign-up,Medium,1.0,2,25.0,2,0,0.005
S04640,Home,Chile,Marketplace direct,Self sign-up,Micro,14.0,0,27.0,3,0,0.005
S18018,Sports,Peru,Tottus,Self sign-up,Micro,0.0,2,16.0,0,0,0.005
S12156,Hardware,Chile,Marketplace direct,Event,Small,5.0,1,28.0,2,0,0.005
S15677,Electronics,Peru,Marketplace direct,Self sign-up,Micro,9.0,1,25.0,0,0,0.005
S09911,Sports,Peru,Marketplace direct,Referral,Micro,4.0,3,27.0,1,0,0.005
S05381,Sports,Peru,Tottus,Referral,Small,14.0,1,33.0,5,0,0.005
S18228,Electronics,Colombia,Falabella Retail,Sales rep,Micro,18.0,1,32.0,1,0,0.005
S06890,Sports,Chile,Falabella Retail,Referral,Small,18.0,0,33.0,4,0,0.005
S05096,Sports,Peru,Falabella Retail,Referral,Micro,19.0,2,30.0,0,0,0.005
S09910,Electronics,Chile,Marketplace direct,Self sign-up,Micro,8.0,3,28.0,0,0,0.005
S04206,Home,Chile,Falabella Retail,Self sign-up,Micro,5.0,0,22.0,0,0,0.0049
S16449,Home,Colombia,Sodimac,Event,Micro,4.0,5,29.0,0,0,0.0049
S07559,Hardware,Chile,Marketplace direct,Referral,Micro,6.0,4,31.0,1,0,0.0049
S19812,Sports,Colombia,Sodimac,Sales rep,Micro,11.0,0,28.0,2,0,0.0049
S02836,Sports,Colombia,Falabella Retail,Self sign-up,Medium,7.0,0,24.0,0,0,0.0049
S00345,Hardware,Colombia,Falabella Retail,Self sign-up,Micro,5.0,0,21.0,1,0,0.0049
S04809,Beauty,Chile,Sodimac,Self sign-up,Small,13.0,4,36.0,4,0,0.0049
S03494,Electronics,Chile,Sodimac,Referral,Small,9.0,2,33.0,0,0,0.0049
S08144,Beauty,Chile,Sodimac,Self sign-up,Micro,3.0,4,29.0,3,0,0.0049
S15160,Electronics,Chile,Falabella Retail,Self sign-up,Micro,4.0,2,26.0,1,0,0.0049
S09821,Food,Chile,Falabella Retail,Self sign-up,Micro,9.0,1,24.0,2,0,0.0049
S19854,Home,Colombia,Tottus,Self sign-up,Micro,1.0,0,17.0,1,0,0.0049
S10024,Home,Chile,Tottus,Sales rep,Small,6.0,3,33.0,1,0,0.0049
S18025,Food,Chile,Falabella Retail,Sales rep,Small,6.0,3,31.0,1,0,0.0049
S01057,Home,Chile,Falabella Retail,Self sign-up,Small,16.0,3,34.0,3,0,0.0049
S04204,Toys,Chile,Falabella Retail,Event,Small,9.0,1,27.0,0,0,0.0049
S02957,Electronics,Chile,Sodimac,Self sign-up,Small,10.0,2,31.0,1,0,0.0049
S16727,Home,Colombia,Marketplace direct,Referral,Small,6.0,4,32.0,1,0,0.0049
S08879,Fashion,Peru,Sodimac,Self sign-up,Micro,9.0,4,31.0,2,0,0.0049
S06081,Electronics,Peru,Sodimac,Self sign-up,Small,11.0,4,35.0,3,0,0.0049
S10461,Sports,Colombia,Falabella Retail,Referral,Small,1.0,1,23.0,1,0,0.0049
S06203,Home,Chile,Marketplace direct,Self sign-up,Micro,13.0,5,32.0,1,0,0.0049
S05097,Sports,Chile,Falabella Retail,Sales rep,Micro,5.0,0,26.0,1,0,0.0049
S11176,Fashion,Peru,Sodimac,Self sign-up,Micro,9.0,1,27.0,2,0,0.0049
S10904,Home,Peru,Sodimac,Self sign-up,Small,4.0,0,24.0,1,0,0.0049
S18557,Home,Colombia,Marketplace direct,Referral,Micro,3.0,0,22.0,0,0,0.0049
S06105,Food,Colombia,Falabella Retail,Self sign-up,Micro,12.0,0,23.0,3,0,0.0049
S03676,Home,Peru,Marketplace direct,Referral,Micro,15.0,5,35.0,1,0,0.0049
S17523,Fashion,Colombia,Marketplace direct,Self sign-up,Small,11.0,0,25.0,0,0,0.0049
S10465,Hardware,Peru,Sodimac,Self sign-up,Micro,28.0,0,30.0,4,0,0.0049
S19190,Food,Colombia,Marketplace direct,Event,Micro,9.0,0,22.0,1,0,0.0048
S18308,Fashion,Chile,Marketplace direct,Sales rep,Small,9.0,0,31.0,1,0,0.0048
S14045,Home,Chile,Sodimac,Sales rep,Micro,2.0,2,28.0,1,0,0.0048
S00650,Fashion,Chile,Falabella Retail,Self sign-up,Micro,4.0,0,22.0,0,0,0.0048
S03307,Electronics,Peru,Sodimac,Self sign-up,Micro,14.0,1,29.0,2,0,0.0048
S14051,Hardware,Colombia,Sodimac,Self sign-up,Micro,0.0,4,20.0,0,0,0.0048
S08574,Food,Chile,Marketplace direct,Referral,Micro,4.0,2,25.0,1,0,0.0048
S10502,Home,Peru,Marketplace direct,Self sign-up,Medium,9.0,5,34.0,1,0,0.0048
S08804,Toys,Chile,Falabella Retail,Self sign-up,Micro,6.0,4,26.0,0,0,0.0048
S10013,Home,Chile,Sodimac,Self sign-up,Micro,9.0,2,31.0,5,0,0.0048
S06766,Hardware,Peru,Sodimac,Referral,Micro,2.0,2,25.0,0,0,0.0048
S03049,Home,Chile,Tottus,Sales rep,Micro,6.0,2,29.0,0,0,0.0048
S03609,Home,Colombia,Marketplace direct,Sales rep,Medium,11.0,1,32.0,0,0,0.0048
S01593,Fashion,Peru,Falabella Retail,Self sign-up,Micro,11.0,0,26.0,2,0,0.0048
S19148,Fashion,Chile,Sodimac,Self sign-up,Micro,3.0,1,23.0,0,0,0.0048
S16356,Toys,Chile,Sodimac,Self sign-up,Small,14.0,0,28.0,3,0,0.0048
S06206,Fashion,Chile,Sodimac,Event,Micro,3.0,4,29.0,0,0,0.0048
S09845,Beauty,Peru,Sodimac,Self sign-up,Medium,11.0,0,33.0,6,0,0.0048
S02443,Beauty,Colombia,Marketplace direct,Sales rep,Micro,10.0,1,29.0,1,0,0.0048
S01105,Toys,Chile,Falabella Retail,Self sign-up,Small,9.0,1,26.0,1,0,0.0048
S02375,Electronics,Peru,Sodimac,Self sign-up,Micro,6.0,3,30.0,3,0,0.0048
S04711,Home,Colombia,Marketplace direct,Event,Micro,4.0,1,23.0,0,0,0.0048
S01227,Fashion,Chile,Marketplace direct,Self sign-up,Micro,12.0,5,34.0,3,0,0.0048
S15568,Fashion,Colombia,Tottus,Self sign-up,Micro,8.0,0,26.0,5,0,0.0048
S05717,Food,Peru,Tottus,Sales rep,Micro,9.0,1,28.0,3,0,0.0048
S17189,Electronics,Peru,Tottus,Self sign-up,Small,8.0,5,32.0,0,0,0.0048
S08015,Home,Colombia,Marketplace direct,Event,Micro,4.0,2,26.0,2,0,0.0048
S05269,Fashion,Peru,Tottus,Self sign-up,Small,3.0,3,26.0,0,0,0.0048
S17985,Home,Peru,Falabella Retail,Event,Small,3.0,0,25.0,1,0,0.0048
S19693,Fashion,Colombia,Falabella Retail,Self sign-up,Micro,4.0,2,25.0,2,0,0.0048
S02905,Sports,Peru,Falabella Retail,Self sign-up,Micro,3.0,4,26.0,2,0,0.0048
S19468,Sports,Chile,Marketplace direct,Self sign-up,Micro,3.0,3,24.0,1,0,0.0048
S11374,Electronics,Chile,Falabella Retail,Self sign-up,Micro,6.0,1,26.0,1,0,0.0047
S02218,Food,Chile,Sodimac,Referral,Micro,7.0,0,24.0,0,0,0.0047
S10841,Sports,Chile,Marketplace direct,Referral,Small,1.0,3,26.0,0,0,0.0047
S09415,Beauty,Peru,Sodimac,Self sign-up,Micro,6.0,1,24.0,0,0,0.0047
S12707,Electronics,Chile,Falabella Retail,Self sign-up,Small,10.0,0,29.0,2,0,0.0047
S16291,Home,Chile,Tottus,Self sign-up,Small,7.0,2,28.0,1,0,0.0047
S05752,Toys,Peru,Falabella Retail,Self sign-up,Micro,10.0,5,30.0,2,0,0.0047
S02693,Food,Chile,Tottus,Referral,Medium,7.0,1,28.0,0,0,0.0047
S01902,Hardware,Colombia,Marketplace direct,Self sign-up,Small,2.0,4,25.0,0,0,0.0047
S14736,Toys,Peru,Falabella Retail,Event,Micro,4.0,3,25.0,0,0,0.0047
S06541,Home,Colombia,Sodimac,Self sign-up,Small,9.0,0,29.0,5,0,0.0047
S19147,Hardware,Peru,Sodimac,Sales rep,Medium,7.0,4,36.0,0,0,0.0047
S05785,Toys,Peru,Marketplace direct,Event,Micro,11.0,5,31.0,1,0,0.0047
S02825,Toys,Peru,Falabella Retail,Self sign-up,Small,10.0,5,32.0,2,0,0.0047
S03788,Fashion,Chile,Falabella Retail,Self sign-up,Micro,4.0,0,23.0,1,0,0.0047
S16492,Beauty,Chile,Falabella Retail,Self sign-up,Micro,6.0,4,30.0,2,0,0.0047
S14431,Sports,Peru,Marketplace direct,Referral,Micro,8.0,2,28.0,1,0,0.0047
S03951,Food,Chile,Falabella Retail,Self sign-up,Micro,9.0,2,24.0,0,0,0.0047
S09456,Home,Peru,Marketplace direct,Self sign-up,Small,3.0,1,24.0,1,0,0.0047
S02094,Hardware,Colombia,Falabella Retail,Self sign-up,Micro,27.0,2,30.0,2,0,0.0047
S15096,Toys,Peru,Sodimac,Self sign-up,Small,3.0,4,26.0,0,0,0.0047
S19511,Home,Chile,Tottus,Self sign-up,Micro,2.0,5,26.0,0,0,0.0047
S10759,Hardware,Colombia,Sodimac,Self sign-up,Small,6.0,0,25.0,2,0,0.0047
S06232,Hardware,Peru,Falabella Retail,Self sign-up,Small,4.0,2,27.0,2,0,0.0047
S14053,Hardware,Colombia,Marketplace direct,Self sign-up,Micro,7.0,1,24.0,2,0,0.0047
S17919,Fashion,Chile,Tottus,Self sign-up,Medium,8.0,0,28.0,1,0,0.0047
S07480,Fashion,Colombia,Marketplace direct,Self sign-up,Small,10.0,3,29.0,0,0,0.0047
S12849,Sports,Chile,Marketplace direct,Self sign-up,Micro,9.0,0,24.0,2,0,0.0046
S05901,Electronics,Chile,Marketplace direct,Sales rep,Micro,2.0,0,25.0,0,0,0.0046
S13558,Hardware,Chile,Marketplace direct,Self sign-up,Micro,0.0,5,23.0,1,0,0.0046
S05360,Sports,Peru,Marketplace direct,Self sign-up,Micro,5.0,1,23.0,2,0,0.0046
S16386,Home,Chile,Marketplace direct,Self sign-up,Small,3.0,3,29.0,3,0,0.0046
S08059,Hardware,Chile,Sodimac,Self sign-up,Micro,1.0,4,24.0,0,0,0.0046
S02644,Home,Peru,Marketplace direct,Self sign-up,Micro,6.0,4,28.0,1,0,0.0046
S13710,Home,Chile,Tottus,Self sign-up,Micro,6.0,0,23.0,1,0,0.0046
S19637,Hardware,Chile,Falabella Retail,Self sign-up,Micro,26.0,2,33.0,4,0,0.0046
S16761,Toys,Chile,Marketplace direct,Self sign-up,Small,15.0,3,30.0,1,0,0.0046
S12438,Beauty,Chile,Falabella Retail,Self sign-up,Micro,3.0,0,22.0,1,0,0.0046
S14286,Beauty,Peru,Sodimac,Sales rep,Micro,5.0,4,32.0,0,0,0.0046
S07000,Toys,Peru,Falabella Retail,Self sign-up,Medium,9.0,3,30.0,1,0,0.0046
S19767,Home,Chile,Falabella Retail,Self sign-up,Small,5.0,1,29.0,4,0,0.0046
S17470,Food,Chile,Falabella Retail,Self sign-up,Small,6.0,0,23.0,1,0,0.0046
S13124,Food,Chile,Sodimac,Self sign-up,Micro,3.0,2,23.0,2,0,0.0046
S04088,Electronics,Chile,Falabella Retail,Self sign-up,Micro,7.0,5,32.0,1,0,0.0046
S11784,Sports,Colombia,Tottus,Self sign-up,Small,11.0,3,29.0,2,0,0.0046
S11035,Food,Chile,Falabella Retail,Self sign-up,Small,12.0,5,31.0,0,0,0.0046
S08318,Home,Chile,Sodimac,Self sign-up,Small,12.0,0,29.0,2,0,0.0046
S10562,Hardware,Peru,Tottus,Event,Micro,2.0,2,23.0,0,0,0.0046
S04780,Home,Peru,Sodimac,Self sign-up,Small,9.0,2,31.0,3,0,0.0046
S12063,Hardware,Chile,Sodimac,Self sign-up,Small,3.0,0,23.0,0,0,0.0046
S16599,Sports,Colombia,Tottus,Event,Micro,9.0,0,26.0,4,0,0.0046
S15376,Food,Colombia,Tottus,Self sign-up,Micro,3.0,1,20.0,3,0,0.0046
S08173,Beauty,Chile,Tottus,Self sign-up,Micro,3.0,3,27.0,3,0,0.0046
S04860,Fashion,Peru,Tottus,Event,Small,1.0,1,24.0,1,0,0.0046
S02552,Sports,Peru,Marketplace direct,Referral,Medium,5.0,3,31.0,0,0,0.0046
S01816,Toys,Chile,Falabella Retail,Self sign-up,Micro,4.0,4,26.0,1,0,0.0046
S04805,Toys,Colombia,Tottus,Self sign-up,Micro,9.0,4,27.0,2,0,0.0046
S11762,Electronics,Chile,Sodimac,Event,Medium,14.0,1,34.0,0,0,0.0046
S09465,Home,Chile,Marketplace direct,Event,Micro,3.0,4,33.0,1,1,0.0046
S10410,Fashion,Peru,Marketplace direct,Self sign-up,Small,1.0,3,25.0,1,0,0.0046
S06303,Home,Peru,Sodimac,Self sign-up,Micro,11.0,0,27.0,3,0,0.0046
S10225,Toys,Peru,Falabella Retail,Self sign-up,Micro,11.0,3,27.0,1,0,0.0045
S01299,Fashion,Chile,Marketplace direct,Self sign-up,Micro,2.0,0,21.0,1,0,0.0045
S06808,Fashion,Chile,Marketplace direct,Self sign-up,Small,6.0,1,28.0,2,0,0.0045
S07223,Electronics,Peru,Falabella Retail,Self sign-up,Micro,5.0,3,27.0,0,0,0.0045
S07139,Electronics,Peru,Falabella Retail,Sales rep,Medium,5.0,1,34.0,2,0,0.0045
S02840,Toys,Chile,Marketplace direct,Self sign-up,Micro,1.0,2,19.0,0,0,0.0045
S18738,Home,Chile,Tottus,Self sign-up,Small,9.0,2,29.0,1,0,0.0045
S16905,Home,Chile,Falabella Retail,Self sign-up,Small,1.0,4,27.0,1,0,0.0045
S02397,Home,Colombia,Tottus,Self sign-up,Micro,21.0,1,31.0,6,0,0.0045
S06435,Fashion,Chile,Tottus,Self sign-up,Small,4.0,1,25.0,0,0,0.0045
S05605,Beauty,Chile,Falabella Retail,Self sign-up,Micro,7.0,1,25.0,0,0,0.0045
S02708,Home,Chile,Tottus,Self sign-up,Micro,5.0,4,28.0,1,0,0.0045
S18004,Hardware,Peru,Marketplace direct,Self sign-up,Small,13.0,2,31.0,3,0,0.0045
S01193,Food,Chile,Falabella Retail,Event,Small,12.0,0,28.0,2,0,0.0045
S08259,Beauty,Chile,Sodimac,Self sign-up,Small,7.0,0,26.0,0,0,0.0045
S00307,Sports,Chile,Falabella Retail,Self sign-up,Micro,2.0,3,23.0,0,0,0.0045
S04889,Food,Chile,Falabella Retail,Self sign-up,Small,5.0,4,28.0,1,0,0.0045
S11233,Hardware,Colombia,Falabella Retail,Self sign-up,Micro,5.0,0,24.0,4,0,0.0045
S12044,Electronics,Colombia,Falabella Retail,Self sign-up,Small,15.0,2,31.0,1,0,0.0045
S16037,Home,Colombia,Marketplace direct,Self sign-up,Small,11.0,4,32.0,2,0,0.0045
S13738,Food,Colombia,Marketplace direct,Sales rep,Medium,14.0,0,34.0,6,0,0.0045
S08874,Electronics,Chile,Marketplace direct,Event,Small,13.0,0,30.0,0,0,0.0045
S07431,Sports,Peru,Falabella Retail,Sales rep,Micro,23.0,0,33.0,4,0,0.0045
S16323,Beauty,Colombia,Falabella Retail,Event,Small,4.0,1,26.0,0,0,0.0045
S07128,Hardware,Colombia,Tottus,Self sign-up,Micro,3.0,2,23.0,2,0,0.0045
S08882,Sports,Chile,Tottus,Self sign-up,Small,8.0,3,28.0,0,0,0.0045
S00346,Food,Peru,Tottus,Self sign-up,Small,11.0,1,25.0,1,0,0.0045
S12583,Toys,Colombia,Sodimac,Self sign-up,Micro,16.0,0,23.0,0,0,0.0045
S13645,Hardware,Colombia,Marketplace direct,Referral,Micro,4.0,2,28.0,3,0,0.0045
S16638,Electronics,Colombia,Falabella Retail,Self sign-up,Micro,9.0,4,31.0,2,0,0.0045
S19570,Food,Peru,Sodimac,Self sign-up,Micro,5.0,4,25.0,0,0,0.0044
S06914,Toys,Colombia,Marketplace direct,Event,Small,4.0,1,25.0,2,0,0.0044
S19259,Home,Colombia,Falabella Retail,Self sign-up,Small,7.0,3,29.0,1,0,0.0044
S06266,Electronics,Colombia,Falabella Retail,Event,Small,4.0,4,31.0,0,0,0.0044
S14131,Food,Peru,Falabella Retail,Self sign-up,Micro,4.0,2,23.0,2,0,0.0044
S02989,Sports,Chile,Tottus,Self sign-up,Small,14.0,0,29.0,4,0,0.0044
S11365,Food,Colombia,Sodimac,Event,Small,10.0,1,27.0,1,0,0.0044
S13792,Home,Colombia,Marketplace direct,Self sign-up,Medium,9.0,0,27.0,1,0,0.0044
S06967,Home,Chile,Falabella Retail,Referral,Micro,3.0,5,32.0,1,0,0.0044
S09697,Fashion,Colombia,Marketplace direct,Event,Small,6.0,0,29.0,4,0,0.0044
S07456,Toys,Chile,Falabella Retail,Event,Small,12.0,0,28.0,1,0,0.0044
S06974,Beauty,Chile,Tottus,Self sign-up,Small,9.0,4,32.0,1,0,0.0044
S12996,Hardware,Chile,Marketplace direct,Event,Medium,8.0,1,31.0,1,0,0.0044
S18483,Sports,Chile,Sodimac,Sales rep,Micro,6.0,1,28.0,0,0,0.0044
S15128,Home,Chile,Falabella Retail,Self sign-up,Micro,20.0,0,31.0,5,0,0.0044
S04532,Sports,Chile,Tottus,Event,Micro,7.0,1,25.0,0,0,0.0044
S09184,Toys,Peru,Falabella Retail,Self sign-up,Small,4.0,1,26.0,4,0,0.0044
S12451,Hardware,Peru,Falabella Retail,Self sign-up,Micro,1.0,3,22.0,0,0,0.0044
S13539,Hardware,Chile,Falabella Retail,Event,Micro,4.0,1,25.0,0,0,0.0044
S07241,Home,Chile,Sodimac,Self sign-up,Micro,23.0,0,31.0,4,0,0.0044
S07121,Electronics,Peru,Falabella Retail,Self sign-up,Small,10.0,0,28.0,1,0,0.0044
S13511,Fashion,Chile,Tottus,Self sign-up,Small,5.0,5,32.0,1,0,0.0044
S04959,Toys,Chile,Marketplace direct,Referral,Micro,15.0,2,31.0,2,0,0.0044
S00062,Beauty,Chile,Tottus,Self sign-up,Micro,15.0,5,33.0,1,0,0.0044
S09673,Beauty,Colombia,Marketplace direct,Sales rep,Small,17.0,1,34.0,2,0,0.0044
S11447,Home,Chile,Marketplace direct,Self sign-up,Micro,4.0,1,23.0,0,0,0.0044
S12820,Home,Peru,Falabella Retail,Self sign-up,Micro,9.0,1,26.0,1,0,0.0044
S03459,Hardware,Colombia,Falabella Retail,Referral,Small,7.0,1,30.0,2,0,0.0044
S11498,Beauty,Chile,Falabella Retail,Sales rep,Micro,4.0,1,28.0,0,0,0.0043
S04953,Food,Colombia,Sodimac,Sales rep,Small,8.0,1,28.0,0,0,0.0043
S09523,Beauty,Chile,Marketplace direct,Self sign-up,Micro,10.0,2,28.0,1,0,0.0043
S04481,Sports,Chile,Sodimac,Self sign-up,Micro,7.0,1,25.0,1,0,0.0043
S10636,Food,Chile,Falabella Retail,Referral,Small,8.0,0,29.0,3,0,0.0043
S11841,Hardware,Chile,Sodimac,Self sign-up,Micro,33.0,1,34.0,5,0,0.0043
S07801,Hardware,Peru,Marketplace direct,Self sign-up,Micro,5.0,5,28.0,0,0,0.0043
S00968,Beauty,Chile,Marketplace direct,Sales rep,Micro,2.0,2,28.0,1,0,0.0043
S00328,Sports,Colombia,Falabella Retail,Self sign-up,Small,18.0,3,35.0,1,1,0.0043
S09539,Electronics,Chile,Falabella Retail,Referral,Micro,7.0,0,28.0,0,0,0.0043
S19421,Hardware,Chile,Falabella Retail,Self sign-up,Micro,5.0,1,27.0,4,0,0.0043
S05491,Sports,Peru,Marketplace direct,Referral,Small,12.0,0,29.0,1,0,0.0043
S05426,Food,Peru,Falabella Retail,Self sign-up,Micro,10.0,2,25.0,1,0,0.0043
S05294,Toys,Colombia,Falabella Retail,Self sign-up,Small,6.0,1,24.0,1,0,0.0043
S19313,Sports,Chile,Sodimac,Self sign-up,Micro,8.0,5,30.0,0,0,0.0043
S15719,Sports,Chile,Marketplace direct,Self sign-up,Small,4.0,5,30.0,1,0,0.0043
S04249,Hardware,Chile,Falabella Retail,Sales rep,Small,14.0,1,34.0,1,0,0.0043
S01855,Food,Colombia,Sodimac,Sales rep,Micro,12.0,4,33.0,2,0,0.0043
S08552,Hardware,Colombia,Falabella Retail,Self sign-up,Small,11.0,2,28.0,0,0,0.0043
S19024,Hardware,Peru,Sodimac,Self sign-up,Micro,10.0,1,28.0,3,0,0.0043
S07927,Fashion,Chile,Marketplace direct,Event,Micro,5.0,1,27.0,1,0,0.0043
S11372,Electronics,Peru,Tottus,Self sign-up,Micro,11.0,0,29.0,5,0,0.0043
S12899,Fashion,Chile,Tottus,Sales rep,Micro,8.0,3,34.0,2,0,0.0043
S18355,Electronics,Peru,Falabella Retail,Referral,Small,4.0,1,30.0,1,0,0.0043
S12948,Home,Colombia,Falabella Retail,Sales rep,Medium,2.0,3,32.0,1,0,0.0043
S13639,Electronics,Chile,Falabella Retail,Event,Micro,8.0,5,34.0,0,0,0.0043
S19610,Electronics,Colombia,Marketplace direct,Self sign-up,Micro,15.0,0,27.0,2,0,0.0043
S10881,Hardware,Colombia,Marketplace direct,Self sign-up,Micro,12.0,0,24.0,1,0,0.0043
S11145,Sports,Chile,Falabella Retail,Event,Micro,8.0,3,29.0,0,0,0.0043
S12091,Home,Colombia,Sodimac,Self sign-up,Micro,11.0,3,29.0,1,0,0.0042
S03084,Toys,Chile,Sodimac,Self sign-up,Micro,12.0,4,30.0,1,0,0.0042
S08831,Beauty,Colombia,Sodimac,Sales rep,Small,8.0,2,34.0,2,0,0.0042
S18767,Hardware,Colombia,Marketplace direct,Self sign-up,Small,4.0,3,26.0,0,0,0.0042
S07664,Electronics,Chile,Marketplace direct,Self sign-up,Micro,7.0,2,28.0,1,0,0.0042
S04159,Home,Colombia,Falabella Retail,Event,Micro,5.0,5,31.0,1,0,0.0042
S07963,Toys,Chile,Tottus,Self sign-up,Small,4.0,3,28.0,3,0,0.0042
S12198,Beauty,Chile,Tottus,Event,Micro,2.0,0,22.0,0,0,0.0042
S11390,Home,Peru,Falabella Retail,Referral,Micro,5.0,5,33.0,1,0,0.0042
S01873,Food,Colombia,Tottus,Event,Micro,7.0,4,28.0,2,0,0.0042
S06317,Sports,Chile,Tottus,Event,Micro,4.0,2,25.0,0,0,0.0042
S03302,Home,Chile,Sodimac,Self sign-up,Micro,10.0,3,31.0,2,0,0.0042
S19452,Toys,Colombia,Falabella Retail,Self sign-up,Micro,22.0,4,31.0,2,0,0.0042
S02430,Hardware,Chile,Falabella Retail,Referral,Micro,1.0,0,22.0,0,0,0.0042
S19631,Food,Peru,Sodimac,Self sign-up,Micro,6.0,5,28.0,1,0,0.0042
S17150,Hardware,Colombia,Tottus,Self sign-up,Small,7.0,3,29.0,2,0,0.0042
S11293,Beauty,Chile,Sodimac,Sales rep,Small,8.0,3,36.0,1,0,0.0042
S11383,Beauty,Peru,Falabella Retail,Self sign-up,Small,9.0,0,27.0,1,0,0.0042
S08068,Electronics,Peru,Falabella Retail,Self sign-up,Small,11.0,0,31.0,4,0,0.0042
S06959,Hardware,Colombia,Marketplace direct,Self sign-up,Micro,3.0,2,22.0,0,0,0.0042
S02841,Fashion,Colombia,Marketplace direct,Self sign-up,Micro,19.0,4,31.0,0,0,0.0042
S08389,Beauty,Chile,Sodimac,Event,Micro,9.0,0,28.0,1,0,0.0042
S05123,Beauty,Colombia,Falabella Retail,Referral,Small,11.0,0,30.0,1,0,0.0042
S09569,Sports,Peru,Marketplace direct,Self sign-up,Micro,6.0,3,26.0,1,0,0.0042
S13661,Beauty,Chile,Sodimac,Self sign-up,Micro,5.0,2,27.0,1,0,0.0042
S19694,Toys,Peru,Falabella Retail,Referral,Micro,6.0,0,24.0,0,0,0.0042
S18807,Electronics,Colombia,Falabella Retail,Self sign-up,Micro,3.0,5,28.0,0,0,0.0042
S08518,Beauty,Colombia,Tottus,Self sign-up,Micro,7.0,3,26.0,0,0,0.0042
S09922,Beauty,Peru,Sodimac,Referral,Small,3.0,1,28.0,0,0,0.0042
S11051,Fashion,Peru,Marketplace direct,Self sign-up,Micro,6.0,0,27.0,5,0,0.0042
S03076,Home,Colombia,Falabella Retail,Sales rep,Micro,4.0,2,28.0,0,0,0.0042
S04564,Home,Peru,Tottus,Self sign-up,Micro,5.0,1,23.0,0,0,0.0042
S16722,Fashion,Peru,Sodimac,Event,Small,2.0,1,27.0,1,0,0.0042
S11232,Electronics,Peru,Marketplace direct,Self sign-up,Micro,5.0,0,23.0,0,0,0.0042
S03264,Home,Chile,Tottus,Self sign-up,Small,10.0,2,29.0,0,0,0.0042
S12444,Fashion,Chile,Sodimac,Referral,Small,7.0,3,34.0,0,0,0.0042
S18674,Food,Colombia,Marketplace direct,Self sign-up,Medium,6.0,4,28.0,0,0,0.0041
S18452,Sports,Chile,Marketplace direct,Self sign-up,Micro,6.0,1,24.0,1,0,0.0041
S08729,Fashion,Peru,Marketplace direct,Self sign-up,Micro,9.0,3,29.0,1,0,0.0041
S14876,Food,Chile,Sodimac,Event,Small,17.0,2,31.0,0,0,0.0041
S05803,Beauty,Colombia,Marketplace direct,Referral,Micro,2.0,4,30.0,0,1,0.0041
S18338,Hardware,Colombia,Marketplace direct,Sales rep,Micro,14.0,0,29.0,1,0,0.0041
S18744,Fashion,Colombia,Falabella Retail,Sales rep,Micro,5.0,5,34.0,1,0,0.0041
S15492,Hardware,Peru,Falabella Retail,Self sign-up,Micro,17.0,4,36.0,6,0,0.0041
S12361,Beauty,Colombia,Marketplace direct,Self sign-up,Micro,6.0,1,24.0,1,0,0.0041
S04245,Home,Peru,Falabella Retail,Referral,Micro,9.0,2,30.0,0,0,0.0041
S18161,Toys,Colombia,Falabella Retail,Self sign-up,Small,14.0,5,33.0,2,0,0.0041
S13416,Hardware,Colombia,Falabella Retail,Referral,Small,3.0,0,25.0,0,0,0.0041
S10839,Toys,Colombia,Sodimac,Sales rep,Micro,6.0,2,30.0,0,1,0.0041
S10390,Sports,Chile,Falabella Retail,Referral,Small,9.0,2,33.0,2,0,0.0041
S11476,Electronics,Chile,Falabella Retail,Self sign-up,Small,10.0,0,29.0,1,0,0.0041
S17073,Home,Chile,Sodimac,Referral,Medium,2.0,3,32.0,0,0,0.0041
S05811,Electronics,Chile,Sodimac,Referral,Micro,10.0,0,33.0,4,0,0.0041
S10664,Home,Chile,Marketplace direct,Self sign-up,Micro,6.0,3,28.0,1,0,0.0041
S04435,Beauty,Colombia,Marketplace direct,Self sign-up,Micro,3.0,0,20.0,0,0,0.0041
S18154,Fashion,Colombia,Marketplace direct,Event,Small,11.0,4,35.0,2,0,0.0041
S19648,Fashion,Peru,Sodimac,Self sign-up,Small,8.0,2,31.0,2,0,0.0041
S12056,Fashion,Chile,Falabella Retail,Self sign-up,Micro,4.0,0,23.0,0,0,0.0041
S13328,Electronics,Colombia,Sodimac,Self sign-up,Micro,6.0,1,25.0,0,0,0.0041
S14979,Beauty,Peru,Marketplace direct,Self sign-up,Micro,1.0,2,22.0,1,0,0.0041
S15879,Toys,Peru,Sodimac,Sales rep,Small,10.0,0,30.0,1,0,0.0041
S08410,Sports,Peru,Falabella Retail,Sales rep,Micro,8.0,3,31.0,0,0,0.0041
S07561,Home,Chile,Marketplace direct,Self sign-up,Small,2.0,2,25.0,0,0,0.0041
S01712,Food,Peru,Tottus,Self sign-up,Micro,1.0,0,17.0,2,0,0.0041
S04584,Sports,Peru,Falabella Retail,Sales rep,Micro,4.0,0,25.0,0,0,0.0041
S19779,Home,Peru,Marketplace direct,Event,Micro,5.0,1,27.0,2,0,0.0041
S03683,Fashion,Chile,Marketplace direct,Self sign-up,Micro,5.0,4,31.0,3,0,0.0041
S10936,Toys,Chile,Sodimac,Sales rep,Medium,2.0,0,28.0,1,0,0.0041
S17633,Hardware,Colombia,Falabella Retail,Self sign-up,Small,9.0,1,28.0,2,0,0.0041
S07290,Fashion,Chile,Marketplace direct,Self sign-up,Medium,16.0,1,35.0,4,0,0.0041
S10099,Home,Peru,Tottus,Referral,Small,11.0,5,36.0,0,0,0.0041
S05402,Fashion,Chile,Sodimac,Self sign-up,Micro,1.0,2,23.0,0,0,0.0041
S05870,Sports,Colombia,Falabella Retail,Sales rep,Micro,7.0,4,32.0,1,0,0.0041
S07540,Food,Colombia,Falabella Retail,Event,Micro,3.0,4,25.0,0,0,0.004
S11196,Electronics,Peru,Falabella Retail,Self sign-up,Small,4.0,4,32.0,2,0,0.004
S14537,Food,Colombia,Sodimac,Referral,Small,2.0,0,23.0,1,0,0.004
S06426,Electronics,Peru,Marketplace direct,Self sign-up,Micro,11.0,2,29.0,1,0,0.004
S02793,Food,Chile,Falabella Retail,Self sign-up,Small,15.0,0,29.0,4,0,0.004
S07952,Hardware,Colombia,Falabella Retail,Self sign-up,Micro,2.0,1,22.0,2,0,0.004
S10587,Food,Chile,Falabella Retail,Sales rep,Micro,6.0,3,31.0,2,0,0.004
S04225,Hardware,Peru,Tottus,Self sign-up,Micro,9.0,3,28.0,1,0,0.004
S02328,Beauty,Peru,Tottus,Referral,Small,6.0,1,29.0,0,0,0.004
S06166,Beauty,Colombia,Marketplace direct,Sales rep,Micro,4.0,1,29.0,3,0,0.004
S07842,Electronics,Peru,Sodimac,Event,Micro,2.0,1,25.0,0,0,0.004
S03523,Fashion,Peru,Marketplace direct,Self sign-up,Small,4.0,3,28.0,0,0,0.004
S11685,Hardware,Peru,Sodimac,Self sign-up,Micro,21.0,0,31.0,5,0,0.004
S14118,Sports,Chile,Sodimac,Sales rep,Micro,3.0,2,28.0,0,0,0.004
S15968,Electronics,Chile,Falabella Retail,Self sign-up,Small,6.0,4,33.0,1,0,0.004
S02242,Fashion,Chile,Tottus,Self sign-up,Micro,5.0,0,23.0,0,0,0.004
S18575,Beauty,Colombia,Marketplace direct,Referral,Small,4.0,1,29.0,2,0,0.004
S00455,Home,Peru,Falabella Retail,Self sign-up,Micro,4.0,0,22.0,0,0,0.004
S13498,Electronics,Peru,Marketplace direct,Self sign-up,Micro,12.0,5,35.0,3,0,0.004
S14213,Home,Chile,Falabella Retail,Self sign-up,Medium,6.0,5,35.0,1,0,0.004
S14192,Toys,Chile,Sodimac,Self sign-up,Micro,9.0,5,30.0,0,0,0.004
S05960,Electronics,Chile,Falabella Retail,Self sign-up,Small,6.0,1,29.0,1,0,0.004
S02447,Fashion,Colombia,Marketplace direct,Self sign-up,Micro,3.0,2,24.0,1,0,0.004
S13768,Home,Chile,Falabella Retail,Sales rep,Micro,5.0,4,33.0,0,0,0.004
S12266,Fashion,Peru,Marketplace direct,Self sign-up,Small,2.0,2,25.0,0,0,0.004
S00549,Fashion,Colombia,Tottus,Self sign-up,Micro,2.0,5,26.0,0,0,0.004
S07240,Beauty,Peru,Tottus,Self sign-up,Small,3.0,3,30.0,4,0,0.004
S06702,Food,Colombia,Marketplace direct,Self sign-up,Micro,13.0,3,28.0,3,0,0.004
S19119,Home,Chile,Marketplace direct,Self sign-up,Small,4.0,0,25.0,1,0,0.004
S18634,Hardware,Peru,Marketplace direct,Referral,Micro,13.0,4,34.0,1,0,0.004
S09176,Fashion,Chile,Tottus,Referral,Micro,3.0,2,30.0,3,0,0.004
S12875,Fashion,Chile,Falabella Retail,Self sign-up,Small,4.0,3,30.0,1,0,0.004
S12286,Beauty,Chile,Falabella Retail,Event,Micro,23.0,0,35.0,6,0,0.004
S08507,Home,Chile,Tottus,Self sign-up,Medium,5.0,5,33.0,0,0,0.004
S04332,Electronics,Colombia,Marketplace direct,Self sign-up,Small,6.0,0,25.0,0,0,0.0039
S05134,Hardware,Colombia,Tottus,Self sign-up,Micro,6.0,5,28.0,0,0,0.0039
S17708,Hardware,Colombia,Marketplace direct,Event,Micro,3.0,4,27.0,0,0,0.0039
S08026,Fashion,Chile,Sodimac,Referral,Micro,16.0,1,33.0,1,0,0.0039
S05290,Home,Peru,Sodimac,Self sign-up,Small,11.0,0,29.0,2,0,0.0039
S11451,Food,Peru,Marketplace direct,Event,Micro,6.0,0,22.0,0,0,0.0039
S04704,Electronics,Colombia,Marketplace direct,Referral,Micro,6.0,1,30.0,3,0,0.0039
S05588,Fashion,Peru,Tottus,Self sign-up,Micro,8.0,1,26.0,1,0,0.0039
S16471,Toys,Chile,Tottus,Sales rep,Micro,2.0,2,31.0,7,0,0.0039
S06895,Electronics,Peru,Marketplace direct,Self sign-up,Micro,2.0,0,21.0,0,0,0.0039
S14428,Fashion,Peru,Tottus,Referral,Medium,7.0,2,33.0,0,0,0.0039
S05731,Hardware,Colombia,Tottus,Event,Micro,6.0,5,30.0,0,0,0.0039
S04133,Beauty,Chile,Marketplace direct,Self sign-up,Small,3.0,1,25.0,0,0,0.0039
S04040,Fashion,Chile,Falabella Retail,Referral,Micro,2.0,2,29.0,2,0,0.0039
S14790,Toys,Chile,Sodimac,Self sign-up,Micro,3.0,2,23.0,0,0,0.0039
S15196,Food,Chile,Falabella Retail,Event,Micro,2.0,5,27.0,0,0,0.0039
S03825,Beauty,Peru,Falabella Retail,Self sign-up,Micro,9.0,4,30.0,0,0,0.0039
S16598,Hardware,Chile,Marketplace direct,Referral,Micro,2.0,3,29.0,2,0,0.0039
S18746,Fashion,Chile,Marketplace direct,Self sign-up,Medium,14.0,0,31.0,1,0,0.0039
S10473,Hardware,Chile,Marketplace direct,Event,Micro,10.0,3,33.0,3,0,0.0039
S04688,Hardware,Colombia,Falabella Retail,Referral,Small,1.0,0,23.0,0,0,0.0039
S11477,Hardware,Peru,Tottus,Self sign-up,Small,4.0,0,23.0,0,0,0.0039
S05479,Food,Peru,Falabella Retail,Referral,Small,7.0,3,31.0,1,0,0.0039
S05614,Sports,Colombia,Tottus,Self sign-up,Micro,5.0,0,20.0,0,0,0.0039
S12322,Electronics,Peru,Tottus,Self sign-up,Medium,6.0,0,29.0,2,0,0.0039
S12289,Home,Colombia,Sodimac,Sales rep,Small,3.0,2,30.0,0,0,0.0039
S09146,Home,Chile,Tottus,Self sign-up,Micro,7.0,2,28.0,2,0,0.0039
S01889,Fashion,Colombia,Tottus,Referral,Micro,9.0,1,28.0,0,0,0.0039
S14927,Hardware,Colombia,Marketplace direct,Self sign-up,Small,9.0,1,27.0,1,0,0.0039
S02277,Home,Colombia,Falabella Retail,Self sign-up,Micro,8.0,1,28.0,4,0,0.0039
S08296,Sports,Chile,Falabella Retail,Self sign-up,Small,6.0,3,32.0,4,0,0.0039
S01677,Fashion,Chile,Sodimac,Self sign-up,Small,5.0,5,33.0,0,0,0.0039
S18707,Home,Chile,Marketplace direct,Self sign-up,Micro,5.0,0,23.0,0,0,0.0039
S00027,Electronics,Chile,Falabella Retail,Self sign-up,Small,10.0,1,34.0,5,0,0.0038
S00772,Beauty,Colombia,Falabella Retail,Event,Small,20.0,0,32.0,2,0,0.0038
S03557,Food,Chile,Marketplace direct,Self sign-up,Micro,14.0,0,25.0,2,0,0.0038
S15039,Hardware,Peru,Tottus,Self sign-up,Small,5.0,3,31.0,4,0,0.0038
S09154,Fashion,Peru,Falabella Retail,Referral,Small,6.0,0,29.0,0,0,0.0038
S18475,Home,Chile,Sodimac,Self sign-up,Micro,5.0,1,26.0,1,0,0.0038
S08897,Home,Chile,Tottus,Self sign-up,Micro,6.0,5,30.0,0,0,0.0038
S15579,Fashion,Colombia,Tottus,Event,Micro,10.0,1,28.0,1,0,0.0038
S08288,Fashion,Peru,Marketplace direct,Self sign-up,Small,11.0,0,32.0,2,1,0.0038
S16036,Home,Chile,Falabella Retail,Referral,Small,8.0,0,30.0,0,0,0.0038
S00550,Fashion,Chile,Tottus,Sales rep,Micro,9.0,3,35.0,2,0,0.0038
S01847,Sports,Chile,Marketplace direct,Self sign-up,Micro,8.0,3,28.0,1,0,0.0038
S13587,Toys,Peru,Falabella Retail,Referral,Micro,5.0,0,24.0,0,0,0.0038
S09057,Food,Chile,Sodimac,Referral,Micro,14.0,1,32.0,4,0,0.0038
S17310,Sports,Chile,Tottus,Self sign-up,Micro,3.0,4,28.0,3,0,0.0038
S10723,Home,Peru,Marketplace direct,Self sign-up,Micro,9.0,3,29.0,1,0,0.0038
S01130,Food,Colombia,Sodimac,Event,Medium,12.0,0,28.0,0,0,0.0038
S13866,Sports,Chile,Marketplace direct,Event,Small,14.0,1,31.0,1,0,0.0038
S18265,Toys,Chile,Marketplace direct,Self sign-up,Small,5.0,0,23.0,0,0,0.0038
S15861,Hardware,Chile,Falabella Retail,Sales rep,Small,9.0,0,32.0,1,0,0.0038
S17882,Beauty,Peru,Marketplace direct,Self sign-up,Small,12.0,0,28.0,1,0,0.0038
S18140,Sports,Chile,Marketplace direct,Event,Micro,6.0,2,27.0,0,0,0.0038
S05477,Fashion,Chile,Sodimac,Self sign-up,Small,7.0,3,33.0,2,0,0.0038
S07198,Sports,Colombia,Sodimac,Sales rep,Micro,7.0,0,29.0,3,0,0.0038
S05329,Fashion,Peru,Marketplace direct,Self sign-up,Small,4.0,2,27.0,0,0,0.0038
S03199,Food,Chile,Marketplace direct,Event,Small,5.0,2,27.0,0,0,0.0038
S06451,Home,Colombia,Sodimac,Self sign-up,Micro,7.0,5,31.0,1,0,0.0038
S10602,Hardware,Colombia,Marketplace direct,Self sign-up,Small,10.0,5,32.0,0,0,0.0038
S00651,Hardware,Chile,Falabella Retail,Referral,Small,9.0,1,33.0,2,0,0.0038
S09104,Toys,Colombia,Sodimac,Referral,Micro,10.0,1,27.0,0,0,0.0038
S11743,Home,Peru,Falabella Retail,Self sign-up,Micro,6.0,5,31.0,1,0,0.0038
S07895,Sports,Peru,Falabella Retail,Event,Micro,6.0,0,25.0,1,0,0.0038
S01379,Fashion,Colombia,Sodimac,Sales rep,Micro,2.0,1,28.0,2,0,0.0038
S11180,Home,Peru,Sodimac,Self sign-up,Medium,21.0,1,36.0,4,0,0.0038
S17949,Hardware,Colombia,Sodimac,Referral,Micro,10.0,2,30.0,0,0,0.0038
S01556,Food,Chile,Marketplace direct,Self sign-up,Small,13.0,2,32.0,5,0,0.0038
S14066,Food,Chile,Sodimac,Self sign-up,Micro,3.0,2,25.0,3,0,0.0038
S06638,Hardware,Peru,Tottus,Self sign-up,Micro,7.0,4,29.0,1,0,0.0038
S09020,Home,Peru,Sodimac,Self sign-up,Small,4.0,3,32.0,4,0,0.0038
S18661,Electronics,Peru,Tottus,Self sign-up,Micro,7.0,2,27.0,0,0,0.0038
S05618,Beauty,Peru,Tottus,Self sign-up,Small,7.0,0,27.0,2,0,0.0038
S10010,Toys,Peru,Marketplace direct,Self sign-up,Micro,9.0,0,27.0,2,1,0.0038
S09255,Home,Peru,Falabella Retail,Sales rep,Micro,7.0,2,31.0,0,0,0.0038
S18156,Toys,Peru,Sodimac,Sales rep,Micro,8.0,1,30.0,2,0,0.0038
S13421,Hardware,Chile,Tottus,Self sign-up,Micro,11.0,5,34.0,3,0,0.0037
S02493,Food,Peru,Sodimac,Self sign-up,Micro,4.0,1,23.0,2,0,0.0037
S16015,Home,Peru,Sodimac,Self sign-up,Micro,12.0,3,30.0,0,0,0.0037
S11897,Home,Chile,Sodimac,Self sign-up,Micro,5.0,0,24.0,0,0,0.0037
S17545,Electronics,Colombia,Sodimac,Self sign-up,Micro,8.0,1,28.0,2,0,0.0037
S01697,Hardware,Chile,Marketplace direct,Self sign-up,Micro,9.0,2,28.0,1,0,0.0037
S08648,Fashion,Chile,Falabella Retail,Self sign-up,Medium,8.0,1,33.0,3,0,0.0037
S14307,Food,Chile,Marketplace direct,Self sign-up,Micro,14.0,0,26.0,3,0,0.0037
S04602,Food,Peru,Tottus,Self sign-up,Micro,12.0,0,23.0,1,0,0.0037
S00007,Toys,Peru,Sodimac,Referral,Small,6.0,0,27.0,0,0,0.0037
S05531,Hardware,Chile,Sodimac,Self sign-up,Micro,4.0,0,23.0,0,0,0.0037
S17744,Fashion,Peru,Tottus,Sales rep,Small,8.0,2,34.0,1,0,0.0037
S15226,Home,Chile,Falabella Retail,Self sign-up,Micro,5.0,2,28.0,2,0,0.0037
S08398,Food,Peru,Falabella Retail,Self sign-up,Micro,10.0,0,24.0,2,0,0.0037
S05083,Electronics,Colombia,Falabella Retail,Self sign-up,Micro,5.0,3,29.0,2,0,0.0037
S13537,Hardware,Chile,Marketplace direct,Self sign-up,Micro,11.0,3,30.0,1,0,0.0037
S10489,Sports,Chile,Marketplace direct,Self sign-up,Small,8.0,2,28.0,0,0,0.0037
S04438,Home,Peru,Marketplace direct,Self sign-up,Small,4.0,3,28.0,0,0,0.0037
S14823,Hardware,Peru,Falabella Retail,Self sign-up,Small,2.0,2,25.0,0,0,0.0037
S05681,Fashion,Chile,Tottus,Sales rep,Micro,9.0,0,32.0,3,0,0.0037
S05792,Electronics,Chile,Marketplace direct,Self sign-up,Micro,2.0,0,22.0,0,0,0.0037
S19422,Food,Colombia,Falabella Retail,Event,Medium,10.0,0,33.0,7,0,0.0037
S08453,Food,Chile,Sodimac,Self sign-up,Small,2.0,0,21.0,0,0,0.0037
S13624,Electronics,Chile,Falabella Retail,Event,Medium,2.0,3,33.0,1,0,0.0037
S17316,Toys,Peru,Falabella Retail,Self sign-up,Small,3.0,2,26.0,2,0,0.0037
S12836,Food,Chile,Falabella Retail,Referral,Small,5.0,3,31.0,1,0,0.0037
S14376,Home,Peru,Sodimac,Self sign-up,Medium,3.0,4,32.0,1,0,0.0037
S17589,Electronics,Chile,Falabella Retail,Self sign-up,Micro,8.0,1,30.0,3,0,0.0037
S00635,Electronics,Peru,Tottus,Self sign-up,Micro,16.0,4,34.0,2,0,0.0037
S01245,Home,Colombia,Marketplace direct,Self sign-up,Small,6.0,0,26.0,2,0,0.0037
S18657,Electronics,Chile,Falabella Retail,Self sign-up,Small,2.0,2,28.0,1,0,0.0037
S07297,Electronics,Chile,Sodimac,Self sign-up,Small,5.0,0,28.0,1,0,0.0037
S03475,Fashion,Chile,Sodimac,Self sign-up,Micro,10.0,1,28.0,0,0,0.0037
S17548,Beauty,Chile,Marketplace direct,Self sign-up,Micro,14.0,0,29.0,3,0,0.0037
S09257,Hardware,Colombia,Marketplace direct,Event,Small,12.0,1,31.0,2,0,0.0037
S01376,Sports,Colombia,Falabella Retail,Referral,Small,12.0,1,31.0,1,0,0.0037
S02701,Beauty,Chile,Sodimac,Self sign-up,Micro,11.0,4,32.0,0,0,0.0037
S18346,Sports,Chile,Sodimac,Event,Micro,3.0,2,27.0,1,0,0.0036
S12280,Electronics,Chile,Marketplace direct,Referral,Micro,9.0,5,36.0,0,0,0.0036
S02185,Home,Chile,Falabella Retail,Self sign-up,Micro,6.0,2,27.0,0,0,0.0036
S05340,Home,Colombia,Marketplace direct,Referral,Small,3.0,2,30.0,2,0,0.0036
S17426,Fashion,Chile,Marketplace direct,Referral,Small,5.0,3,33.0,0,0,0.0036
S13559,Toys,Colombia,Falabella Retail,Self sign-up,Small,6.0,1,25.0,1,0,0.0036
S05270,Food,Colombia,Falabella Retail,Self sign-up,Micro,6.0,0,21.0,1,0,0.0036
S15997,Fashion,Chile,Marketplace direct,Self sign-up,Micro,5.0,1,26.0,1,0,0.0036
S08848,Hardware,Colombia,Sodimac,Self sign-up,Small,7.0,5,32.0,0,0,0.0036
S19603,Beauty,Chile,Falabella Retail,Self sign-up,Micro,1.0,5,27.0,0,0,0.0036
S13315,Home,Chile,Tottus,Referral,Small,4.0,4,33.0,0,0,0.0036
S19017,Home,Chile,Sodimac,Referral,Micro,7.0,2,31.0,0,0,0.0036
S16919,Electronics,Colombia,Falabella Retail,Referral,Micro,13.0,2,33.0,1,0,0.0036
S08919,Toys,Peru,Tottus,Self sign-up,Micro,14.0,3,30.0,3,0,0.0036
S16823,Hardware,Chile,Marketplace direct,Self sign-up,Micro,2.0,4,26.0,0,0,0.0036
S17689,Home,Colombia,Tottus,Self sign-up,Micro,0.0,1,17.0,0,0,0.0036
S16914,Toys,Colombia,Falabella Retail,Referral,Small,5.0,3,32.0,3,0,0.0036
S07023,Fashion,Colombia,Marketplace direct,Self sign-up,Micro,8.0,4,30.0,1,0,0.0036
S00094,Home,Chile,Marketplace direct,Referral,Small,6.0,2,35.0,4,0,0.0036
S03620,Sports,Chile,Sodimac,Referral,Micro,13.0,3,33.0,0,0,0.0036
S00761,Electronics,Colombia,Tottus,Event,Medium,6.0,3,33.0,0,0,0.0036
S16437,Food,Chile,Falabella Retail,Self sign-up,Micro,8.0,2,26.0,1,0,0.0036
S14039,Home,Peru,Marketplace direct,Sales rep,Micro,10.0,3,34.0,1,0,0.0036
S16006,Toys,Colombia,Falabella Retail,Event,Micro,3.0,0,21.0,0,0,0.0036
S05068,Home,Colombia,Falabella Retail,Self sign-up,Small,12.0,1,30.0,2,0,0.0036
S05594,Beauty,Chile,Tottus,Sales rep,Small,4.0,1,32.0,2,0,0.0036
S06578,Food,Peru,Marketplace direct,Self sign-up,Small,0.0,0,16.0,0,0,0.0036
S02387,Electronics,Peru,Marketplace direct,Self sign-up,Micro,12.0,5,34.0,1,0,0.0036
S02842,Fashion,Peru,Tottus,Event,Small,10.0,0,29.0,0,0,0.0036
S00912,Hardware,Chile,Marketplace direct,Self sign-up,Micro,2.0,2,25.0,2,0,0.0036
S17698,Toys,Peru,Falabella Retail,Self sign-up,Micro,13.0,3,33.0,6,0,0.0036
S16896,Hardware,Peru,Tottus,Self sign-up,Micro,18.0,5,36.0,4,0,0.0036
S16540,Food,Chile,Sodimac,Self sign-up,Micro,1.0,1,22.0,0,1,0.0036
S17281,Food,Colombia,Sodimac,Self sign-up,Micro,14.0,0,24.0,1,0,0.0036
S17841,Fashion,Chile,Marketplace direct,Sales rep,Micro,4.0,1,29.0,0,0,0.0036
S07119,Sports,Peru,Tottus,Self sign-up,Small,10.0,2,28.0,0,0,0.0036
S13212,Fashion,Colombia,Falabella Retail,Sales rep,Small,8.0,1,32.0,0,0,0.0036
S05725,Hardware,Chile,Falabella Retail,Self sign-up,Small,9.0,1,31.0,3,0,0.0036
S08661,Home,Peru,Marketplace direct,Self sign-up,Medium,19.0,1,36.0,5,0,0.0036
S03787,Electronics,Colombia,Sodimac,Self sign-up,Micro,4.0,2,26.0,0,0,0.0036
S17844,Toys,Chile,Falabella Retail,Event,Micro,6.0,0,26.0,2,0,0.0036
S18284,Toys,Colombia,Falabella Retail,Self sign-up,Small,13.0,5,32.0,0,0,0.0036
S17260,Sports,Chile,Sodimac,Event,Micro,0.0,3,23.0,0,0,0.0036
S02236,Electronics,Peru,Tottus,Self sign-up,Micro,8.0,1,28.0,2,0,0.0036
S06544,Home,Chile,Marketplace direct,Self sign-up,Micro,13.0,2,29.0,0,0,0.0036
S09949,Beauty,Colombia,Tottus,Referral,Micro,9.0,1,29.0,1,0,0.0035
S05257,Fashion,Chile,Marketplace direct,Self sign-up,Small,8.0,2,30.0,0,0,0.0035
S13374,Food,Chile,Sodimac,Self sign-up,Small,9.0,5,32.0,0,0,0.0035
S12321,Fashion,Chile,Marketplace direct,Sales rep,Micro,5.0,3,34.0,2,0,0.0035
S11846,Toys,Chile,Falabella Retail,Self sign-up,Small,4.0,5,30.0,0,0,0.0035
S01963,Electronics,Chile,Falabella Retail,Self sign-up,Small,6.0,0,30.0,3,0,0.0035
S01802,Electronics,Colombia,Falabella Retail,Self sign-up,Micro,8.0,4,32.0,2,0,0.0035
S16154,Fashion,Chile,Falabella Retail,Event,Micro,9.0,3,33.0,1,0,0.0035
S08523,Fashion,Chile,Falabella Retail,Self sign-up,Micro,14.0,0,30.0,3,0,0.0035
S19635,Hardware,Chile,Marketplace direct,Self sign-up,Micro,8.0,5,32.0,1,0,0.0035
S18749,Fashion,Colombia,Falabella Retail,Referral,Micro,7.0,4,35.0,3,0,0.0035
S13119,Sports,Peru,Tottus,Sales rep,Medium,15.0,0,36.0,4,0,0.0035
S05163,Fashion,Chile,Marketplace direct,Event,Small,2.0,4,31.0,0,0,0.0035
S03021,Toys,Chile,Tottus,Referral,Small,5.0,0,28.0,2,0,0.0035
S07484,Home,Chile,Marketplace direct,Self sign-up,Small,17.0,1,33.0,3,0,0.0035
S15549,Sports,Chile,Marketplace direct,Self sign-up,Micro,12.0,3,33.0,5,0,0.0035
S17941,Electronics,Peru,Falabella Retail,Self sign-up,Micro,10.0,2,30.0,1,0,0.0035
S07017,Electronics,Colombia,Marketplace direct,Self sign-up,Micro,1.0,2,23.0,1,0,0.0035
S01548,Home,Chile,Falabella Retail,Self sign-up,Micro,13.0,2,32.0,3,0,0.0035
S13986,Electronics,Colombia,Marketplace direct,Event,Micro,10.0,1,31.0,3,0,0.0035
S11466,Fashion,Chile,Tottus,Self sign-up,Micro,13.0,4,32.0,0,0,0.0035
S07082,Hardware,Chile,Falabella Retail,Self sign-up,Micro,4.0,0,23.0,0,0,0.0035
S01587,Beauty,Chile,Falabella Retail,Self sign-up,Micro,5.0,0,25.0,1,0,0.0035
S15554,Sports,Colombia,Falabella Retail,Sales rep,Micro,13.0,0,31.0,3,0,0.0035
S02872,Electronics,Colombia,Tottus,Sales rep,Small,5.0,5,36.0,0,0,0.0035
S05359,Hardware,Chile,Sodimac,Event,Micro,10.0,4,35.0,2,0,0.0035
S17375,Toys,Chile,Sodimac,Event,Small,6.0,4,33.0,1,0,0.0035
S09601,Home,Chile,Sodimac,Self sign-up,Small,7.0,3,33.0,2,0,0.0035
S13426,Food,Chile,Tottus,Self sign-up,Small,5.0,1,28.0,5,0,0.0035
S11490,Electronics,Peru,Marketplace direct,Self sign-up,Micro,7.0,0,25.0,0,0,0.0035
S16050,Toys,Chile,Tottus,Self sign-up,Small,4.0,5,31.0,2,0,0.0035
S06975,Electronics,Peru,Falabella Retail,Event,Micro,17.0,0,31.0,1,0,0.0035
S14549,Electronics,Peru,Tottus,Self sign-up,Medium,5.0,2,31.0,1,0,0.0035
S10006,Fashion,Chile,Sodimac,Referral,Small,7.0,1,34.0,2,0,0.0035
S16095,Home,Chile,Marketplace direct,Self sign-up,Micro,10.0,5,34.0,2,0,0.0035
S12124,Food,Colombia,Falabella Retail,Sales rep,Micro,9.0,0,26.0,0,0,0.0035
S17030,Toys,Chile,Falabella Retail,Self sign-up,Small,7.0,4,32.0,2,0,0.0035
S19680,Home,Colombia,Sodimac,Self sign-up,Micro,3.0,1,23.0,0,0,0.0035
S12507,Fashion,Peru,Marketplace direct,Self sign-up,Micro,7.0,5,32.0,1,0,0.0035
S00143,Beauty,Colombia,Sodimac,Self sign-up,Micro,1.0,2,23.0,1,0,0.0035
S11395,Sports,Chile,Falabella Retail,Event,Small,5.0,4,33.0,1,0,0.0034
S12734,Toys,Chile,Marketplace direct,Self sign-up,Medium,9.0,1,30.0,2,0,0.0034
S12944,Beauty,Peru,Sodimac,Event,Micro,11.0,2,31.0,0,0,0.0034
S01269,Fashion,Chile,Sodimac,Self sign-up,Small,8.0,2,31.0,0,0,0.0034
S13814,Beauty,Colombia,Marketplace direct,Event,Micro,7.0,3,31.0,2,0,0.0034
S14676,Beauty,Colombia,Tottus,Self sign-up,Micro,2.0,4,26.0,1,0,0.0034
S11798,Home,Peru,Tottus,Referral,Small,4.0,2,30.0,0,0,0.0034
S00788,Hardware,Colombia,Falabella Retail,Self sign-up,Micro,13.0,0,26.0,1,0,0.0034
S09545,Home,Peru,Marketplace direct,Sales rep,Micro,4.0,4,33.0,1,0,0.0034
S19238,Fashion,Chile,Tottus,Sales rep,Micro,5.0,5,35.0,0,0,0.0034
S02032,Fashion,Colombia,Tottus,Event,Micro,24.0,0,35.0,7,0,0.0034
S16079,Electronics,Peru,Sodimac,Self sign-up,Micro,6.0,2,29.0,1,0,0.0034
S12654,Home,Chile,Sodimac,Event,Micro,10.0,0,31.0,3,0,0.0034
S03716,Toys,Chile,Sodimac,Self sign-up,Medium,1.0,2,26.0,1,0,0.0034
S02057,Fashion,Colombia,Sodimac,Referral,Micro,6.0,5,34.0,0,0,0.0034
S07210,Beauty,Chile,Falabella Retail,Self sign-up,Micro,10.0,1,31.0,4,0,0.0034
S12008,Toys,Chile,Marketplace direct,Event,Small,8.0,0,27.0,0,0,0.0034
S08185,Food,Chile,Falabella Retail,Sales rep,Micro,2.0,2,27.0,1,0,0.0034
S11427,Electronics,Chile,Marketplace direct,Self sign-up,Medium,13.0,0,33.0,2,0,0.0034
S13254,Sports,Chile,Falabella Retail,Sales rep,Micro,18.0,0,32.0,1,0,0.0034
S08517,Home,Colombia,Marketplace direct,Event,Medium,6.0,2,32.0,1,0,0.0034
S11074,Food,Chile,Falabella Retail,Self sign-up,Micro,2.0,3,24.0,1,0,0.0034
S13480,Fashion,Chile,Falabella Retail,Event,Micro,7.0,1,29.0,0,0,0.0034
S08100,Home,Peru,Tottus,Self sign-up,Micro,1.0,0,20.0,1,0,0.0034
S12767,Home,Colombia,Marketplace direct,Self sign-up,Small,6.0,5,34.0,3,0,0.0034
S10586,Beauty,Peru,Marketplace direct,Self sign-up,Small,4.0,1,26.0,0,0,0.0034
S08660,Home,Colombia,Sodimac,Self sign-up,Small,17.0,1,31.0,1,0,0.0034
S05518,Electronics,Chile,Falabella Retail,Self sign-up,Micro,10.0,0,29.0,2,0,0.0034
S09995,Fashion,Peru,Marketplace direct,Sales rep,Micro,13.0,1,33.0,1,0,0.0034
S19173,Home,Peru,Marketplace direct,Event,Micro,8.0,2,30.0,1,0,0.0034
S18291,Fashion,Peru,Marketplace direct,Sales rep,Micro,7.0,3,33.0,0,0,0.0034
S05331,Toys,Peru,Tottus,Self sign-up,Small,5.0,1,25.0,1,0,0.0034
S14690,Food,Peru,Sodimac,Self sign-up,Micro,4.0,5,29.0,2,0,0.0034
S02573,Hardware,Chile,Tottus,Self sign-up,Micro,17.0,5,36.0,3,0,0.0034
S11519,Beauty,Peru,Tottus,Referral,Micro,10.0,5,35.0,0,0,0.0034
S10964,Beauty,Colombia,Falabella Retail,Sales rep,Micro,3.0,0,26.0,0,0,0.0034
S01232,Home,Chile,Marketplace direct,Self sign-up,Small,10.0,1,30.0,1,0,0.0033
S13151,Toys,Colombia,Sodimac,Self sign-up,Small,8.0,3,31.0,3,0,0.0033
S03431,Beauty,Chile,Falabella Retail,Self sign-up,Micro,4.0,1,26.0,1,0,0.0033
S09468,Beauty,Colombia,Marketplace direct,Event,Small,1.0,4,29.0,1,0,0.0033
S16434,Home,Colombia,Falabella Retail,Self sign-up,Small,11.0,0,28.0,1,0,0.0033
S00139,Electronics,Chile,Tottus,Self sign-up,Micro,11.0,4,34.0,2,0,0.0033
S17392,Beauty,Chile,Falabella Retail,Self sign-up,Micro,5.0,5,32.0,1,0,0.0033
S08898,Home,Chile,Marketplace direct,Self sign-up,Small,6.0,3,32.0,2,0,0.0033
S07425,Home,Chile,Tottus,Self sign-up,Small,9.0,5,34.0,0,0,0.0033
S04955,Home,Peru,Falabella Retail,Event,Micro,0.0,4,25.0,0,0,0.0033
S07334,Fashion,Colombia,Falabella Retail,Event,Micro,7.0,2,29.0,0,0,0.0033
S11753,Beauty,Peru,Marketplace direct,Event,Small,6.0,1,30.0,1,0,0.0033
S03020,Fashion,Colombia,Falabella Retail,Self sign-up,Small,1.0,1,23.0,0,0,0.0033
S12947,Beauty,Peru,Marketplace direct,Self sign-up,Small,1.0,1,23.0,0,0,0.0033
S19037,Electronics,Colombia,Falabella Retail,Self sign-up,Small,6.0,5,34.0,1,0,0.0033
S18171,Toys,Chile,Tottus,Event,Micro,0.0,2,21.0,1,0,0.0033
S19645,Sports,Colombia,Falabella Retail,Event,Medium,5.0,2,30.0,0,0,0.0033
S01080,Home,Chile,Tottus,Referral,Micro,14.0,2,35.0,3,0,0.0033
S05630,Fashion,Chile,Sodimac,Self sign-up,Micro,8.0,0,29.0,3,0,0.0033
S19770,Home,Chile,Marketplace direct,Self sign-up,Small,1.0,3,27.0,1,0,0.0033
S18532,Electronics,Peru,Marketplace direct,Self sign-up,Micro,2.0,0,22.0,0,0,0.0033
S11364,Sports,Colombia,Falabella Retail,Event,Micro,21.0,1,31.0,2,0,0.0033
S14644,Electronics,Colombia,Falabella Retail,Self sign-up,Micro,5.0,1,27.0,2,0,0.0033
S07850,Beauty,Chile,Sodimac,Referral,Small,3.0,1,30.0,0,0,0.0033
S02329,Fashion,Chile,Tottus,Self sign-up,Small,10.0,3,33.0,1,0,0.0033
S11029,Food,Peru,Falabella Retail,Self sign-up,Small,5.0,0,23.0,0,0,0.0033
S13521,Hardware,Chile,Falabella Retail,Self sign-up,Micro,11.0,2,29.0,0,0,0.0033
S13277,Food,Colombia,Falabella Retail,Event,Small,27.0,0,31.0,2,0,0.0033
S09352,Fashion,Peru,Sodimac,Self sign-up,Small,4.0,3,30.0,0,0,0.0033
S04622,Sports,Chile,Marketplace direct,Self sign-up,Micro,3.0,2,24.0,0,0,0.0033
S03903,Beauty,Colombia,Falabella Retail,Self sign-up,Small,4.0,2,28.0,1,0,0.0033
S05021,Hardware,Chile,Marketplace direct,Referral,Small,9.0,1,35.0,4,0,0.0033
S09802,Sports,Peru,Tottus,Sales rep,Micro,16.0,1,31.0,0,0,0.0033
S17883,Electronics,Chile,Sodimac,Self sign-up,Small,8.0,0,30.0,1,0,0.0033
S03754,Fashion,Peru,Sodimac,Self sign-up,Micro,5.0,4,30.0,0,0,0.0033
S10430,Electronics,Peru,Tottus,Self sign-up,Micro,10.0,0,27.0,1,0,0.0033
S02633,Sports,Chile,Marketplace direct,Self sign-up,Micro,1.0,0,19.0,0,0,0.0033
S03506,Fashion,Peru,Sodimac,Self sign-up,Micro,8.0,0,26.0,0,0,0.0033
S12539,Sports,Colombia,Tottus,Referral,Micro,5.0,0,25.0,1,0,0.0033
S18573,Sports,Peru,Marketplace direct,Self sign-up,Micro,12.0,2,29.0,2,0,0.0033
S04287,Home,Peru,Marketplace direct,Referral,Micro,5.0,2,30.0,1,0,0.0033
S16279,Electronics,Chile,Falabella Retail,Referral,Small,5.0,1,32.0,0,0,0.0033
S09047,Fashion,Peru,Marketplace direct,Self sign-up,Micro,5.0,5,33.0,3,0,0.0033
S11479,Hardware,Peru,Falabella Retail,Self sign-up,Small,3.0,1,27.0,2,0,0.0033
S01283,Sports,Chile,Marketplace direct,Self sign-up,Medium,10.0,5,36.0,1,0,0.0033
S02965,Beauty,Peru,Falabella Retail,Self sign-up,Micro,14.0,3,36.0,6,0,0.0033
S05217,Electronics,Peru,Sodimac,Event,Micro,4.0,4,32.0,0,0,0.0033
S10770,Electronics,Chile,Falabella Retail,Referral,Micro,7.0,2,34.0,2,0,0.0032
S07542,Sports,Peru,Sodimac,Self sign-up,Micro,6.0,5,31.0,1,0,0.0032
S11192,Sports,Chile,Marketplace direct,Self sign-up,Small,3.0,0,25.0,2,0,0.0032
S19340,Sports,Chile,Falabella Retail,Self sign-up,Medium,4.0,2,29.0,0,0,0.0032
S18623,Beauty,Peru,Falabella Retail,Self sign-up,Small,2.0,1,25.0,0,0,0.0032
S09182,Fashion,Chile,Marketplace direct,Self sign-up,Micro,11.0,1,29.0,1,0,0.0032
S02486,Toys,Chile,Marketplace direct,Event,Micro,6.0,5,32.0,1,0,0.0032
S16021,Toys,Peru,Falabella Retail,Sales rep,Small,11.0,2,34.0,1,0,0.0032
S04548,Toys,Colombia,Sodimac,Event,Micro,12.0,3,30.0,0,0,0.0032
S00207,Sports,Peru,Sodimac,Self sign-up,Micro,2.0,1,22.0,0,0,0.0032
S04546,Food,Chile,Tottus,Event,Small,9.0,0,30.0,4,0,0.0032
S13642,Fashion,Colombia,Tottus,Self sign-up,Micro,5.0,2,28.0,3,0,0.0032
S13122,Fashion,Chile,Marketplace direct,Sales rep,Micro,4.0,5,35.0,0,0,0.0032
S08883,Electronics,Colombia,Falabella Retail,Self sign-up,Micro,11.0,3,33.0,3,0,0.0032
S17057,Food,Colombia,Marketplace direct,Self sign-up,Medium,8.0,3,29.0,0,0,0.0032
S10769,Hardware,Chile,Marketplace direct,Self sign-up,Micro,7.0,4,30.0,0,0,0.0032
S02618,Hardware,Chile,Sodimac,Self sign-up,Medium,5.0,0,29.0,1,0,0.0032
S05720,Toys,Chile,Falabella Retail,Self sign-up,Micro,5.0,2,26.0,1,0,0.0032
S05077,Electronics,Chile,Falabella Retail,Self sign-up,Micro,4.0,1,28.0,2,0,0.0032
S07051,Home,Colombia,Falabella Retail,Self sign-up,Micro,8.0,2,28.0,1,0,0.0032
S16523,Electronics,Peru,Falabella Retail,Event,Micro,11.0,2,32.0,0,0,0.0032
S11218,Beauty,Colombia,Marketplace direct,Self sign-up,Micro,6.0,0,25.0,2,0,0.0032
S03496,Toys,Chile,Sodimac,Sales rep,Micro,9.0,3,33.0,0,0,0.0032
S12686,Toys,Chile,Tottus,Event,Micro,6.0,2,27.0,0,0,0.0032
S14776,Toys,Peru,Falabella Retail,Sales rep,Micro,18.0,3,35.0,1,0,0.0032
S19530,Home,Peru,Falabella Retail,Self sign-up,Micro,3.0,4,28.0,0,0,0.0032
S17431,Home,Chile,Marketplace direct,Self sign-up,Small,4.0,3,32.0,3,0,0.0032
S06100,Beauty,Chile,Sodimac,Self sign-up,Micro,9.0,2,32.0,3,0,0.0032
S12223,Toys,Colombia,Tottus,Sales rep,Small,4.0,3,31.0,1,0,0.0032
S15148,Home,Chile,Sodimac,Event,Small,4.0,3,34.0,2,0,0.0031
S03333,Home,Peru,Falabella Retail,Self sign-up,Micro,5.0,1,27.0,2,0,0.0031
S09189,Sports,Peru,Falabella Retail,Self sign-up,Micro,10.0,4,31.0,1,0,0.0031
S13804,Beauty,Chile,Falabella Retail,Self sign-up,Micro,16.0,2,31.0,0,0,0.0031
S10838,Electronics,Colombia,Falabella Retail,Self sign-up,Small,9.0,0,28.0,0,0,0.0031
S08413,Home,Peru,Tottus,Sales rep,Micro,5.0,1,29.0,0,0,0.0031
S14681,Toys,Chile,Falabella Retail,Self sign-up,Micro,20.0,5,36.0,3,0,0.0031
S15522,Fashion,Colombia,Sodimac,Referral,Micro,12.0,1,32.0,1,0,0.0031
S02932,Beauty,Peru,Falabella Retail,Self sign-up,Micro,3.0,1,25.0,1,0,0.0031
S09136,Fashion,Chile,Falabella Retail,Self sign-up,Small,10.0,0,30.0,1,0,0.0031
S02117,Electronics,Colombia,Tottus,Self sign-up,Micro,10.0,5,34.0,2,0,0.0031
S19230,Toys,Colombia,Falabella Retail,Self sign-up,Micro,2.0,3,27.0,5,0,0.0031
S03283,Electronics,Colombia,Tottus,Self sign-up,Medium,9.0,2,35.0,4,0,0.0031
S11756,Food,Chile,Falabella Retail,Sales rep,Small,2.0,3,30.0,0,0,0.0031
S03090,Hardware,Peru,Falabella Retail,Self sign-up,Micro,4.0,3,32.0,6,0,0.0031
S09039,Electronics,Chile,Falabella Retail,Self sign-up,Micro,4.0,0,26.0,1,0,0.0031
S04488,Home,Colombia,Falabella Retail,Self sign-up,Micro,6.0,4,30.0,1,0,0.0031
S12032,Toys,Chile,Sodimac,Event,Micro,5.0,0,25.0,0,0,0.0031
S10525,Fashion,Peru,Falabella Retail,Self sign-up,Micro,4.0,3,28.0,0,0,0.0031
S06185,Toys,Chile,Tottus,Self sign-up,Micro,10.0,0,24.0,0,0,0.0031
S08701,Beauty,Colombia,Falabella Retail,Self sign-up,Micro,14.0,0,29.0,3,0,0.0031
S01166,Hardware,Chile,Tottus,Self sign-up,Micro,8.0,3,29.0,0,0,0.0031
S03192,Beauty,Chile,Tottus,Self sign-up,Micro,2.0,1,24.0,1,0,0.0031
S17635,Sports,Chile,Marketplace direct,Sales rep,Small,7.0,2,33.0,0,0,0.0031
S00412,Electronics,Chile,Marketplace direct,Self sign-up,Micro,12.0,3,32.0,0,0,0.0031
S02129,Electronics,Colombia,Sodimac,Self sign-up,Micro,4.0,3,29.0,1,0,0.0031
S05624,Electronics,Peru,Falabella Retail,Self sign-up,Micro,11.0,0,30.0,3,0,0.0031
S05599,Fashion,Colombia,Marketplace direct,Self sign-up,Small,2.0,0,23.0,0,0,0.0031
S10211,Fashion,Chile,Marketplace direct,Self sign-up,Micro,8.0,3,31.0,1,0,0.0031
S17167,Home,Colombia,Falabella Retail,Self sign-up,Micro,0.0,2,20.0,0,0,0.0031
S10552,Food,Colombia,Sodimac,Referral,Micro,10.0,4,34.0,3,0,0.0031
S19918,Electronics,Peru,Falabella Retail,Referral,Small,5.0,0,32.0,2,0,0.0031
S14369,Hardware,Colombia,Marketplace direct,Self sign-up,Micro,6.0,0,23.0,0,0,0.0031
S14614,Hardware,Chile,Tottus,Sales rep,Small,1.0,5,33.0,0,0,0.0031
S11402,Home,Chile,Marketplace direct,Event,Micro,6.0,4,33.0,1,0,0.0031
S07348,Home,Colombia,Tottus,Self sign-up,Micro,10.0,2,29.0,2,0,0.0031
S05550,Home,Chile,Tottus,Self sign-up,Micro,20.0,5,35.0,0,0,0.0031
S16667,Sports,Chile,Sodimac,Self sign-up,Small,7.0,1,29.0,1,0,0.0031
S05645,Home,Peru,Falabella Retail,Self sign-up,Micro,2.0,1,24.0,1,0,0.0031
S18288,Electronics,Peru,Falabella Retail,Self sign-up,Medium,4.0,3,34.0,2,0,0.0031
S16566,Electronics,Peru,Falabella Retail,Referral,Micro,12.0,1,34.0,2,0,0.0031
S17181,Home,Chile,Tottus,Event,Small,6.0,0,31.0,3,0,0.0031
S08904,Food,Peru,Tottus,Self sign-up,Micro,3.0,0,21.0,2,0,0.0031
S19454,Beauty,Peru,Tottus,Self sign-up,Medium,7.0,5,35.0,0,0,0.0031
S13351,Hardware,Colombia,Sodimac,Self sign-up,Small,5.0,2,28.0,0,0,0.0031
S03989,Food,Colombia,Sodimac,Sales rep,Small,7.0,2,31.0,0,0,0.0031
S01289,Beauty,Peru,Falabella Retail,Event,Micro,6.0,1,29.0,1,0,0.0031
S06912,Sports,Colombia,Falabella Retail,Sales rep,Micro,5.0,2,30.0,1,0,0.0031
S06405,Toys,Colombia,Falabella Retail,Event,Micro,17.0,1,30.0,2,0,0.0031
S00110,Fashion,Colombia,Tottus,Self sign-up,Micro,15.0,5,34.0,1,0,0.0031
S12901,Toys,Peru,Marketplace direct,Self sign-up,Small,9.0,1,30.0,4,0,0.0031
S09183,Food,Peru,Marketplace direct,Self sign-up,Small,5.0,4,30.0,2,0,0.003
S05224,Fashion,Colombia,Tottus,Referral,Micro,1.0,1,24.0,0,0,0.003
S07173,Sports,Chile,Sodimac,Self sign-up,Micro,2.0,4,27.0,0,0,0.003
S06338,Electronics,Peru,Sodimac,Self sign-up,Small,5.0,5,36.0,2,0,0.003
S08900,Home,Colombia,Marketplace direct,Sales rep,Micro,10.0,0,31.0,2,0,0.003
S00157,Sports,Colombia,Falabella Retail,Event,Micro,6.0,2,29.0,2,0,0.003
S14303,Home,Chile,Sodimac,Self sign-up,Small,3.0,1,28.0,1,0,0.003
S02631,Fashion,Colombia,Falabella Retail,Self sign-up,Small,12.0,3,35.0,3,0,0.003
S10920,Beauty,Chile,Tottus,Self sign-up,Micro,10.0,0,30.0,1,1,0.003
S16495,Home,Chile,Marketplace direct,Event,Small,3.0,0,27.0,0,0,0.003
S06554,Electronics,Chile,Falabella Retail,Self sign-up,Micro,5.0,3,30.0,0,0,0.003
S15585,Sports,Colombia,Marketplace direct,Self sign-up,Medium,8.0,4,33.0,1,0,0.003
S13758,Home,Chile,Marketplace direct,Self sign-up,Micro,9.0,3,31.0,1,0,0.003
S08347,Electronics,Chile,Marketplace direct,Event,Small,14.0,0,35.0,3,0,0.003
S09071,Home,Colombia,Falabella Retail,Self sign-up,Medium,7.0,3,33.0,1,0,0.003
S03001,Beauty,Chile,Marketplace direct,Self sign-up,Micro,4.0,4,31.0,2,0,0.003
S17112,Electronics,Chile,Sodimac,Event,Micro,11.0,1,32.0,0,0,0.003
S16147,Home,Colombia,Falabella Retail,Referral,Micro,7.0,4,33.0,0,0,0.003
S17020,Sports,Chile,Tottus,Referral,Micro,4.0,2,29.0,1,0,0.003
S17435,Hardware,Peru,Falabella Retail,Referral,Micro,7.0,1,31.0,2,0,0.003
S12608,Home,Chile,Falabella Retail,Self sign-up,Micro,10.0,3,31.0,0,0,0.003
S15650,Sports,Colombia,Sodimac,Self sign-up,Medium,2.0,3,28.0,0,0,0.003
S10417,Electronics,Chile,Falabella Retail,Self sign-up,Micro,3.0,1,26.0,0,0,0.003
S19765,Hardware,Chile,Tottus,Event,Medium,2.0,3,32.0,1,0,0.003
S03193,Sports,Chile,Sodimac,Event,Micro,7.0,4,34.0,2,0,0.003
S08239,Fashion,Peru,Marketplace direct,Self sign-up,Micro,1.0,1,22.0,0,0,0.003
S02431,Toys,Colombia,Sodimac,Self sign-up,Small,13.0,2,31.0,2,0,0.003
S13630,Home,Colombia,Tottus,Self sign-up,Micro,8.0,0,25.0,1,0,0.003
S12481,Sports,Colombia,Marketplace direct,Self sign-up,Micro,3.0,5,28.0,1,0,0.003
S18759,Home,Chile,Marketplace direct,Self sign-up,Micro,13.0,0,29.0,2,0,0.003
S15849,Food,Colombia,Sodimac,Referral,Micro,4.0,0,27.0,4,0,0.003
S11204,Electronics,Chile,Falabella Retail,Self sign-up,Micro,15.0,0,31.0,2,0,0.003
S05981,Beauty,Peru,Sodimac,Self sign-up,Small,1.0,2,29.0,0,1,0.003
S09590,Toys,Colombia,Marketplace direct,Referral,Small,5.0,0,27.0,1,0,0.003
S12610,Sports,Peru,Marketplace direct,Self sign-up,Micro,11.0,3,29.0,0,0,0.003
S09674,Fashion,Colombia,Marketplace direct,Self sign-up,Micro,17.0,0,33.0,7,0,0.003
S00538,Home,Peru,Falabella Retail,Self sign-up,Micro,5.0,0,26.0,2,0,0.003
S04996,Home,Chile,Marketplace direct,Self sign-up,Micro,10.0,1,32.0,5,0,0.003
S04426,Home,Chile,Falabella Retail,Self sign-up,Micro,5.0,0,25.0,0,0,0.003
S01762,Home,Chile,Tottus,Self sign-up,Micro,8.0,5,34.0,2,0,0.003
S06314,Sports,Chile,Sodimac,Self sign-up,Micro,4.0,2,27.0,1,0,0.003
S19373,Sports,Peru,Marketplace direct,Self sign-up,Micro,10.0,3,32.0,4,0,0.003
S04089,Home,Chile,Falabella Retail,Self sign-up,Micro,9.0,0,30.0,4,0,0.003
S02990,Hardware,Peru,Falabella Retail,Self sign-up,Small,10.0,0,28.0,0,0,0.003
S16398,Beauty,Chile,Marketplace direct,Self sign-up,Micro,17.0,2,36.0,6,0,0.003
S18119,Sports,Colombia,Falabella Retail,Referral,Micro,11.0,1,30.0,1,0,0.003
S11443,Electronics,Chile,Sodimac,Self sign-up,Medium,6.0,2,35.0,2,0,0.003
S15444,Hardware,Peru,Falabella Retail,Self sign-up,Small,19.0,1,33.0,2,0,0.003
S15518,Home,Colombia,Falabella Retail,Self sign-up,Micro,8.0,3,29.0,0,0,0.003
S03066,Fashion,Chile,Falabella Retail,Sales rep,Micro,10.0,0,36.0,5,0,0.0029
S08760,Beauty,Peru,Sodimac,Self sign-up,Medium,4.0,0,28.0,0,0,0.0029
S16091,Food,Chile,Falabella Retail,Self sign-up,Medium,9.0,0,31.0,4,0,0.0029
S18843,Electronics,Chile,Tottus,Self sign-up,Medium,6.0,4,35.0,0,0,0.0029
S03558,Sports,Chile,Sodimac,Self sign-up,Micro,6.0,2,29.0,2,0,0.0029
S03309,Electronics,Peru,Falabella Retail,Referral,Small,5.0,1,32.0,0,0,0.0029
S19846,Hardware,Colombia,Sodimac,Self sign-up,Medium,6.0,4,34.0,1,0,0.0029
S08085,Hardware,Peru,Sodimac,Event,Micro,5.0,0,28.0,2,0,0.0029
S17176,Beauty,Chile,Marketplace direct,Event,Small,12.0,2,34.0,0,0,0.0029
S07235,Toys,Peru,Falabella Retail,Self sign-up,Micro,20.0,4,32.0,0,0,0.0029
S00206,Electronics,Colombia,Tottus,Self sign-up,Small,16.0,2,33.0,1,0,0.0029
S13213,Fashion,Chile,Tottus,Event,Small,4.0,0,29.0,1,0,0.0029
S13378,Hardware,Chile,Falabella Retail,Self sign-up,Small,7.0,4,33.0,0,0,0.0029
S00183,Home,Colombia,Sodimac,Self sign-up,Small,7.0,3,31.0,0,0,0.0029
S00440,Hardware,Colombia,Marketplace direct,Self sign-up,Micro,9.0,3,31.0,3,0,0.0029
S06809,Toys,Peru,Sodimac,Self sign-up,Micro,10.0,5,34.0,3,0,0.0029
S05007,Sports,Colombia,Falabella Retail,Self sign-up,Small,19.0,5,36.0,1,0,0.0029
S19208,Home,Colombia,Tottus,Self sign-up,Micro,4.0,0,24.0,2,0,0.0029
S18764,Fashion,Chile,Falabella Retail,Self sign-up,Small,4.0,4,34.0,2,0,0.0029
S09044,Home,Chile,Sodimac,Self sign-up,Micro,5.0,2,29.0,1,0,0.0029
S04183,Fashion,Colombia,Falabella Retail,Self sign-up,Micro,3.0,1,25.0,1,0,0.0029
S02299,Toys,Chile,Tottus,Event,Micro,7.0,2,28.0,0,0,0.0029
S17441,Home,Peru,Falabella Retail,Self sign-up,Micro,3.0,3,28.0,1,0,0.0029
S09201,Food,Colombia,Falabella Retail,Event,Medium,5.0,1,28.0,0,0,0.0029
S08595,Toys,Peru,Marketplace direct,Self sign-up,Micro,10.0,2,30.0,4,0,0.0029
S06067,Home,Colombia,Sodimac,Self sign-up,Small,0.0,1,23.0,2,0,0.0029
S14198,Food,Peru,Sodimac,Self sign-up,Micro,13.0,0,25.0,0,0,0.0029
S11575,Electronics,Colombia,Falabella Retail,Sales rep,Small,8.0,2,36.0,1,0,0.0029
S07315,Home,Chile,Falabella Retail,Self sign-up,Micro,5.0,3,30.0,1,0,0.0029
S10994,Hardware,Chile,Tottus,Sales rep,Small,15.0,1,35.0,0,0,0.0029
S03343,Electronics,Peru,Falabella Retail,Self sign-up,Micro,4.0,0,25.0,0,0,0.0029
S04903,Hardware,Colombia,Tottus,Self sign-up,Micro,8.0,3,28.0,0,0,0.0029
S01693,Toys,Colombia,Sodimac,Event,Micro,5.0,1,27.0,2,0,0.0029
S04304,Electronics,Chile,Sodimac,Self sign-up,Micro,4.0,4,33.0,2,0,0.0029
S01323,Toys,Chile,Marketplace direct,Referral,Small,13.0,1,32.0,0,0,0.0029
S00043,Home,Chile,Falabella Retail,Self sign-up,Micro,5.0,0,26.0,1,0,0.0029
S03809,Hardware,Colombia,Sodimac,Self sign-up,Small,7.0,1,28.0,0,0,0.0029
S16606,Food,Chile,Sodimac,Self sign-up,Small,13.0,1,29.0,0,0,0.0029
S07001,Hardware,Chile,Tottus,Referral,Small,7.0,0,31.0,1,0,0.0029
S09660,Fashion,Chile,Tottus,Self sign-up,Small,2.0,4,30.0,0,0,0.0029
S05052,Beauty,Peru,Sodimac,Self sign-up,Micro,6.0,4,31.0,0,0,0.0029
S12189,Electronics,Chile,Falabella Retail,Self sign-up,Micro,6.0,1,29.0,1,0,0.0028
S15061,Food,Chile,Marketplace direct,Referral,Micro,17.0,0,33.0,5,0,0.0028
S12869,Home,Peru,Tottus,Self sign-up,Micro,13.0,1,33.0,6,0,0.0028
S16903,Hardware,Chile,Falabella Retail,Sales rep,Micro,3.0,1,30.0,1,0,0.0028
S02298,Electronics,Chile,Marketplace direct,Self sign-up,Micro,7.0,1,29.0,1,0,0.0028
S00324,Hardware,Colombia,Tottus,Self sign-up,Small,7.0,5,34.0,2,0,0.0028
S01112,Sports,Chile,Falabella Retail,Self sign-up,Micro,2.0,2,26.0,2,0,0.0028
S14123,Beauty,Chile,Tottus,Self sign-up,Micro,3.0,3,29.0,2,0,0.0028
S10138,Fashion,Chile,Tottus,Self sign-up,Micro,28.0,3,36.0,2,0,0.0028
S09190,Fashion,Chile,Falabella Retail,Self sign-up,Micro,12.0,0,30.0,2,0,0.0028
S11469,Toys,Colombia,Falabella Retail,Self sign-up,Small,8.0,3,30.0,1,0,0.0028
S06396,Hardware,Colombia,Falabella Retail,Self sign-up,Micro,13.0,2,29.0,0,0,0.0028
S04531,Home,Chile,Marketplace direct,Referral,Micro,5.0,0,28.0,0,0,0.0028
S05979,Sports,Colombia,Sodimac,Self sign-up,Small,13.0,4,34.0,1,0,0.0028
S01834,Home,Chile,Falabella Retail,Self sign-up,Small,6.0,4,34.0,1,0,0.0028
S15634,Toys,Colombia,Falabella Retail,Self sign-up,Micro,15.0,3,30.0,1,0,0.0028
S02048,Electronics,Peru,Sodimac,Self sign-up,Micro,10.0,4,36.0,3,0,0.0028
S06765,Sports,Peru,Marketplace direct,Referral,Micro,13.0,4,36.0,2,0,0.0028
S00985,Food,Peru,Marketplace direct,Event,Small,6.0,3,30.0,0,0,0.0028
S13165,Sports,Chile,Marketplace direct,Self sign-up,Micro,2.0,5,28.0,0,0,0.0028
S07929,Sports,Peru,Falabella Retail,Event,Micro,13.0,5,35.0,0,0,0.0028
S03765,Hardware,Colombia,Tottus,Referral,Micro,8.0,2,30.0,0,0,0.0028
S01108,Food,Chile,Tottus,Event,Micro,22.0,1,33.0,4,0,0.0028
S11912,Food,Peru,Marketplace direct,Self sign-up,Micro,0.0,2,19.0,1,0,0.0028
S19964,Home,Chile,Falabella Retail,Referral,Micro,2.0,0,27.0,1,0,0.0028
S08359,Home,Colombia,Falabella Retail,Self sign-up,Micro,25.0,2,34.0,3,0,0.0028
S12994,Hardware,Chile,Sodimac,Self sign-up,Micro,2.0,3,27.0,0,0,0.0028
S02310,Food,Peru,Falabella Retail,Self sign-up,Micro,5.0,0,22.0,0,0,0.0028
S13303,Hardware,Colombia,Marketplace direct,Event,Medium,15.0,1,35.0,2,0,0.0028
S02463,Beauty,Colombia,Marketplace direct,Sales rep,Micro,5.0,3,32.0,0,0,0.0028
S17290,Sports,Colombia,Falabella Retail,Self sign-up,Micro,3.0,2,24.0,0,0,0.0028
S16053,Toys,Peru,Falabella Retail,Self sign-up,Small,6.0,0,26.0,1,0,0.0028
S18416,Home,Chile,Falabella Retail,Self sign-up,Micro,5.0,0,27.0,2,0,0.0028
S01502,Fashion,Peru,Sodimac,Self sign-up,Micro,7.0,0,29.0,3,0,0.0028
S19819,Food,Peru,Sodimac,Event,Micro,16.0,1,30.0,1,0,0.0028
S16391,Hardware,Peru,Falabella Retail,Self sign-up,Micro,0.0,2,21.0,0,0,0.0028
S02980,Sports,Colombia,Tottus,Self sign-up,Medium,18.0,0,32.0,3,0,0.0028
S02150,Sports,Colombia,Sodimac,Self sign-up,Micro,7.0,1,27.0,2,0,0.0028
S19483,Hardware,Colombia,Marketplace direct,Self sign-up,Micro,4.0,5,30.0,1,0,0.0028
S07084,Sports,Chile,Marketplace direct,Event,Medium,13.0,0,33.0,1,0,0.0028
S05251,Electronics,Peru,Falabella Retail,Self sign-up,Micro,8.0,1,31.0,3,0,0.0028
S19359,Beauty,Colombia,Marketplace direct,Sales rep,Small,11.0,2,35.0,0,0,0.0028
S12584,Sports,Chile,Falabella Retail,Self sign-up,Micro,10.0,0,27.0,1,0,0.0028
S10097,Food,Chile,Sodimac,Self sign-up,Small,5.0,0,25.0,0,0,0.0028
S11656,Home,Chile,Marketplace direct,Sales rep,Micro,9.0,0,31.0,0,0,0.0028
S15356,Electronics,Chile,Falabella Retail,Event,Micro,6.0,3,33.0,0,0,0.0028
S00397,Home,Colombia,Sodimac,Self sign-up,Micro,2.0,0,22.0,0,0,0.0028
S07218,Home,Colombia,Falabella Retail,Referral,Micro,10.0,0,30.0,1,0,0.0028
S10644,Sports,Chile,Falabella Retail,Referral,Small,8.0,1,32.0,0,0,0.0028
S14163,Sports,Chile,Tottus,Self sign-up,Micro,9.0,3,30.0,1,0,0.0028
S09340,Electronics,Chile,Marketplace direct,Self sign-up,Micro,12.0,4,34.0,0,0,0.0028
S18635,Toys,Chile,Falabella Retail,Event,Small,5.0,2,30.0,0,0,0.0028
S02605,Electronics,Peru,Marketplace direct,Event,Micro,15.0,2,35.0,2,0,0.0028
S14963,Food,Chile,Sodimac,Event,Micro,5.0,1,28.0,2,0,0.0028
S12739,Toys,Colombia,Falabella Retail,Event,Small,3.0,0,26.0,0,1,0.0028
S00337,Toys,Chile,Tottus,Self sign-up,Micro,11.0,4,32.0,2,0,0.0028
S03515,Toys,Chile,Falabella Retail,Self sign-up,Micro,8.0,1,31.0,6,0,0.0028
S16742,Hardware,Peru,Marketplace direct,Sales rep,Micro,14.0,0,33.0,2,0,0.0028
S13047,Sports,Colombia,Sodimac,Sales rep,Micro,6.0,4,35.0,2,0,0.0027
S04563,Hardware,Colombia,Falabella Retail,Self sign-up,Micro,18.0,2,31.0,1,0,0.0027
S08550,Beauty,Chile,Sodimac,Self sign-up,Micro,8.0,3,33.0,2,0,0.0027
S11076,Electronics,Peru,Tottus,Event,Micro,4.0,0,29.0,3,0,0.0027
S07995,Home,Peru,Falabella Retail,Self sign-up,Small,6.0,3,33.0,2,0,0.0027
S08093,Food,Chile,Sodimac,Referral,Micro,12.0,2,34.0,3,0,0.0027
S04654,Fashion,Colombia,Falabella Retail,Self sign-up,Small,17.0,1,34.0,3,0,0.0027
S14218,Toys,Colombia,Marketplace direct,Referral,Small,17.0,0,32.0,2,0,0.0027
S14103,Food,Chile,Sodimac,Self sign-up,Small,12.0,2,32.0,2,0,0.0027
S01674,Toys,Chile,Tottus,Self sign-up,Micro,25.0,5,36.0,2,0,0.0027
S08926,Toys,Chile,Falabella Retail,Self sign-up,Micro,20.0,1,29.0,0,0,0.0027
S14172,Sports,Chile,Tottus,Self sign-up,Micro,3.0,3,27.0,1,0,0.0027
S09639,Home,Chile,Sodimac,Self sign-up,Micro,11.0,0,29.0,1,0,0.0027
S18880,Home,Chile,Tottus,Sales rep,Micro,19.0,0,34.0,1,0,0.0027
S13245,Food,Colombia,Falabella Retail,Referral,Small,21.0,2,36.0,3,0,0.0027
S08917,Home,Chile,Sodimac,Self sign-up,Micro,16.0,0,31.0,2,0,0.0027
S11248,Home,Peru,Marketplace direct,Sales rep,Micro,6.0,5,36.0,0,0,0.0027
S06796,Toys,Chile,Marketplace direct,Self sign-up,Micro,7.0,3,28.0,0,0,0.0027
S17224,Toys,Colombia,Sodimac,Sales rep,Small,5.0,0,32.0,4,0,0.0027
S17609,Fashion,Chile,Sodimac,Self sign-up,Micro,11.0,3,36.0,4,0,0.0027
S10480,Food,Chile,Sodimac,Self sign-up,Small,11.0,5,35.0,1,0,0.0027
S08039,Hardware,Peru,Marketplace direct,Event,Micro,5.0,0,26.0,0,0,0.0027
S14011,Fashion,Chile,Tottus,Self sign-up,Small,9.0,0,29.0,0,0,0.0027
S05371,Food,Chile,Sodimac,Referral,Micro,3.0,3,29.0,0,0,0.0027
S08394,Electronics,Peru,Falabella Retail,Self sign-up,Micro,4.0,1,30.0,4,0,0.0027
S05693,Hardware,Colombia,Falabella Retail,Self sign-up,Small,11.0,1,31.0,2,0,0.0027
S03891,Sports,Chile,Marketplace direct,Referral,Medium,0.0,1,26.0,0,0,0.0027
S05712,Food,Chile,Marketplace direct,Event,Small,2.0,3,28.0,0,0,0.0027
S09228,Toys,Colombia,Tottus,Self sign-up,Micro,3.0,0,20.0,0,0,0.0027
S17068,Electronics,Colombia,Falabella Retail,Self sign-up,Micro,7.0,0,27.0,1,0,0.0027
S12343,Hardware,Colombia,Tottus,Self sign-up,Small,17.0,2,33.0,2,0,0.0027
S17845,Fashion,Chile,Marketplace direct,Self sign-up,Small,25.0,2,36.0,1,0,0.0027
S08889,Electronics,Chile,Sodimac,Self sign-up,Micro,7.0,3,32.0,0,0,0.0027
S09473,Electronics,Colombia,Marketplace direct,Self sign-up,Small,3.0,0,27.0,2,0,0.0027
S09879,Fashion,Chile,Tottus,Event,Micro,5.0,2,30.0,0,0,0.0027
S04412,Toys,Colombia,Marketplace direct,Referral,Small,9.0,2,32.0,1,0,0.0027
S03467,Home,Colombia,Sodimac,Event,Micro,6.0,0,27.0,0,0,0.0027
S17464,Sports,Chile,Sodimac,Self sign-up,Micro,7.0,1,27.0,0,0,0.0027
S07516,Hardware,Chile,Falabella Retail,Self sign-up,Micro,5.0,0,26.0,1,0,0.0027
S17811,Hardware,Peru,Tottus,Self sign-up,Small,5.0,4,32.0,1,0,0.0027
S07686,Fashion,Colombia,Sodimac,Self sign-up,Small,3.0,4,31.0,0,0,0.0027
S11435,Beauty,Peru,Marketplace direct,Self sign-up,Micro,6.0,0,26.0,1,0,0.0027
S18552,Home,Chile,Falabella Retail,Self sign-up,Small,4.0,3,31.0,0,0,0.0027
S12051,Electronics,Chile,Sodimac,Sales rep,Micro,7.0,0,34.0,2,0,0.0027
S09943,Beauty,Chile,Tottus,Self sign-up,Small,11.0,0,31.0,2,0,0.0027
S09966,Fashion,Chile,Sodimac,Self sign-up,Micro,8.0,1,30.0,1,0,0.0027
S18885,Toys,Colombia,Sodimac,Self sign-up,Micro,3.0,3,26.0,1,0,0.0027
S19529,Sports,Chile,Marketplace direct,Self sign-up,Medium,17.0,2,34.0,0,0,0.0027
S09609,Fashion,Chile,Sodimac,Self sign-up,Micro,17.0,0,31.0,1,0,0.0027
S03424,Electronics,Colombia,Marketplace direct,Self sign-up,Small,6.0,3,33.0,2,0,0.0027
S19663,Fashion,Chile,Marketplace direct,Sales rep,Micro,0.0,0,24.0,0,0,0.0027
S18974,Beauty,Peru,Falabella Retail,Referral,Micro,1.0,1,26.0,0,0,0.0026
S17406,Home,Chile,Marketplace direct,Self sign-up,Micro,15.0,2,32.0,1,0,0.0026
S09849,Electronics,Chile,Sodimac,Sales rep,Micro,6.0,3,36.0,0,0,0.0026
S04164,Sports,Peru,Sodimac,Self sign-up,Small,9.0,1,30.0,1,0,0.0026
S08454,Home,Chile,Marketplace direct,Self sign-up,Small,8.0,0,31.0,3,0,0.0026
S19658,Fashion,Colombia,Tottus,Event,Micro,18.0,2,35.0,3,0,0.0026
S12500,Toys,Colombia,Sodimac,Sales rep,Micro,5.0,0,31.0,5,0,0.0026
S06158,Electronics,Chile,Falabella Retail,Self sign-up,Micro,6.0,5,34.0,0,0,0.0026
S17408,Food,Chile,Falabella Retail,Sales rep,Small,8.0,1,32.0,0,0,0.0026
S07551,Sports,Chile,Falabella Retail,Event,Micro,14.0,2,33.0,1,0,0.0026
S05032,Electronics,Peru,Tottus,Referral,Micro,10.0,4,36.0,0,0,0.0026
S13485,Hardware,Chile,Falabella Retail,Self sign-up,Micro,10.0,3,33.0,2,0,0.0026
S05162,Electronics,Colombia,Sodimac,Event,Micro,5.0,2,32.0,2,0,0.0026
S08339,Toys,Peru,Tottus,Self sign-up,Micro,5.0,2,25.0,0,0,0.0026
S09263,Hardware,Peru,Falabella Retail,Sales rep,Micro,7.0,0,30.0,0,0,0.0026
S08742,Home,Chile,Marketplace direct,Self sign-up,Micro,9.0,3,31.0,0,0,0.0026
S01579,Hardware,Chile,Falabella Retail,Self sign-up,Micro,5.0,2,28.0,0,0,0.0026
S04938,Sports,Peru,Tottus,Self sign-up,Small,14.0,0,29.0,1,0,0.0026
S10751,Home,Chile,Falabella Retail,Event,Micro,13.0,1,36.0,5,0,0.0026
S19792,Food,Chile,Falabella Retail,Self sign-up,Micro,5.0,1,26.0,2,0,0.0026
S04786,Home,Chile,Marketplace direct,Self sign-up,Micro,13.0,3,33.0,1,0,0.0026
S15091,Sports,Peru,Sodimac,Sales rep,Small,4.0,3,34.0,0,0,0.0026
S17986,Electronics,Peru,Falabella Retail,Self sign-up,Micro,4.0,4,31.0,0,0,0.0026
S04580,Sports,Peru,Marketplace direct,Event,Micro,4.0,4,31.0,1,0,0.0026
S03548,Electronics,Peru,Tottus,Self sign-up,Small,2.0,0,26.0,1,0,0.0026
S10541,Fashion,Chile,Sodimac,Self sign-up,Micro,5.0,1,28.0,0,0,0.0026
S08629,Hardware,Peru,Tottus,Self sign-up,Small,7.0,0,27.0,0,0,0.0026
S02053,Hardware,Chile,Tottus,Self sign-up,Micro,6.0,1,29.0,3,0,0.0026
S10985,Home,Chile,Sodimac,Self sign-up,Small,13.0,0,31.0,0,0,0.0026
S05746,Home,Colombia,Tottus,Referral,Micro,3.0,5,33.0,1,0,0.0026
S01597,Home,Chile,Falabella Retail,Self sign-up,Small,4.0,0,28.0,1,0,0.0026
S08687,Home,Colombia,Marketplace direct,Self sign-up,Micro,4.0,2,26.0,0,0,0.0026
S06048,Home,Peru,Falabella Retail,Self sign-up,Micro,15.0,2,32.0,1,0,0.0026
S01026,Food,Peru,Marketplace direct,Self sign-up,Micro,7.0,3,27.0,0,0,0.0026
S11133,Food,Colombia,Tottus,Self sign-up,Micro,6.0,5,29.0,1,0,0.0026
S15429,Toys,Colombia,Tottus,Sales rep,Micro,9.0,3,35.0,4,0,0.0026
S06044,Beauty,Chile,Sodimac,Sales rep,Small,6.0,0,34.0,1,0,0.0026
S02809,Home,Chile,Marketplace direct,Self sign-up,Micro,3.0,0,24.0,0,0,0.0026
S12234,Food,Peru,Falabella Retail,Self sign-up,Small,10.0,2,30.0,1,0,0.0026
S01960,Sports,Chile,Tottus,Self sign-up,Micro,7.0,5,34.0,3,0,0.0026
S13223,Home,Colombia,Tottus,Self sign-up,Small,11.0,0,28.0,0,0,0.0026
S03915,Home,Colombia,Marketplace direct,Event,Medium,17.0,2,36.0,0,0,0.0026
S05566,Sports,Chile,Sodimac,Self sign-up,Micro,4.0,3,30.0,2,0,0.0026
S15369,Home,Colombia,Tottus,Event,Small,13.0,2,34.0,1,0,0.0026
S16604,Sports,Peru,Sodimac,Sales rep,Micro,8.0,2,36.0,4,0,0.0026
S18297,Fashion,Colombia,Sodimac,Event,Micro,4.0,4,32.0,0,0,0.0026
S03737,Toys,Chile,Sodimac,Self sign-up,Small,10.0,0,29.0,1,0,0.0026
S12078,Electronics,Peru,Sodimac,Self sign-up,Micro,11.0,0,29.0,0,0,0.0026
S17947,Beauty,Chile,Tottus,Self sign-up,Micro,17.0,4,36.0,2,0,0.0026
S17079,Home,Chile,Tottus,Self sign-up,Micro,6.0,1,27.0,0,0,0.0026
S00748,Toys,Peru,Sodimac,Sales rep,Small,11.0,1,36.0,3,0,0.0026
S15318,Fashion,Colombia,Sodimac,Self sign-up,Micro,5.0,5,32.0,0,0,0.0026
S05965,Home,Colombia,Falabella Retail,Self sign-up,Medium,6.0,1,30.0,0,0,0.0026
S09449,Fashion,Colombia,Falabella Retail,Self sign-up,Micro,10.0,3,31.0,0,0,0.0026
S10330,Fashion,Chile,Falabella Retail,Self sign-up,Small,3.0,3,31.0,0,0,0.0026
S15693,Toys,Peru,Tottus,Sales rep,Micro,9.0,0,31.0,3,0,0.0026
S02239,Beauty,Chile,Falabella Retail,Event,Micro,7.0,3,33.0,0,0,0.0026
S16944,Food,Peru,Falabella Retail,Self sign-up,Medium,24.0,1,34.0,2,0,0.0026
S01389,Electronics,Chile,Falabella Retail,Self sign-up,Micro,9.0,2,33.0,2,0,0.0026
S06861,Hardware,Colombia,Marketplace direct,Self sign-up,Medium,9.0,4,36.0,2,0,0.0026
S10472,Toys,Peru,Tottus,Self sign-up,Micro,16.0,2,33.0,1,1,0.0026
S09205,Hardware,Chile,Marketplace direct,Self sign-up,Micro,3.0,1,25.0,0,0,0.0025
S07831,Sports,Peru,Falabella Retail,Self sign-up,Micro,3.0,1,24.0,0,0,0.0025
S11284,Hardware,Colombia,Tottus,Self sign-up,Small,6.0,1,28.0,1,0,0.0025
S18577,Electronics,Chile,Tottus,Self sign-up,Small,11.0,1,36.0,5,0,0.0025
S09278,Home,Chile,Sodimac,Self sign-up,Micro,8.0,4,33.0,0,0,0.0025
S13455,Beauty,Peru,Falabella Retail,Self sign-up,Micro,6.0,3,30.0,0,0,0.0025
S04188,Electronics,Colombia,Marketplace direct,Self sign-up,Micro,4.0,2,28.0,1,0,0.0025
S18260,Sports,Chile,Falabella Retail,Self sign-up,Micro,12.0,5,34.0,0,0,0.0025
S15987,Beauty,Chile,Marketplace direct,Self sign-up,Micro,5.0,4,31.0,0,0,0.0025
S12177,Hardware,Chile,Falabella Retail,Event,Small,18.0,0,35.0,2,0,0.0025
S08713,Toys,Peru,Sodimac,Self sign-up,Micro,22.0,3,33.0,1,0,0.0025
S13350,Toys,Chile,Falabella Retail,Event,Small,11.0,0,31.0,1,0,0.0025
S03841,Sports,Chile,Sodimac,Event,Micro,11.0,0,31.0,2,0,0.0025
S04965,Electronics,Peru,Marketplace direct,Self sign-up,Small,10.0,3,34.0,0,0,0.0025
S10206,Beauty,Peru,Tottus,Referral,Small,14.0,0,33.0,0,0,0.0025
S05816,Home,Chile,Sodimac,Self sign-up,Micro,20.0,0,33.0,3,0,0.0025
S15121,Beauty,Colombia,Sodimac,Self sign-up,Medium,7.0,0,33.0,4,0,0.0025
S14569,Food,Chile,Marketplace direct,Self sign-up,Medium,2.0,3,29.0,1,0,0.0025
S08644,Home,Chile,Sodimac,Self sign-up,Small,19.0,0,34.0,2,0,0.0025
S10766,Home,Colombia,Tottus,Self sign-up,Medium,12.0,3,35.0,1,0,0.0025
S01900,Beauty,Chile,Marketplace direct,Event,Micro,6.0,0,29.0,1,0,0.0025
S06066,Fashion,Chile,Falabella Retail,Self sign-up,Micro,5.0,2,30.0,1,0,0.0025
S19250,Fashion,Peru,Falabella Retail,Self sign-up,Micro,7.0,1,29.0,1,0,0.0025
S02190,Electronics,Peru,Sodimac,Self sign-up,Small,6.0,2,32.0,0,0,0.0025
S07148,Toys,Colombia,Falabella Retail,Self sign-up,Micro,14.0,4,31.0,0,0,0.0025
S09734,Electronics,Chile,Sodimac,Event,Micro,4.0,4,35.0,1,0,0.0025
S06255,Food,Chile,Marketplace direct,Self sign-up,Medium,7.0,2,31.0,1,0,0.0025
S04349,Hardware,Chile,Marketplace direct,Self sign-up,Micro,16.0,1,30.0,0,0,0.0025
S11863,Hardware,Chile,Tottus,Self sign-up,Micro,4.0,5,31.0,0,0,0.0025
S14285,Electronics,Colombia,Falabella Retail,Self sign-up,Small,5.0,1,29.0,0,0,0.0025
S07364,Home,Chile,Tottus,Sales rep,Small,8.0,0,33.0,0,0,0.0025
S07239,Hardware,Chile,Falabella Retail,Sales rep,Micro,5.0,0,30.0,0,0,0.0025
S05332,Home,Colombia,Falabella Retail,Referral,Micro,17.0,2,35.0,1,0,0.0025
S17944,Toys,Colombia,Marketplace direct,Event,Micro,7.0,3,34.0,6,0,0.0025
S18023,Sports,Chile,Sodimac,Self sign-up,Micro,3.0,4,30.0,1,0,0.0025
S02155,Hardware,Chile,Marketplace direct,Sales rep,Small,7.0,2,36.0,1,0,0.0025
S15842,Fashion,Colombia,Marketplace direct,Sales rep,Micro,8.0,1,35.0,4,0,0.0025
S06279,Electronics,Chile,Falabella Retail,Event,Micro,8.0,2,34.0,1,0,0.0025
S18257,Beauty,Peru,Marketplace direct,Self sign-up,Micro,17.0,1,31.0,1,0,0.0025
S19225,Beauty,Peru,Marketplace direct,Self sign-up,Small,14.0,1,34.0,3,0,0.0025
S16031,Hardware,Chile,Tottus,Event,Micro,17.0,4,36.0,0,0,0.0025
S10312,Beauty,Peru,Sodimac,Self sign-up,Micro,6.0,2,30.0,1,0,0.0025
S10703,Sports,Chile,Falabella Retail,Event,Micro,11.0,3,34.0,1,0,0.0025
S11267,Sports,Colombia,Marketplace direct,Sales rep,Micro,7.0,5,35.0,0,0,0.0025
S11572,Home,Peru,Falabella Retail,Self sign-up,Small,5.0,5,35.0,1,0,0.0025
S17024,Electronics,Peru,Marketplace direct,Self sign-up,Medium,10.0,1,34.0,1,0,0.0025
S16954,Sports,Peru,Falabella Retail,Self sign-up,Small,11.0,0,31.0,3,0,0.0024
S01931,Sports,Peru,Sodimac,Self sign-up,Micro,9.0,3,32.0,2,0,0.0024
S13053,Fashion,Chile,Sodimac,Self sign-up,Small,5.0,3,33.0,0,0,0.0024
S17519,Hardware,Chile,Tottus,Referral,Small,4.0,0,32.0,3,0,0.0024
S10002,Home,Colombia,Tottus,Sales rep,Small,2.0,0,28.0,0,0,0.0024
S03238,Fashion,Colombia,Tottus,Self sign-up,Micro,3.0,3,28.0,1,0,0.0024
S13954,Food,Chile,Falabella Retail,Self sign-up,Micro,10.0,2,29.0,1,0,0.0024
S00479,Fashion,Peru,Sodimac,Self sign-up,Micro,12.0,0,29.0,0,0,0.0024
S15726,Home,Peru,Tottus,Sales rep,Micro,7.0,3,35.0,1,0,0.0024
S10060,Hardware,Peru,Falabella Retail,Referral,Micro,8.0,2,34.0,2,0,0.0024
S07776,Home,Colombia,Falabella Retail,Self sign-up,Micro,20.0,4,36.0,2,0,0.0024
S04680,Food,Peru,Tottus,Self sign-up,Small,8.0,5,33.0,1,0,0.0024
S13345,Hardware,Chile,Tottus,Self sign-up,Micro,11.0,2,35.0,6,0,0.0024
S15402,Home,Colombia,Falabella Retail,Sales rep,Micro,6.0,1,31.0,0,0,0.0024
S12719,Home,Colombia,Sodimac,Self sign-up,Micro,10.0,0,28.0,1,0,0.0024
S16822,Sports,Peru,Tottus,Self sign-up,Micro,4.0,0,23.0,0,0,0.0024
S02363,Hardware,Colombia,Falabella Retail,Referral,Micro,9.0,5,36.0,0,0,0.0024
S14449,Toys,Chile,Falabella Retail,Event,Micro,11.0,2,32.0,1,0,0.0024
S18970,Fashion,Colombia,Sodimac,Referral,Micro,8.0,0,31.0,1,0,0.0024
S02231,Sports,Chile,Marketplace direct,Sales rep,Micro,7.0,1,32.0,1,0,0.0024
S12995,Fashion,Chile,Falabella Retail,Referral,Micro,4.0,5,36.0,0,0,0.0024
S18639,Food,Chile,Marketplace direct,Self sign-up,Medium,14.0,1,32.0,1,0,0.0024
S12440,Hardware,Colombia,Falabella Retail,Self sign-up,Micro,13.0,0,33.0,7,0,0.0024
S14621,Beauty,Peru,Marketplace direct,Event,Micro,6.0,4,34.0,1,0,0.0024
S15076,Beauty,Chile,Sodimac,Self sign-up,Small,14.0,1,34.0,1,0,0.0024
S03156,Electronics,Chile,Tottus,Self sign-up,Small,12.0,1,35.0,3,0,0.0024
S00684,Sports,Chile,Tottus,Self sign-up,Small,4.0,1,27.0,0,0,0.0024
S13104,Fashion,Chile,Marketplace direct,Self sign-up,Medium,3.0,4,34.0,0,0,0.0024
S17377,Hardware,Chile,Sodimac,Self sign-up,Small,3.0,1,29.0,1,0,0.0024
S05338,Hardware,Colombia,Sodimac,Self sign-up,Small,8.0,3,33.0,1,0,0.0024
S16955,Electronics,Peru,Tottus,Self sign-up,Micro,3.0,1,26.0,0,0,0.0024
S03888,Food,Peru,Tottus,Self sign-up,Micro,7.0,0,24.0,1,0,0.0024
S00063,Toys,Chile,Sodimac,Referral,Micro,4.0,3,32.0,1,0,0.0024
S12756,Home,Peru,Tottus,Self sign-up,Micro,6.0,5,33.0,1,0,0.0024
S17948,Home,Chile,Falabella Retail,Self sign-up,Micro,2.0,3,28.0,0,0,0.0024
S03530,Electronics,Peru,Sodimac,Self sign-up,Micro,4.0,2,30.0,1,0,0.0024
S02018,Sports,Colombia,Falabella Retail,Referral,Micro,8.0,3,33.0,1,0,0.0024
S15781,Beauty,Peru,Marketplace direct,Event,Small,5.0,2,32.0,0,0,0.0024
S08125,Fashion,Colombia,Falabella Retail,Self sign-up,Micro,15.0,2,33.0,2,0,0.0024
S10300,Home,Colombia,Falabella Retail,Self sign-up,Medium,10.0,4,36.0,0,0,0.0024
S00520,Hardware,Colombia,Marketplace direct,Self sign-up,Small,3.0,4,30.0,0,0,0.0024
S08890,Toys,Peru,Sodimac,Self sign-up,Micro,4.0,1,28.0,4,0,0.0024
S15490,Sports,Peru,Falabella Retail,Self sign-up,Medium,6.0,1,30.0,0,0,0.0024
S07526,Toys,Peru,Falabella Retail,Self sign-up,Micro,5.0,1,25.0,0,0,0.0024
S18009,Electronics,Chile,Falabella Retail,Event,Small,15.0,1,36.0,0,0,0.0024
S17257,Home,Chile,Falabella Retail,Event,Micro,2.0,0,26.0,0,0,0.0024
S16005,Food,Colombia,Falabella Retail,Self sign-up,Micro,7.0,0,24.0,1,0,0.0023
S07635,Electronics,Colombia,Falabella Retail,Self sign-up,Small,7.0,3,33.0,0,0,0.0023
S18400,Toys,Chile,Falabella Retail,Self sign-up,Micro,2.0,0,22.0,0,0,0.0023
S15828,Toys,Chile,Sodimac,Self sign-up,Micro,7.0,1,27.0,0,0,0.0023
S17251,Hardware,Chile,Falabella Retail,Event,Micro,12.0,0,33.0,3,0,0.0023
S11434,Beauty,Chile,Marketplace direct,Self sign-up,Micro,7.0,2,33.0,4,0,0.0023
S16305,Toys,Chile,Sodimac,Self sign-up,Small,3.0,2,28.0,0,0,0.0023
S05880,Home,Colombia,Sodimac,Referral,Micro,6.0,0,29.0,0,0,0.0023
S04334,Hardware,Peru,Falabella Retail,Self sign-up,Small,0.0,2,24.0,0,0,0.0023
S10955,Food,Chile,Sodimac,Sales rep,Micro,3.0,1,30.0,2,0,0.0023
S02882,Beauty,Chile,Tottus,Referral,Micro,7.0,3,34.0,0,0,0.0023
S02417,Beauty,Chile,Marketplace direct,Sales rep,Micro,4.0,1,32.0,1,0,0.0023
S08884,Fashion,Chile,Falabella Retail,Self sign-up,Medium,8.0,3,36.0,0,0,0.0023
S01453,Food,Chile,Tottus,Self sign-up,Small,12.0,0,30.0,3,0,0.0023
S10492,Food,Colombia,Marketplace direct,Self sign-up,Medium,5.0,2,29.0,1,0,0.0023
S04611,Home,Colombia,Marketplace direct,Referral,Small,11.0,0,32.0,0,0,0.0023
S03365,Home,Colombia,Falabella Retail,Self sign-up,Micro,8.0,0,28.0,2,0,0.0023
S15079,Electronics,Chile,Marketplace direct,Self sign-up,Small,3.0,1,29.0,0,0,0.0023
S06045,Fashion,Peru,Tottus,Event,Micro,15.0,1,33.0,1,0,0.0023
S00227,Beauty,Colombia,Marketplace direct,Event,Micro,11.0,0,29.0,0,0,0.0023
S14929,Fashion,Chile,Falabella Retail,Self sign-up,Micro,17.0,4,36.0,0,0,0.0023
S08944,Toys,Peru,Sodimac,Self sign-up,Small,8.0,5,35.0,1,0,0.0023
S00456,Food,Colombia,Sodimac,Self sign-up,Micro,3.0,5,28.0,0,0,0.0023
S05610,Electronics,Colombia,Tottus,Event,Small,11.0,1,33.0,0,0,0.0023
S07494,Hardware,Peru,Falabella Retail,Self sign-up,Micro,4.0,4,31.0,1,0,0.0023
S13133,Beauty,Colombia,Marketplace direct,Event,Micro,18.0,1,36.0,5,0,0.0023
S14408,Fashion,Colombia,Falabella Retail,Referral,Small,6.0,0,32.0,1,0,0.0023
S03749,Home,Peru,Falabella Retail,Sales rep,Micro,3.0,1,31.0,1,0,0.0023
S01491,Hardware,Peru,Tottus,Self sign-up,Small,3.0,3,31.0,2,0,0.0023
S05743,Hardware,Chile,Marketplace direct,Self sign-up,Small,10.0,4,35.0,0,0,0.0023
S10630,Home,Colombia,Tottus,Self sign-up,Micro,0.0,2,21.0,0,0,0.0023
S00312,Home,Chile,Marketplace direct,Self sign-up,Small,7.0,3,33.0,0,0,0.0023
S13171,Home,Chile,Falabella Retail,Event,Micro,5.0,5,36.0,1,0,0.0023
S03713,Toys,Colombia,Marketplace direct,Sales rep,Micro,9.0,4,34.0,0,0,0.0023
S14745,Hardware,Peru,Falabella Retail,Self sign-up,Micro,5.0,5,33.0,1,0,0.0023
S18474,Sports,Chile,Falabella Retail,Referral,Micro,12.0,1,34.0,2,0,0.0023
S14606,Home,Chile,Falabella Retail,Self sign-up,Micro,2.0,0,25.0,1,0,0.0023
S12419,Home,Colombia,Tottus,Self sign-up,Small,7.0,2,30.0,0,0,0.0023
S19926,Sports,Colombia,Falabella Retail,Self sign-up,Small,8.0,0,28.0,1,0,0.0023
S16035,Hardware,Peru,Tottus,Self sign-up,Micro,4.0,3,29.0,1,0,0.0023
S10449,Home,Peru,Tottus,Referral,Micro,3.0,3,31.0,0,0,0.0023
S05081,Beauty,Chile,Tottus,Self sign-up,Medium,5.0,1,31.0,0,0,0.0023
S12882,Home,Peru,Tottus,Event,Micro,5.0,3,32.0,1,0,0.0023
S00376,Food,Colombia,Tottus,Sales rep,Small,2.0,1,27.0,0,0,0.0023
S03679,Electronics,Chile,Sodimac,Self sign-up,Micro,6.0,2,32.0,1,0,0.0023
S11396,Hardware,Peru,Sodimac,Referral,Small,8.0,0,34.0,2,0,0.0023
S14279,Fashion,Peru,Tottus,Self sign-up,Micro,7.0,1,28.0,0,0,0.0023
S02471,Hardware,Chile,Sodimac,Self sign-up,Small,9.0,1,34.0,3,0,0.0023
S05323,Electronics,Chile,Falabella Retail,Event,Micro,8.0,0,31.0,0,0,0.0023
S10406,Toys,Chile,Sodimac,Self sign-up,Medium,14.0,2,36.0,2,0,0.0023
S02766,Fashion,Colombia,Tottus,Event,Small,7.0,1,32.0,1,0,0.0023
S16795,Beauty,Colombia,Falabella Retail,Referral,Micro,5.0,2,32.0,1,0,0.0023
S15206,Sports,Chile,Tottus,Self sign-up,Micro,2.0,2,25.0,0,0,0.0022
S00404,Food,Chile,Falabella Retail,Referral,Micro,15.0,0,32.0,2,0,0.0022
S08340,Home,Peru,Marketplace direct,Self sign-up,Micro,14.0,4,34.0,0,0,0.0022
S12913,Food,Colombia,Marketplace direct,Referral,Micro,5.0,0,26.0,1,0,0.0022
S06531,Food,Chile,Falabella Retail,Self sign-up,Small,4.0,5,32.0,0,0,0.0022
S17696,Fashion,Chile,Falabella Retail,Self sign-up,Micro,8.0,3,35.0,3,0,0.0022
S15236,Sports,Chile,Marketplace direct,Self sign-up,Micro,11.0,5,34.0,0,0,0.0022
S01756,Electronics,Colombia,Tottus,Self sign-up,Micro,10.0,5,36.0,2,0,0.0022
S16961,Sports,Peru,Falabella Retail,Self sign-up,Micro,10.0,1,29.0,1,0,0.0022
S15769,Toys,Chile,Tottus,Referral,Micro,15.0,1,35.0,4,0,0.0022
S10808,Home,Colombia,Falabella Retail,Self sign-up,Micro,4.0,1,26.0,0,0,0.0022
S15488,Fashion,Chile,Falabella Retail,Referral,Micro,3.0,0,29.0,0,0,0.0022
S14027,Toys,Chile,Falabella Retail,Self sign-up,Small,11.0,4,36.0,2,0,0.0022
S03654,Home,Peru,Tottus,Self sign-up,Small,1.0,1,25.0,0,0,0.0022
S08614,Electronics,Colombia,Marketplace direct,Self sign-up,Micro,12.0,3,35.0,3,0,0.0022
S04660,Sports,Chile,Sodimac,Referral,Micro,7.0,3,34.0,0,0,0.0022
S02211,Fashion,Colombia,Falabella Retail,Self sign-up,Small,9.0,2,33.0,1,0,0.0022
S14371,Fashion,Chile,Marketplace direct,Self sign-up,Micro,6.0,5,34.0,0,0,0.0022
S10998,Beauty,Peru,Falabella Retail,Sales rep,Micro,8.0,0,32.0,0,0,0.0022
S10944,Food,Chile,Falabella Retail,Event,Micro,0.0,3,24.0,0,0,0.0022
S18078,Home,Colombia,Tottus,Self sign-up,Medium,13.0,3,36.0,1,0,0.0022
S19369,Sports,Peru,Falabella Retail,Event,Micro,11.0,0,30.0,1,0,0.0022
S06683,Hardware,Chile,Falabella Retail,Self sign-up,Micro,3.0,0,25.0,0,0,0.0022
S02138,Toys,Colombia,Marketplace direct,Sales rep,Micro,5.0,0,28.0,1,0,0.0022
S02042,Sports,Chile,Sodimac,Self sign-up,Small,9.0,1,35.0,5,0,0.0022
S17885,Fashion,Chile,Sodimac,Self sign-up,Micro,10.0,1,31.0,0,0,0.0022
S05112,Toys,Peru,Falabella Retail,Self sign-up,Micro,18.0,4,35.0,2,0,0.0022
S16752,Fashion,Peru,Sodimac,Referral,Micro,11.0,2,36.0,1,0,0.0022
S11639,Food,Colombia,Falabella Retail,Self sign-up,Micro,10.0,2,29.0,2,0,0.0022
S05584,Toys,Peru,Falabella Retail,Self sign-up,Micro,9.0,1,28.0,1,0,0.0022
S01715,Toys,Chile,Marketplace direct,Self sign-up,Micro,8.0,5,34.0,2,0,0.0022
S15191,Home,Peru,Falabella Retail,Self sign-up,Micro,2.0,1,26.0,1,0,0.0022
S07946,Food,Peru,Sodimac,Referral,Medium,11.0,0,33.0,0,0,0.0022
S02757,Sports,Colombia,Sodimac,Self sign-up,Micro,16.0,4,35.0,2,0,0.0022
S17593,Beauty,Colombia,Tottus,Self sign-up,Micro,9.0,0,29.0,3,0,0.0022
S10270,Sports,Chile,Falabella Retail,Self sign-up,Micro,4.0,3,29.0,0,0,0.0022
S09070,Home,Colombia,Falabella Retail,Self sign-up,Small,7.0,0,30.0,2,0,0.0022
S06131,Sports,Colombia,Falabella Retail,Self sign-up,Micro,2.0,1,24.0,1,0,0.0022
S14331,Sports,Colombia,Sodimac,Event,Small,8.0,1,32.0,1,0,0.0022
S18174,Fashion,Peru,Marketplace direct,Referral,Micro,12.0,1,35.0,2,0,0.0022
S09342,Hardware,Chile,Sodimac,Self sign-up,Micro,8.0,0,29.0,1,0,0.0022
S14693,Home,Chile,Falabella Retail,Self sign-up,Micro,11.0,1,33.0,3,0,0.0022
S16380,Food,Chile,Marketplace direct,Self sign-up,Small,8.0,1,30.0,2,0,0.0022
S09614,Electronics,Colombia,Marketplace direct,Event,Micro,7.0,0,29.0,0,0,0.0022
S09520,Food,Peru,Falabella Retail,Self sign-up,Micro,7.0,2,28.0,1,0,0.0022
S05432,Sports,Chile,Marketplace direct,Self sign-up,Micro,4.0,0,27.0,3,0,0.0022
S16277,Food,Chile,Sodimac,Self sign-up,Micro,13.0,0,29.0,2,0,0.0021
S12520,Fashion,Colombia,Sodimac,Self sign-up,Micro,2.0,3,28.0,0,0,0.0021
S18642,Sports,Chile,Sodimac,Self sign-up,Micro,2.0,1,25.0,0,0,0.0021
S11683,Food,Chile,Tottus,Self sign-up,Medium,2.0,4,31.0,1,0,0.0021
S03415,Home,Chile,Tottus,Self sign-up,Micro,7.0,3,32.0,1,0,0.0021
S00223,Food,Colombia,Sodimac,Referral,Micro,6.0,4,33.0,1,0,0.0021
S01876,Home,Peru,Falabella Retail,Self sign-up,Micro,5.0,2,29.0,0,0,0.0021
S16443,Hardware,Peru,Falabella Retail,Self sign-up,Small,15.0,0,32.0,1,0,0.0021
S14645,Food,Colombia,Tottus,Self sign-up,Small,6.0,1,30.0,5,0,0.0021
S15552,Beauty,Colombia,Tottus,Event,Micro,17.0,4,36.0,0,0,0.0021
S00042,Sports,Colombia,Sodimac,Referral,Micro,2.0,5,33.0,1,0,0.0021
S18533,Hardware,Chile,Tottus,Self sign-up,Small,5.0,4,34.0,1,0,0.0021
S09239,Food,Chile,Falabella Retail,Self sign-up,Medium,8.0,2,32.0,0,0,0.0021
S05090,Fashion,Peru,Falabella Retail,Event,Micro,16.0,2,35.0,0,0,0.0021
S17963,Hardware,Chile,Marketplace direct,Referral,Micro,10.0,2,34.0,0,0,0.0021
S03349,Fashion,Chile,Falabella Retail,Self sign-up,Small,9.0,0,32.0,1,0,0.0021
S15343,Home,Colombia,Falabella Retail,Self sign-up,Micro,12.0,0,29.0,1,0,0.0021
S16741,Sports,Chile,Sodimac,Referral,Micro,4.0,1,30.0,0,0,0.0021
S03982,Beauty,Chile,Marketplace direct,Event,Small,9.0,0,34.0,2,0,0.0021
S18589,Electronics,Colombia,Falabella Retail,Self sign-up,Micro,15.0,3,34.0,0,0,0.0021
S00994,Food,Chile,Falabella Retail,Self sign-up,Small,4.0,1,27.0,0,0,0.0021
S19641,Fashion,Chile,Falabella Retail,Self sign-up,Micro,13.0,0,32.0,2,0,0.0021
S07571,Food,Chile,Sodimac,Sales rep,Small,10.0,1,36.0,2,0,0.0021
S07527,Toys,Colombia,Tottus,Self sign-up,Small,5.0,4,31.0,1,0,0.0021
S17783,Food,Chile,Falabella Retail,Sales rep,Micro,6.0,0,30.0,1,0,0.0021
S07205,Fashion,Chile,Falabella Retail,Sales rep,Micro,1.0,0,29.0,1,0,0.0021
S16151,Electronics,Colombia,Falabella Retail,Self sign-up,Micro,15.0,0,30.0,0,0,0.0021
S03091,Food,Chile,Marketplace direct,Sales rep,Small,5.0,0,31.0,1,0,0.0021
S12389,Toys,Chile,Falabella Retail,Referral,Micro,16.0,2,36.0,2,0,0.0021
S01819,Sports,Colombia,Marketplace direct,Self sign-up,Micro,9.0,4,31.0,0,0,0.0021
S02871,Fashion,Peru,Marketplace direct,Event,Micro,12.0,1,34.0,2,0,0.0021
S06790,Fashion,Peru,Marketplace direct,Referral,Micro,10.0,1,33.0,0,0,0.0021
S19669,Electronics,Peru,Marketplace direct,Self sign-up,Small,1.0,3,31.0,2,0,0.0021
S15495,Sports,Chile,Marketplace direct,Event,Small,18.0,0,34.0,1,0,0.0021
S03519,Toys,Peru,Falabella Retail,Self sign-up,Micro,12.0,1,30.0,2,0,0.0021
S04978,Hardware,Peru,Marketplace direct,Self sign-up,Micro,4.0,0,25.0,0,0,0.0021
S10322,Home,Chile,Marketplace direct,Self sign-up,Micro,6.0,0,28.0,1,0,0.0021
S12598,Sports,Chile,Marketplace direct,Self sign-up,Micro,14.0,2,32.0,1,0,0.0021
S09432,Beauty,Colombia,Falabella Retail,Self sign-up,Small,5.0,1,30.0,1,0,0.0021
S04927,Fashion,Peru,Tottus,Sales rep,Micro,2.0,2,31.0,0,0,0.0021
S14683,Toys,Chile,Sodimac,Self sign-up,Micro,6.0,0,26.0,0,0,0.002
S18520,Fashion,Peru,Falabella Retail,Self sign-up,Micro,7.0,0,28.0,0,0,0.002
S16339,Electronics,Peru,Falabella Retail,Self sign-up,Micro,5.0,4,33.0,0,0,0.002
S10622,Hardware,Chile,Marketplace direct,Self sign-up,Micro,8.0,2,32.0,2,0,0.002
S12230,Fashion,Chile,Falabella Retail,Referral,Small,8.0,0,35.0,1,0,0.002
S12637,Toys,Peru,Sodimac,Self sign-up,Micro,1.0,0,22.0,1,0,0.002
S16138,Home,Colombia,Marketplace direct,Self sign-up,Micro,5.0,2,28.0,0,0,0.002
S05361,Electronics,Chile,Sodimac,Self sign-up,Micro,9.0,0,32.0,2,0,0.002
S04772,Electronics,Chile,Sodimac,Self sign-up,Micro,9.0,0,32.0,2,0,0.002
S00424,Beauty,Colombia,Sodimac,Self sign-up,Micro,10.0,3,34.0,2,0,0.002
S07186,Home,Peru,Marketplace direct,Event,Micro,9.0,4,36.0,1,0,0.002
S19673,Home,Peru,Sodimac,Sales rep,Micro,5.0,2,34.0,0,0,0.002
S09603,Fashion,Peru,Marketplace direct,Self sign-up,Micro,6.0,3,32.0,1,0,0.002
S10649,Home,Chile,Marketplace direct,Self sign-up,Micro,14.0,2,35.0,3,0,0.002
S15093,Hardware,Peru,Falabella Retail,Self sign-up,Micro,6.0,0,30.0,4,0,0.002
S09915,Home,Chile,Tottus,Self sign-up,Micro,7.0,2,31.0,1,0,0.002
S00977,Fashion,Peru,Marketplace direct,Event,Micro,2.0,5,33.0,0,0,0.002
S13612,Sports,Peru,Sodimac,Event,Micro,1.0,0,24.0,0,0,0.002
S07028,Sports,Peru,Falabella Retail,Self sign-up,Small,1.0,1,25.0,0,0,0.002
S14296,Electronics,Chile,Sodimac,Self sign-up,Micro,1.0,0,25.0,0,0,0.002
S00169,Food,Chile,Falabella Retail,Referral,Micro,2.0,0,27.0,2,0,0.002
S14044,Hardware,Peru,Marketplace direct,Self sign-up,Medium,8.0,1,33.0,1,0,0.002
S15200,Electronics,Chile,Falabella Retail,Event,Micro,2.0,0,28.0,0,0,0.002
S16855,Fashion,Peru,Marketplace direct,Self sign-up,Micro,7.0,1,29.0,0,0,0.002
S15874,Food,Peru,Sodimac,Self sign-up,Small,10.0,2,31.0,0,0,0.002
S11289,Home,Colombia,Tottus,Self sign-up,Micro,6.0,2,30.0,2,0,0.002
S07989,Hardware,Peru,Falabella Retail,Self sign-up,Medium,6.0,2,34.0,1,0,0.002
S03688,Sports,Colombia,Falabella Retail,Self sign-up,Small,8.0,4,35.0,2,0,0.002
S13446,Food,Peru,Falabella Retail,Self sign-up,Micro,1.0,5,27.0,0,0,0.002
S02352,Home,Chile,Falabella Retail,Sales rep,Micro,7.0,1,34.0,0,0,0.002
S18810,Toys,Chile,Tottus,Self sign-up,Micro,12.0,4,35.0,3,0,0.002
S04114,Toys,Chile,Tottus,Sales rep,Micro,4.0,2,31.0,0,0,0.002
S14775,Electronics,Colombia,Marketplace direct,Self sign-up,Small,10.0,0,33.0,3,0,0.002
S11430,Electronics,Chile,Sodimac,Sales rep,Micro,6.0,1,35.0,0,0,0.002
S04324,Home,Chile,Falabella Retail,Self sign-up,Micro,1.0,1,25.0,0,0,0.002
S16796,Beauty,Peru,Tottus,Event,Small,9.0,1,34.0,1,0,0.002
S14138,Home,Chile,Sodimac,Event,Micro,15.0,0,33.0,0,0,0.002
S11501,Beauty,Colombia,Sodimac,Self sign-up,Medium,11.0,2,36.0,1,0,0.002
S02782,Sports,Colombia,Tottus,Event,Micro,8.0,2,30.0,0,0,0.002
S15361,Fashion,Chile,Marketplace direct,Event,Small,1.0,1,29.0,0,0,0.002
S01663,Home,Peru,Sodimac,Referral,Micro,14.0,0,35.0,2,0,0.002
S17161,Sports,Chile,Falabella Retail,Self sign-up,Micro,12.0,1,35.0,6,0,0.002
S08007,Hardware,Chile,Sodimac,Self sign-up,Micro,15.0,1,32.0,0,0,0.002
S02848,Toys,Colombia,Tottus,Self sign-up,Micro,7.0,0,25.0,1,0,0.002
S00932,Fashion,Colombia,Marketplace direct,Self sign-up,Micro,1.0,2,25.0,0,0,0.002
S01056,Food,Colombia,Marketplace direct,Event,Micro,4.0,3,29.0,1,0,0.002
S00049,Electronics,Peru,Tottus,Event,Micro,9.0,1,33.0,1,0,0.002
S05087,Fashion,Colombia,Marketplace direct,Sales rep,Micro,1.0,2,31.0,2,0,0.002
S11996,Electronics,Colombia,Sodimac,Self sign-up,Small,7.0,1,35.0,4,0,0.002
S18854,Toys,Peru,Tottus,Event,Micro,1.0,2,25.0,0,0,0.002
S03432,Food,Colombia,Falabella Retail,Self sign-up,Micro,8.0,1,26.0,0,0,0.002
S06715,Hardware,Chile,Tottus,Self sign-up,Micro,6.0,1,29.0,1,0,0.002
S09222,Home,Chile,Marketplace direct,Self sign-up,Small,10.0,0,31.0,0,0,0.002
S09890,Beauty,Peru,Falabella Retail,Sales rep,Micro,3.0,3,34.0,0,0,0.002
S11345,Beauty,Chile,Falabella Retail,Sales rep,Micro,5.0,3,36.0,0,0,0.0019
S00341,Food,Colombia,Falabella Retail,Self sign-up,Micro,6.0,1,26.0,1,0,0.0019
S05794,Toys,Colombia,Tottus,Event,Medium,2.0,4,32.0,0,0,0.0019
S08755,Home,Peru,Marketplace direct,Self sign-up,Micro,7.0,0,29.0,2,0,0.0019
S01107,Fashion,Chile,Falabella Retail,Self sign-up,Small,2.0,4,33.0,0,0,0.0019
S17619,Home,Chile,Falabella Retail,Self sign-up,Micro,7.0,5,36.0,1,0,0.0019
S04638,Home,Colombia,Tottus,Self sign-up,Micro,10.0,1,32.0,4,0,0.0019
S09649,Fashion,Colombia,Falabella Retail,Self sign-up,Micro,9.0,5,35.0,0,0,0.0019
S00928,Beauty,Chile,Marketplace direct,Self sign-up,Micro,1.0,2,27.0,1,0,0.0019
S05944,Electronics,Peru,Marketplace direct,Self sign-up,Small,9.0,0,32.0,1,0,0.0019
S15118,Fashion,Colombia,Tottus,Self sign-up,Micro,11.0,0,29.0,1,0,0.0019
S15203,Toys,Colombia,Tottus,Self sign-up,Small,10.0,3,33.0,2,0,0.0019
S08891,Sports,Peru,Sodimac,Self sign-up,Micro,2.0,1,25.0,0,0,0.0019
S02022,Electronics,Colombia,Sodimac,Sales rep,Micro,15.0,0,36.0,1,0,0.0019
S06408,Sports,Peru,Sodimac,Sales rep,Small,7.0,2,36.0,0,0,0.0019
S19843,Beauty,Colombia,Sodimac,Self sign-up,Micro,6.0,3,32.0,1,0,0.0019
S09192,Beauty,Peru,Sodimac,Referral,Micro,9.0,2,35.0,0,0,0.0019
S05169,Home,Chile,Tottus,Self sign-up,Small,13.0,1,33.0,0,0,0.0019
S12748,Fashion,Colombia,Falabella Retail,Self sign-up,Small,14.0,2,36.0,2,0,0.0019
S09055,Food,Chile,Tottus,Self sign-up,Micro,6.0,4,30.0,0,0,0.0019
S04671,Home,Colombia,Falabella Retail,Sales rep,Micro,9.0,1,36.0,3,0,0.0019
S12413,Food,Peru,Falabella Retail,Self sign-up,Small,1.0,2,26.0,1,0,0.0019
S06389,Home,Colombia,Falabella Retail,Referral,Micro,5.0,2,32.0,0,0,0.0019
S09033,Hardware,Chile,Falabella Retail,Referral,Micro,3.0,3,33.0,0,0,0.0019
S03872,Electronics,Colombia,Falabella Retail,Self sign-up,Micro,4.0,4,32.0,0,0,0.0019
S00182,Beauty,Colombia,Marketplace direct,Self sign-up,Micro,13.0,3,36.0,4,0,0.0019
S04740,Home,Peru,Marketplace direct,Self sign-up,Micro,16.0,0,30.0,0,0,0.0019
S17987,Home,Chile,Falabella Retail,Self sign-up,Micro,4.0,0,27.0,0,0,0.0019
S15351,Beauty,Chile,Sodimac,Self sign-up,Micro,19.0,0,33.0,1,0,0.0019
S10308,Sports,Chile,Sodimac,Referral,Micro,4.0,0,35.0,7,0,0.0019
S10848,Hardware,Colombia,Marketplace direct,Sales rep,Micro,5.0,2,34.0,2,0,0.0019
S06698,Toys,Chile,Falabella Retail,Self sign-up,Medium,5.0,5,36.0,0,0,0.0019
S13222,Sports,Chile,Sodimac,Referral,Micro,12.0,2,36.0,1,0,0.0019
S09179,Electronics,Peru,Marketplace direct,Sales rep,Micro,4.0,0,33.0,2,0,0.0019
S04390,Home,Chile,Falabella Retail,Self sign-up,Medium,7.0,2,35.0,0,0,0.0019
S00909,Home,Peru,Marketplace direct,Referral,Micro,3.0,0,30.0,2,0,0.0019
S10597,Fashion,Chile,Falabella Retail,Self sign-up,Small,8.0,2,35.0,1,0,0.0019
S05334,Fashion,Colombia,Marketplace direct,Self sign-up,Small,4.0,4,33.0,0,0,0.0019
S01837,Fashion,Colombia,Marketplace direct,Self sign-up,Small,4.0,4,33.0,0,0,0.0019
S17729,Fashion,Peru,Falabella Retail,Event,Micro,6.0,1,33.0,2,0,0.0019
S03538,Electronics,Colombia,Falabella Retail,Self sign-up,Micro,13.0,0,31.0,1,0,0.0019
S18983,Electronics,Colombia,Sodimac,Self sign-up,Micro,1.0,0,24.0,0,0,0.0019
S19831,Food,Chile,Tottus,Self sign-up,Small,7.0,0,28.0,1,0,0.0019
S06304,Toys,Chile,Sodimac,Event,Micro,8.0,3,35.0,2,0,0.0019
S00032,Home,Colombia,Tottus,Self sign-up,Micro,14.0,4,34.0,0,0,0.0019
S02969,Home,Chile,Falabella Retail,Self sign-up,Micro,1.0,0,24.0,0,0,0.0019
S16400,Hardware,Chile,Falabella Retail,Event,Small,4.0,4,36.0,0,0,0.0019
S17245,Home,Peru,Marketplace direct,Self sign-up,Micro,4.0,0,26.0,0,0,0.0019
S10171,Home,Colombia,Sodimac,Self sign-up,Small,2.0,5,33.0,0,0,0.0019
S01337,Beauty,Chile,Falabella Retail,Self sign-up,Micro,7.0,1,31.0,1,0,0.0019
S09261,Electronics,Colombia,Falabella Retail,Referral,Micro,15.0,1,36.0,1,0,0.0019
S06654,Beauty,Colombia,Marketplace direct,Self sign-up,Micro,3.0,4,30.0,0,0,0.0019
S07183,Fashion,Colombia,Marketplace direct,Self sign-up,Micro,7.0,2,30.0,0,0,0.0019
S05489,Toys,Peru,Marketplace direct,Self sign-up,Micro,4.0,0,24.0,0,0,0.0019
S01895,Home,Colombia,Marketplace direct,Event,Micro,8.0,1,33.0,3,0,0.0018
S03062,Home,Colombia,Sodimac,Self sign-up,Micro,23.0,0,33.0,2,0,0.0018
S01226,Fashion,Peru,Falabella Retail,Self sign-up,Micro,8.0,0,29.0,0,0,0.0018
S07258,Toys,Peru,Falabella Retail,Self sign-up,Small,9.0,4,35.0,1,0,0.0018
S01547,Toys,Peru,Tottus,Self sign-up,Small,7.0,3,33.0,2,0,0.0018
S10992,Beauty,Chile,Falabella Retail,Self sign-up,Micro,8.0,2,32.0,0,0,0.0018
S10363,Sports,Peru,Falabella Retail,Self sign-up,Medium,10.0,1,33.0,0,0,0.0018
S14529,Electronics,Chile,Sodimac,Self sign-up,Small,7.0,0,33.0,1,0,0.0018
S16175,Toys,Colombia,Falabella Retail,Event,Micro,9.0,1,31.0,2,0,0.0018
S14389,Electronics,Peru,Tottus,Event,Micro,3.0,3,33.0,1,0,0.0018
S00453,Home,Chile,Falabella Retail,Self sign-up,Small,4.0,0,30.0,1,0,0.0018
S18079,Food,Colombia,Tottus,Self sign-up,Medium,9.0,0,30.0,2,0,0.0018
S14181,Hardware,Chile,Marketplace direct,Sales rep,Small,9.0,0,35.0,0,0,0.0018
S14392,Fashion,Colombia,Falabella Retail,Self sign-up,Small,7.0,1,32.0,1,0,0.0018
S01312,Beauty,Colombia,Tottus,Self sign-up,Micro,11.0,0,29.0,1,0,0.0018
S18700,Beauty,Chile,Marketplace direct,Self sign-up,Micro,1.0,1,26.0,1,0,0.0018
S10183,Electronics,Colombia,Falabella Retail,Self sign-up,Small,17.0,0,34.0,1,0,0.0018
S13795,Sports,Peru,Marketplace direct,Event,Small,10.0,2,35.0,1,0,0.0018
S00239,Electronics,Peru,Falabella Retail,Self sign-up,Micro,7.0,5,36.0,0,0,0.0018
S14755,Hardware,Chile,Falabella Retail,Sales rep,Micro,8.0,0,34.0,1,0,0.0018
S12270,Hardware,Colombia,Falabella Retail,Referral,Micro,3.0,1,30.0,1,0,0.0018
S19345,Fashion,Chile,Sodimac,Self sign-up,Small,15.0,0,34.0,0,0,0.0018
S01792,Home,Colombia,Sodimac,Self sign-up,Micro,5.0,4,33.0,1,0,0.0018
S07459,Sports,Peru,Marketplace direct,Self sign-up,Small,17.0,1,35.0,3,0,0.0018
S00482,Beauty,Chile,Falabella Retail,Sales rep,Micro,7.0,0,35.0,2,0,0.0018
S09268,Hardware,Colombia,Tottus,Self sign-up,Small,6.0,1,30.0,1,0,0.0018
S01326,Fashion,Peru,Sodimac,Self sign-up,Small,12.0,0,36.0,4,0,0.0018
S07734,Hardware,Colombia,Falabella Retail,Self sign-up,Micro,6.0,4,32.0,0,0,0.0018
S11521,Electronics,Chile,Tottus,Self sign-up,Micro,13.0,3,36.0,1,0,0.0018
S07590,Fashion,Peru,Marketplace direct,Self sign-up,Micro,1.0,1,25.0,0,0,0.0018
S14017,Home,Chile,Sodimac,Self sign-up,Micro,11.0,2,35.0,2,0,0.0018
S01340,Electronics,Colombia,Falabella Retail,Self sign-up,Micro,5.0,1,29.0,0,0,0.0018
S03374,Fashion,Peru,Tottus,Self sign-up,Micro,2.0,4,31.0,1,0,0.0018
S19362,Sports,Colombia,Falabella Retail,Self sign-up,Micro,15.0,4,34.0,0,0,0.0018
S14256,Electronics,Chile,Tottus,Self sign-up,Micro,5.0,0,30.0,2,0,0.0018
S11804,Sports,Chile,Sodimac,Self sign-up,Micro,6.0,1,29.0,0,0,0.0018
S18367,Beauty,Colombia,Falabella Retail,Self sign-up,Micro,8.0,3,33.0,1,0,0.0018
S12010,Food,Peru,Marketplace direct,Self sign-up,Medium,9.0,1,31.0,0,0,0.0018
S19075,Electronics,Chile,Marketplace direct,Self sign-up,Micro,16.0,0,33.0,1,0,0.0018
S09858,Beauty,Peru,Sodimac,Self sign-up,Micro,8.0,2,32.0,0,0,0.0018
S02940,Food,Chile,Falabella Retail,Referral,Micro,11.0,1,33.0,1,0,0.0018
S18802,Electronics,Peru,Falabella Retail,Self sign-up,Small,11.0,1,35.0,1,0,0.0018
S16981,Home,Peru,Sodimac,Event,Micro,8.0,3,36.0,1,0,0.0017
S15044,Beauty,Chile,Tottus,Self sign-up,Micro,7.0,2,32.0,1,0,0.0017
S14493,Hardware,Chile,Falabella Retail,Self sign-up,Small,18.0,0,36.0,3,0,0.0017
S16119,Hardware,Colombia,Marketplace direct,Referral,Micro,10.0,0,31.0,0,0,0.0017
S11755,Sports,Colombia,Marketplace direct,Self sign-up,Small,17.0,4,36.0,0,0,0.0017
S08278,Food,Colombia,Falabella Retail,Self sign-up,Medium,8.0,1,32.0,2,0,0.0017
S15314,Fashion,Peru,Marketplace direct,Self sign-up,Micro,11.0,1,32.0,1,0,0.0017
S06383,Toys,Colombia,Marketplace direct,Self sign-up,Medium,11.0,1,34.0,3,0,0.0017
S10821,Electronics,Colombia,Tottus,Self sign-up,Micro,11.0,1,34.0,4,0,0.0017
S06899,Food,Colombia,Sodimac,Event,Micro,10.0,3,34.0,2,0,0.0017
S04641,Electronics,Colombia,Sodimac,Self sign-up,Medium,6.0,0,34.0,2,0,0.0017
S09447,Beauty,Colombia,Tottus,Event,Small,14.0,0,34.0,1,0,0.0017
S03252,Home,Chile,Marketplace direct,Self sign-up,Small,5.0,1,31.0,0,0,0.0017
S11661,Fashion,Colombia,Falabella Retail,Self sign-up,Micro,6.0,0,31.0,4,0,0.0017
S06653,Beauty,Chile,Tottus,Self sign-up,Micro,9.0,2,32.0,0,0,0.0017
S12523,Home,Chile,Falabella Retail,Self sign-up,Micro,10.0,1,34.0,3,0,0.0017
S14460,Sports,Peru,Marketplace direct,Self sign-up,Micro,4.0,1,29.0,3,0,0.0017
S17623,Sports,Chile,Falabella Retail,Self sign-up,Medium,4.0,0,30.0,0,0,0.0017
S14202,Hardware,Chile,Falabella Retail,Referral,Micro,4.0,2,33.0,0,0,0.0017
S04869,Sports,Chile,Falabella Retail,Self sign-up,Micro,9.0,1,30.0,0,0,0.0017
S06660,Home,Chile,Marketplace direct,Self sign-up,Micro,3.0,0,28.0,2,0,0.0017
S17581,Food,Chile,Marketplace direct,Self sign-up,Medium,16.0,1,36.0,3,0,0.0017
S04728,Beauty,Peru,Marketplace direct,Self sign-up,Medium,2.0,4,34.0,0,0,0.0017
S05998,Hardware,Chile,Falabella Retail,Referral,Micro,10.0,0,33.0,0,0,0.0017
S08732,Fashion,Chile,Falabella Retail,Self sign-up,Micro,1.0,0,25.0,0,0,0.0017
S04441,Home,Chile,Tottus,Self sign-up,Micro,9.0,1,33.0,3,0,0.0017
S01207,Fashion,Peru,Marketplace direct,Self sign-up,Micro,17.0,2,34.0,0,0,0.0017
S13868,Electronics,Peru,Tottus,Sales rep,Micro,5.0,2,35.0,0,0,0.0017
S13242,Food,Chile,Falabella Retail,Sales rep,Small,1.0,3,33.0,1,0,0.0017
S13007,Fashion,Chile,Tottus,Event,Micro,13.0,1,35.0,1,0,0.0017
S12898,Hardware,Colombia,Marketplace direct,Self sign-up,Micro,26.0,1,34.0,2,0,0.0017
S02182,Hardware,Peru,Sodimac,Self sign-up,Micro,4.0,3,31.0,0,0,0.0017
S16966,Fashion,Peru,Marketplace direct,Self sign-up,Small,11.0,3,36.0,0,0,0.0017
S19751,Toys,Chile,Tottus,Self sign-up,Micro,6.0,2,32.0,4,0,0.0017
S12487,Fashion,Colombia,Sodimac,Self sign-up,Small,0.0,1,25.0,0,0,0.0017
S10486,Electronics,Chile,Falabella Retail,Self sign-up,Micro,7.0,0,32.0,2,0,0.0017
S18897,Hardware,Colombia,Marketplace direct,Self sign-up,Small,2.0,1,27.0,0,0,0.0017
S13546,Food,Peru,Sodimac,Self sign-up,Small,8.0,2,33.0,2,0,0.0017
S08838,Home,Chile,Falabella Retail,Self sign-up,Micro,11.0,2,35.0,2,0,0.0017
S08355,Hardware,Chile,Sodimac,Self sign-up,Micro,11.0,4,36.0,0,0,0.0017
S05498,Electronics,Peru,Marketplace direct,Self sign-up,Micro,0.0,2,25.0,0,0,0.0017
S17488,Beauty,Colombia,Marketplace direct,Sales rep,Micro,2.0,1,30.0,0,0,0.0017
S14259,Hardware,Peru,Falabella Retail,Event,Micro,8.0,2,35.0,2,0,0.0017
S12773,Electronics,Chile,Marketplace direct,Self sign-up,Micro,16.0,2,36.0,1,0,0.0017
S19054,Electronics,Peru,Marketplace direct,Self sign-up,Micro,7.0,3,35.0,2,0,0.0017
S08812,Beauty,Chile,Falabella Retail,Sales rep,Small,2.0,0,35.0,3,0,0.0017
S13821,Food,Colombia,Sodimac,Event,Micro,12.0,0,30.0,1,0,0.0017
S18322,Hardware,Chile,Marketplace direct,Event,Micro,13.0,0,34.0,2,0,0.0017
S19935,Food,Chile,Sodimac,Self sign-up,Micro,7.0,1,30.0,2,0,0.0017
S11769,Home,Chile,Marketplace direct,Self sign-up,Medium,5.0,1,33.0,0,0,0.0017
S15110,Home,Peru,Sodimac,Self sign-up,Micro,6.0,2,33.0,2,0,0.0017
S03940,Electronics,Peru,Tottus,Self sign-up,Micro,11.0,2,34.0,1,0,0.0016
S04015,Beauty,Colombia,Marketplace direct,Self sign-up,Micro,1.0,0,23.0,0,0,0.0016
S02827,Home,Chile,Sodimac,Self sign-up,Micro,17.0,2,36.0,1,0,0.0016
S00161,Food,Chile,Marketplace direct,Self sign-up,Small,14.0,2,33.0,0,0,0.0016
S18742,Fashion,Colombia,Tottus,Self sign-up,Small,6.0,5,36.0,0,0,0.0016
S18620,Home,Chile,Sodimac,Event,Micro,9.0,2,36.0,1,0,0.0016
S05906,Sports,Chile,Falabella Retail,Self sign-up,Small,5.0,0,30.0,1,0,0.0016
S19900,Home,Chile,Marketplace direct,Self sign-up,Micro,5.0,0,28.0,0,0,0.0016
S03146,Toys,Chile,Falabella Retail,Event,Micro,7.0,0,31.0,2,0,0.0016
S16417,Sports,Peru,Falabella Retail,Sales rep,Micro,8.0,2,35.0,0,0,0.0016
S17852,Home,Chile,Falabella Retail,Event,Micro,10.0,2,36.0,1,0,0.0016
S09808,Fashion,Chile,Falabella Retail,Self sign-up,Micro,23.0,1,35.0,0,0,0.0016
S01912,Hardware,Chile,Falabella Retail,Self sign-up,Micro,14.0,0,32.0,1,0,0.0016
S09928,Hardware,Peru,Falabella Retail,Self sign-up,Micro,9.0,1,33.0,3,0,0.0016
S18548,Home,Peru,Tottus,Self sign-up,Small,5.0,3,34.0,1,0,0.0016
S14721,Home,Peru,Falabella Retail,Self sign-up,Micro,15.0,1,35.0,3,0,0.0016
S13570,Home,Colombia,Marketplace direct,Event,Micro,4.0,0,28.0,0,0,0.0016
S19532,Beauty,Colombia,Marketplace direct,Sales rep,Micro,5.0,3,36.0,1,0,0.0016
S17322,Food,Peru,Marketplace direct,Self sign-up,Small,5.0,3,34.0,4,0,0.0016
S01467,Home,Colombia,Marketplace direct,Self sign-up,Micro,5.0,1,28.0,0,0,0.0016
S15865,Electronics,Chile,Falabella Retail,Self sign-up,Micro,2.0,2,30.0,0,0,0.0016
S07623,Electronics,Chile,Marketplace direct,Self sign-up,Micro,8.0,0,33.0,3,0,0.0016
S10623,Beauty,Chile,Falabella Retail,Self sign-up,Micro,3.0,0,29.0,2,0,0.0016
S09016,Sports,Peru,Marketplace direct,Referral,Small,3.0,0,30.0,0,0,0.0016
S02433,Home,Peru,Sodimac,Self sign-up,Small,8.0,1,33.0,0,0,0.0016
S02456,Beauty,Chile,Sodimac,Self sign-up,Micro,10.0,3,36.0,1,0,0.0016
S02050,Food,Colombia,Marketplace direct,Self sign-up,Micro,9.0,3,33.0,4,0,0.0016
S12204,Beauty,Peru,Falabella Retail,Self sign-up,Small,4.0,2,33.0,1,0,0.0016
S07666,Toys,Peru,Falabella Retail,Self sign-up,Micro,9.0,1,29.0,0,0,0.0016
S10999,Hardware,Colombia,Sodimac,Self sign-up,Small,6.0,4,35.0,0,0,0.0016
S12624,Food,Colombia,Marketplace direct,Event,Medium,5.0,1,31.0,0,0,0.0016
S01492,Sports,Colombia,Marketplace direct,Sales rep,Micro,6.0,3,36.0,2,0,0.0016
S07013,Toys,Peru,Falabella Retail,Self sign-up,Medium,13.0,2,36.0,1,0,0.0016
S03115,Sports,Colombia,Marketplace direct,Sales rep,Small,10.0,1,36.0,1,0,0.0016
S13390,Hardware,Chile,Sodimac,Self sign-up,Micro,4.0,3,32.0,0,0,0.0016
S05495,Home,Chile,Falabella Retail,Self sign-up,Micro,9.0,0,32.0,2,0,0.0016
S10239,Fashion,Chile,Sodimac,Sales rep,Micro,5.0,1,36.0,1,0,0.0016
S02331,Fashion,Chile,Tottus,Self sign-up,Micro,14.0,2,35.0,1,0,0.0016
S03048,Food,Colombia,Falabella Retail,Self sign-up,Small,6.0,0,27.0,0,0,0.0016
S19704,Fashion,Chile,Sodimac,Self sign-up,Small,2.0,3,34.0,1,0,0.0016
S04993,Fashion,Chile,Sodimac,Self sign-up,Micro,0.0,2,27.0,1,0,0.0016
S06489,Food,Chile,Falabella Retail,Referral,Medium,8.0,0,35.0,1,0,0.0016
S14835,Fashion,Peru,Falabella Retail,Self sign-up,Micro,12.0,3,36.0,1,0,0.0016
S14898,Electronics,Chile,Marketplace direct,Self sign-up,Small,9.0,0,33.0,0,0,0.0016
S17141,Electronics,Chile,Falabella Retail,Self sign-up,Micro,18.0,1,35.0,0,0,0.0016
S08211,Food,Chile,Sodimac,Self sign-up,Small,9.0,1,33.0,2,0,0.0016
S15991,Food,Chile,Falabella Retail,Self sign-up,Medium,10.0,0,35.0,4,0,0.0016
S12263,Home,Peru,Tottus,Self sign-up,Small,7.0,2,33.0,0,0,0.0016
S10801,Home,Colombia,Falabella Retail,Self sign-up,Small,10.0,2,34.0,0,0,0.0016
S05150,Sports,Chile,Sodimac,Referral,Micro,2.0,1,30.0,0,0,0.0016
S01070,Hardware,Colombia,Sodimac,Self sign-up,Micro,9.0,3,33.0,0,0,0.0016
S06525,Food,Chile,Falabella Retail,Self sign-up,Small,5.0,0,28.0,0,0,0.0016
S02755,Hardware,Peru,Tottus,Self sign-up,Micro,7.0,3,32.0,0,0,0.0016
S15941,Sports,Colombia,Marketplace direct,Self sign-up,Micro,13.0,5,36.0,1,0,0.0016
S16204,Beauty,Colombia,Tottus,Referral,Medium,4.0,1,36.0,2,0,0.0016
S06343,Fashion,Peru,Falabella Retail,Event,Micro,8.0,3,36.0,0,0,0.0016
S02626,Beauty,Chile,Marketplace direct,Self sign-up,Micro,6.0,0,29.0,0,0,0.0016
S04250,Fashion,Peru,Sodimac,Sales rep,Micro,3.0,0,32.0,0,0,0.0016
S19627,Food,Peru,Marketplace direct,Self sign-up,Medium,5.0,2,33.0,2,0,0.0015
S06910,Toys,Peru,Falabella Retail,Referral,Micro,8.0,2,35.0,2,0,0.0015
S03726,Food,Peru,Sodimac,Self sign-up,Micro,3.0,5,32.0,1,0,0.0015
S15784,Fashion,Colombia,Falabella Retail,Referral,Small,7.0,0,34.0,0,0,0.0015
S14348,Food,Chile,Falabella Retail,Sales rep,Micro,13.0,2,36.0,0,0,0.0015
S04154,Beauty,Chile,Marketplace direct,Self sign-up,Small,10.0,0,35.0,3,0,0.0015
S18878,Fashion,Chile,Sodimac,Event,Micro,1.0,3,32.0,0,0,0.0015
S02145,Food,Chile,Marketplace direct,Self sign-up,Small,8.0,0,29.0,0,0,0.0015
S17952,Electronics,Colombia,Marketplace direct,Event,Small,3.0,4,36.0,0,0,0.0015
S16698,Toys,Colombia,Marketplace direct,Event,Micro,4.0,5,33.0,0,0,0.0015
S16187,Hardware,Chile,Sodimac,Self sign-up,Micro,8.0,0,31.0,1,0,0.0015
S12256,Sports,Chile,Sodimac,Self sign-up,Micro,6.0,3,35.0,3,0,0.0015
S01642,Fashion,Peru,Falabella Retail,Self sign-up,Micro,7.0,0,33.0,4,0,0.0015
S16254,Home,Colombia,Falabella Retail,Sales rep,Micro,9.0,0,36.0,3,0,0.0015
S14500,Electronics,Peru,Tottus,Self sign-up,Micro,6.0,3,34.0,1,0,0.0015
S04916,Toys,Peru,Marketplace direct,Self sign-up,Micro,4.0,3,30.0,1,0,0.0015
S19367,Hardware,Chile,Marketplace direct,Referral,Micro,7.0,0,33.0,1,0,0.0015
S18028,Beauty,Peru,Sodimac,Self sign-up,Micro,8.0,0,31.0,1,0,0.0015
S17421,Sports,Colombia,Marketplace direct,Self sign-up,Micro,9.0,3,34.0,3,0,0.0015
S16152,Fashion,Peru,Sodimac,Self sign-up,Micro,11.0,2,35.0,1,0,0.0015
S08321,Beauty,Chile,Sodimac,Self sign-up,Micro,13.0,2,35.0,0,0,0.0015
S16455,Toys,Peru,Marketplace direct,Sales rep,Micro,5.0,0,31.0,1,0,0.0015
S01033,Hardware,Colombia,Sodimac,Self sign-up,Micro,30.0,1,36.0,2,0,0.0015
S16589,Fashion,Peru,Sodimac,Self sign-up,Small,5.0,0,32.0,1,0,0.0015
S12919,Sports,Peru,Falabella Retail,Self sign-up,Micro,13.0,3,34.0,0,0,0.0015
S18937,Hardware,Chile,Marketplace direct,Self sign-up,Micro,8.0,2,33.0,1,0,0.0015
S07178,Food,Peru,Sodimac,Self sign-up,Small,3.0,4,32.0,0,0,0.0015
S00854,Home,Peru,Marketplace direct,Self sign-up,Micro,4.0,2,30.0,0,0,0.0015
S13890,Food,Chile,Marketplace direct,Referral,Micro,3.0,4,33.0,0,0,0.0015
S05773,Beauty,Chile,Sodimac,Self sign-up,Small,13.0,0,36.0,2,0,0.0015
S04779,Sports,Chile,Sodimac,Self sign-up,Micro,8.0,2,33.0,1,0,0.0015
S05392,Food,Chile,Sodimac,Self sign-up,Small,8.0,0,30.0,0,0,0.0015
S18455,Food,Chile,Falabella Retail,Self sign-up,Micro,6.0,1,29.0,1,0,0.0015
S08216,Hardware,Colombia,Marketplace direct,Self sign-up,Micro,9.0,5,36.0,1,0,0.0015
S10092,Electronics,Chile,Marketplace direct,Self sign-up,Micro,6.0,0,31.0,1,0,0.0015
S04891,Home,Peru,Marketplace direct,Sales rep,Micro,11.0,1,36.0,0,0,0.0015
S04725,Home,Chile,Marketplace direct,Self sign-up,Micro,4.0,0,28.0,0,0,0.0015
S17505,Sports,Colombia,Tottus,Event,Small,8.0,0,31.0,0,0,0.0015
S18349,Home,Colombia,Falabella Retail,Referral,Medium,2.0,1,36.0,3,0,0.0015
S08488,Hardware,Peru,Marketplace direct,Self sign-up,Small,7.0,0,33.0,3,0,0.0015
S12220,Toys,Colombia,Falabella Retail,Self sign-up,Micro,6.0,4,34.0,3,0,0.0015
S17579,Fashion,Chile,Marketplace direct,Event,Micro,9.0,1,35.0,1,0,0.0015
S17265,Beauty,Peru,Marketplace direct,Self sign-up,Micro,1.0,2,28.0,1,0,0.0015
S12359,Food,Chile,Falabella Retail,Event,Small,2.0,1,31.0,2,0,0.0015
S01520,Home,Colombia,Marketplace direct,Self sign-up,Medium,9.0,1,34.0,0,0,0.0015
S15901,Home,Peru,Tottus,Referral,Micro,8.0,2,35.0,0,0,0.0015
S09462,Home,Colombia,Tottus,Self sign-up,Micro,2.0,1,26.0,0,0,0.0015
S09528,Hardware,Colombia,Sodimac,Self sign-up,Micro,1.0,3,28.0,0,0,0.0015
S11723,Home,Chile,Falabella Retail,Event,Micro,8.0,2,36.0,1,0,0.0015
S04685,Fashion,Peru,Sodimac,Event,Small,6.0,1,36.0,1,0,0.0015
S09785,Sports,Colombia,Falabella Retail,Self sign-up,Micro,13.0,3,35.0,2,0,0.0015
S02947,Hardware,Peru,Sodimac,Self sign-up,Micro,9.0,1,34.0,3,0,0.0015
S12271,Home,Peru,Tottus,Event,Micro,8.0,3,36.0,1,0,0.0015
S14230,Food,Chile,Sodimac,Self sign-up,Micro,8.0,4,36.0,3,0,0.0015
S11438,Toys,Peru,Tottus,Self sign-up,Small,13.0,4,36.0,0,0,0.0014
S17927,Food,Chile,Sodimac,Self sign-up,Micro,16.0,3,36.0,2,0,0.0014
S06913,Toys,Chile,Falabella Retail,Self sign-up,Micro,17.0,2,36.0,3,0,0.0014
S12364,Food,Chile,Sodimac,Sales rep,Small,2.0,1,33.0,1,0,0.0014
S07244,Fashion,Chile,Tottus,Self sign-up,Micro,10.0,1,34.0,2,0,0.0014
S00593,Beauty,Colombia,Marketplace direct,Self sign-up,Micro,6.0,0,28.0,0,0,0.0014
S11883,Food,Chile,Sodimac,Referral,Micro,3.0,1,30.0,0,0,0.0014
S14634,Home,Chile,Tottus,Self sign-up,Small,10.0,0,35.0,3,0,0.0014
S17190,Sports,Colombia,Falabella Retail,Self sign-up,Micro,17.0,0,36.0,7,0,0.0014
S09541,Food,Chile,Sodimac,Sales rep,Micro,4.0,4,36.0,0,0,0.0014
S10231,Toys,Peru,Falabella Retail,Sales rep,Micro,8.0,2,35.0,0,0,0.0014
S05154,Electronics,Peru,Tottus,Self sign-up,Micro,5.0,0,29.0,0,0,0.0014
S16020,Home,Chile,Marketplace direct,Self sign-up,Small,8.0,0,33.0,1,0,0.0014
S11050,Electronics,Chile,Tottus,Self sign-up,Micro,17.0,0,35.0,2,0,0.0014
S16022,Food,Chile,Falabella Retail,Self sign-up,Micro,10.0,4,34.0,0,0,0.0014
S11153,Toys,Chile,Sodimac,Sales rep,Micro,2.0,1,31.0,0,0,0.0014
S06672,Beauty,Colombia,Marketplace direct,Self sign-up,Micro,14.0,2,35.0,2,0,0.0014
S08153,Hardware,Chile,Marketplace direct,Self sign-up,Micro,27.0,1,35.0,0,0,0.0014
S16513,Toys,Chile,Marketplace direct,Self sign-up,Small,13.0,2,36.0,2,0,0.0014
S09346,Fashion,Chile,Tottus,Self sign-up,Micro,8.0,2,34.0,1,0,0.0014
S03724,Hardware,Colombia,Falabella Retail,Self sign-up,Micro,1.0,1,26.0,1,0,0.0014
S15227,Toys,Chile,Tottus,Self sign-up,Micro,29.0,1,35.0,2,0,0.0014
S16407,Fashion,Chile,Tottus,Self sign-up,Micro,2.0,4,33.0,1,0,0.0014
S19832,Sports,Peru,Marketplace direct,Self sign-up,Micro,0.0,0,21.0,0,0,0.0014
S19056,Beauty,Chile,Falabella Retail,Self sign-up,Small,2.0,0,30.0,1,0,0.0014
S10933,Fashion,Peru,Falabella Retail,Event,Micro,7.0,0,33.0,1,0,0.0014
S08149,Electronics,Peru,Falabella Retail,Self sign-up,Micro,5.0,1,32.0,1,0,0.0014
S10455,Toys,Chile,Falabella Retail,Event,Small,8.0,1,34.0,0,0,0.0014
S00380,Beauty,Peru,Sodimac,Sales rep,Small,4.0,0,35.0,0,0,0.0014
S12017,Food,Chile,Falabella Retail,Self sign-up,Small,6.0,0,30.0,1,0,0.0014
S08108,Beauty,Peru,Falabella Retail,Event,Medium,4.0,0,34.0,0,0,0.0014
S07500,Fashion,Chile,Falabella Retail,Self sign-up,Micro,9.0,1,33.0,0,0,0.0014
S11735,Hardware,Peru,Tottus,Sales rep,Micro,3.0,2,35.0,2,0,0.0014
S08128,Beauty,Chile,Marketplace direct,Self sign-up,Micro,6.0,2,34.0,2,0,0.0014
S01375,Electronics,Peru,Falabella Retail,Self sign-up,Micro,4.0,2,32.0,0,0,0.0014
S00608,Toys,Chile,Marketplace direct,Self sign-up,Micro,13.0,1,32.0,1,0,0.0014
S04883,Fashion,Colombia,Tottus,Referral,Micro,5.0,0,31.0,0,0,0.0014
S07371,Hardware,Chile,Marketplace direct,Self sign-up,Micro,6.0,3,34.0,1,0,0.0014
S09073,Sports,Chile,Sodimac,Event,Medium,9.0,0,36.0,0,0,0.0014
S18109,Hardware,Chile,Tottus,Self sign-up,Micro,3.0,1,30.0,2,0,0.0014
S08982,Sports,Peru,Marketplace direct,Event,Micro,6.0,1,31.0,0,0,0.0014
S01623,Electronics,Colombia,Sodimac,Event,Micro,5.0,2,35.0,1,0,0.0014
S03363,Beauty,Colombia,Sodimac,Self sign-up,Micro,9.0,3,36.0,2,0,0.0014
S15748,Beauty,Peru,Falabella Retail,Event,Micro,7.0,0,32.0,0,0,0.0014
S04106,Toys,Chile,Tottus,Self sign-up,Micro,4.0,3,31.0,1,0,0.0014
S15529,Home,Peru,Sodimac,Self sign-up,Small,4.0,4,36.0,0,0,0.0014
S04068,Food,Chile,Marketplace direct,Self sign-up,Micro,7.0,2,30.0,0,0,0.0014
S10683,Hardware,Peru,Sodimac,Self sign-up,Micro,3.0,2,31.0,1,0,0.0014
S06306,Sports,Peru,Sodimac,Self sign-up,Small,7.0,3,35.0,0,0,0.0014
S03893,Beauty,Chile,Falabella Retail,Event,Small,5.0,1,35.0,0,0,0.0014
S09038,Fashion,Chile,Tottus,Self sign-up,Micro,11.0,1,33.0,0,0,0.0014
S16461,Hardware,Chile,Marketplace direct,Self sign-up,Small,3.0,2,32.0,0,0,0.0014
S16028,Sports,Chile,Falabella Retail,Referral,Micro,16.0,0,35.0,0,0,0.0014
S05398,Sports,Chile,Sodimac,Self sign-up,Medium,3.0,1,34.0,2,0,0.0014
S06631,Electronics,Chile,Falabella Retail,Self sign-up,Micro,6.0,1,35.0,3,0,0.0014
S09721,Food,Colombia,Marketplace direct,Self sign-up,Small,26.0,1,35.0,2,0,0.0014
S04768,Home,Peru,Falabella Retail,Self sign-up,Micro,13.0,1,34.0,1,0,0.0013
S02095,Fashion,Peru,Falabella Retail,Self sign-up,Small,4.0,1,33.0,1,0,0.0013
S05496,Food,Chile,Tottus,Self sign-up,Small,18.0,1,35.0,2,0,0.0013
S02470,Fashion,Chile,Falabella Retail,Self sign-up,Micro,6.0,4,36.0,0,0,0.0013
S06370,Hardware,Peru,Sodimac,Self sign-up,Medium,9.0,0,36.0,2,0,0.0013
S16441,Hardware,Chile,Sodimac,Self sign-up,Micro,12.0,1,36.0,3,0,0.0013
S16925,Food,Chile,Marketplace direct,Self sign-up,Medium,11.0,2,36.0,1,0,0.0013
S02065,Food,Chile,Marketplace direct,Referral,Micro,6.0,3,35.0,1,0,0.0013
S00039,Sports,Chile,Marketplace direct,Self sign-up,Small,4.0,2,32.0,0,0,0.0013
S16413,Food,Chile,Sodimac,Self sign-up,Medium,5.0,0,31.0,0,0,0.0013
S01513,Toys,Chile,Marketplace direct,Referral,Micro,16.0,1,36.0,1,0,0.0013
S04560,Food,Peru,Marketplace direct,Referral,Small,5.0,0,31.0,0,0,0.0013
S04069,Home,Peru,Tottus,Self sign-up,Small,6.0,1,33.0,1,0,0.0013
S09218,Toys,Colombia,Falabella Retail,Self sign-up,Medium,10.0,3,36.0,0,0,0.0013
S02739,Beauty,Chile,Falabella Retail,Self sign-up,Small,5.0,1,34.0,1,0,0.0013
S16979,Food,Chile,Falabella Retail,Sales rep,Micro,2.0,0,29.0,0,0,0.0013
S12040,Electronics,Chile,Marketplace direct,Self sign-up,Medium,7.0,0,35.0,0,0,0.0013
S04171,Sports,Chile,Marketplace direct,Self sign-up,Small,10.0,1,35.0,2,0,0.0013
S10151,Hardware,Chile,Sodimac,Self sign-up,Small,5.0,1,33.0,0,0,0.0013
S06937,Beauty,Peru,Falabella Retail,Self sign-up,Micro,4.0,1,30.0,0,0,0.0013
S06248,Sports,Chile,Marketplace direct,Self sign-up,Micro,5.0,1,31.0,2,0,0.0013
S18912,Food,Colombia,Falabella Retail,Self sign-up,Medium,4.0,2,33.0,2,0,0.0013
S07067,Food,Colombia,Sodimac,Event,Micro,8.0,5,36.0,0,0,0.0013
S11302,Food,Chile,Tottus,Self sign-up,Micro,7.0,5,34.0,0,0,0.0013
S07789,Home,Peru,Falabella Retail,Self sign-up,Medium,5.0,1,35.0,1,0,0.0013
S11172,Hardware,Chile,Falabella Retail,Self sign-up,Micro,3.0,0,28.0,0,0,0.0013
S12826,Hardware,Peru,Tottus,Self sign-up,Small,2.0,1,29.0,0,0,0.0013
S10907,Electronics,Chile,Falabella Retail,Self sign-up,Micro,7.0,1,34.0,1,0,0.0013
S12541,Beauty,Chile,Sodimac,Self sign-up,Micro,18.0,0,35.0,1,0,0.0013
S07098,Home,Colombia,Falabella Retail,Event,Micro,0.0,2,27.0,0,0,0.0013
S17459,Electronics,Chile,Tottus,Self sign-up,Micro,1.0,5,34.0,1,0,0.0013
S06199,Food,Chile,Tottus,Self sign-up,Micro,15.0,1,31.0,0,0,0.0013
S18553,Sports,Peru,Tottus,Self sign-up,Micro,3.0,1,28.0,1,0,0.0013
S06564,Fashion,Peru,Falabella Retail,Referral,Micro,5.0,1,35.0,1,0,0.0013
S11673,Toys,Peru,Falabella Retail,Self sign-up,Micro,8.0,3,35.0,3,0,0.0013
S06733,Hardware,Peru,Marketplace direct,Self sign-up,Micro,2.0,0,26.0,0,0,0.0013
S17296,Fashion,Peru,Tottus,Self sign-up,Micro,13.0,1,34.0,1,0,0.0013
S06611,Home,Colombia,Marketplace direct,Self sign-up,Medium,0.0,4,31.0,0,0,0.0013
S02973,Food,Chile,Falabella Retail,Referral,Micro,8.0,1,33.0,0,0,0.0013
S09899,Food,Colombia,Marketplace direct,Self sign-up,Micro,10.0,0,33.0,7,0,0.0013
S02998,Food,Chile,Tottus,Event,Micro,3.0,1,30.0,2,0,0.0013
S11473,Electronics,Colombia,Sodimac,Self sign-up,Micro,13.0,0,36.0,4,0,0.0013
S15672,Sports,Peru,Sodimac,Referral,Micro,13.0,0,36.0,2,0,0.0013
S18211,Toys,Peru,Tottus,Self sign-up,Micro,18.0,0,32.0,2,0,0.0013
S15904,Hardware,Peru,Falabella Retail,Self sign-up,Micro,3.0,2,31.0,1,0,0.0013
S14983,Sports,Chile,Sodimac,Self sign-up,Micro,5.0,0,29.0,0,0,0.0013
S05486,Hardware,Peru,Tottus,Self sign-up,Micro,2.0,4,32.0,1,0,0.0013
S17834,Sports,Chile,Sodimac,Referral,Micro,5.0,0,33.0,1,0,0.0013
S11063,Home,Chile,Falabella Retail,Self sign-up,Micro,9.0,1,33.0,0,0,0.0013
S00653,Home,Peru,Falabella Retail,Self sign-up,Micro,11.0,1,33.0,0,0,0.0013
S01650,Home,Colombia,Falabella Retail,Sales rep,Micro,1.0,0,30.0,1,0,0.0013
S04182,Sports,Chile,Sodimac,Self sign-up,Small,7.0,0,32.0,0,0,0.0013
S08396,Beauty,Chile,Sodimac,Self sign-up,Micro,8.0,1,34.0,1,0,0.0013
S13555,Electronics,Peru,Marketplace direct,Self sign-up,Micro,4.0,3,35.0,2,0,0.0013
S17592,Electronics,Chile,Tottus,Self sign-up,Micro,11.0,1,34.0,0,0,0.0013
S14488,Home,Chile,Falabella Retail,Self sign-up,Micro,5.0,3,34.0,0,0,0.0013
S00875,Hardware,Chile,Tottus,Self sign-up,Micro,5.0,1,31.0,1,0,0.0013
S15933,Food,Chile,Marketplace direct,Self sign-up,Micro,18.0,1,32.0,0,0,0.0013
S16710,Home,Chile,Marketplace direct,Self sign-up,Micro,10.0,0,34.0,3,0,0.0013
S19304,Food,Chile,Tottus,Event,Micro,19.0,0,35.0,3,0,0.0013
S14225,Food,Chile,Sodimac,Self sign-up,Micro,8.0,3,33.0,0,0,0.0013
S04037,Hardware,Colombia,Sodimac,Self sign-up,Small,9.0,1,36.0,3,0,0.0013
S16607,Home,Chile,Sodimac,Referral,Small,6.0,0,36.0,0,0,0.0013
S09472,Electronics,Chile,Tottus,Self sign-up,Small,11.0,1,36.0,0,0,0.0013
S08368,Home,Peru,Falabella Retail,Self sign-up,Small,7.0,2,35.0,0,0,0.0013
S00333,Hardware,Chile,Marketplace direct,Self sign-up,Micro,13.0,1,35.0,2,0,0.0013
S10643,Food,Colombia,Marketplace direct,Sales rep,Micro,9.0,2,35.0,1,0,0.0013
S06400,Home,Colombia,Tottus,Event,Micro,13.0,0,36.0,4,0,0.0012
S04046,Home,Colombia,Falabella Retail,Self sign-up,Small,4.0,0,30.0,0,0,0.0012
S10327,Home,Peru,Tottus,Self sign-up,Small,7.0,2,36.0,2,0,0.0012
S14552,Fashion,Peru,Falabella Retail,Self sign-up,Micro,8.0,2,34.0,0,0,0.0012
S09246,Fashion,Colombia,Tottus,Self sign-up,Micro,18.0,2,35.0,0,0,0.0012
S15225,Home,Colombia,Sodimac,Referral,Small,2.0,1,34.0,1,0,0.0012
S15025,Sports,Colombia,Falabella Retail,Self sign-up,Micro,4.0,0,30.0,0,1,0.0012
S03894,Food,Peru,Marketplace direct,Self sign-up,Micro,9.0,1,31.0,2,0,0.0012
S13046,Sports,Chile,Tottus,Self sign-up,Micro,10.0,1,34.0,3,0,0.0012
S17902,Food,Chile,Sodimac,Self sign-up,Micro,8.0,3,34.0,1,0,0.0012
S07790,Toys,Colombia,Falabella Retail,Self sign-up,Micro,11.0,1,32.0,2,0,0.0012
S14851,Toys,Chile,Tottus,Event,Micro,3.0,0,28.0,0,0,0.0012
S09054,Hardware,Colombia,Sodimac,Event,Small,8.0,0,34.0,0,0,0.0012
S07294,Sports,Peru,Sodimac,Self sign-up,Micro,3.0,5,34.0,0,0,0.0012
S17641,Food,Chile,Sodimac,Self sign-up,Micro,8.0,0,30.0,1,0,0.0012
S00946,Toys,Peru,Falabella Retail,Event,Small,9.0,0,34.0,1,0,0.0012
S10987,Food,Peru,Marketplace direct,Self sign-up,Micro,10.0,2,36.0,6,0,0.0012
S01325,Hardware,Colombia,Falabella Retail,Self sign-up,Micro,3.0,0,27.0,0,0,0.0012
S06006,Sports,Colombia,Marketplace direct,Self sign-up,Micro,7.0,1,31.0,2,0,0.0012
S16142,Home,Peru,Falabella Retail,Self sign-up,Micro,12.0,0,33.0,1,0,0.0012
S03440,Home,Chile,Falabella Retail,Self sign-up,Micro,7.0,0,32.0,1,0,0.0012
S09094,Home,Colombia,Sodimac,Self sign-up,Micro,17.0,1,35.0,1,0,0.0012
S02967,Home,Chile,Sodimac,Self sign-up,Micro,4.0,3,34.0,0,0,0.0012
S01451,Sports,Chile,Sodimac,Self sign-up,Micro,13.0,0,33.0,1,0,0.0012
S14440,Home,Peru,Falabella Retail,Self sign-up,Small,12.0,0,35.0,1,0,0.0012
S19045,Hardware,Chile,Falabella Retail,Sales rep,Micro,5.0,0,35.0,1,0,0.0012
S14941,Food,Chile,Tottus,Self sign-up,Small,4.0,3,33.0,1,0,0.0012
S10804,Beauty,Chile,Sodimac,Self sign-up,Micro,14.0,1,36.0,1,0,0.0012
S07182,Sports,Peru,Tottus,Self sign-up,Micro,3.0,5,33.0,0,0,0.0012
S19535,Hardware,Peru,Sodimac,Self sign-up,Micro,9.0,2,34.0,0,0,0.0012
S16595,Fashion,Peru,Marketplace direct,Event,Micro,5.0,1,33.0,0,0,0.0012
S07587,Food,Chile,Falabella Retail,Sales rep,Micro,4.0,2,34.0,0,0,0.0012
S16844,Hardware,Peru,Marketplace direct,Self sign-up,Micro,17.0,2,36.0,1,0,0.0012
S12757,Home,Chile,Sodimac,Self sign-up,Micro,8.0,1,35.0,2,0,0.0012
S05542,Beauty,Chile,Falabella Retail,Self sign-up,Micro,2.0,3,33.0,1,0,0.0012
S01012,Fashion,Colombia,Marketplace direct,Self sign-up,Micro,4.0,2,31.0,0,0,0.0012
S03544,Home,Colombia,Tottus,Event,Small,10.0,0,35.0,1,0,0.0012
S05368,Hardware,Chile,Falabella Retail,Self sign-up,Micro,8.0,2,34.0,0,0,0.0012
S18415,Fashion,Peru,Tottus,Referral,Micro,11.0,0,35.0,0,0,0.0012
S12037,Beauty,Chile,Falabella Retail,Self sign-up,Micro,8.0,0,36.0,5,0,0.0012
S04968,Electronics,Colombia,Falabella Retail,Event,Small,5.0,0,34.0,0,0,0.0012
S03945,Hardware,Chile,Sodimac,Self sign-up,Small,13.0,0,36.0,1,0,0.0012
S17303,Fashion,Chile,Tottus,Self sign-up,Micro,8.0,0,34.0,3,0,0.0012
S17162,Fashion,Peru,Falabella Retail,Self sign-up,Micro,9.0,0,32.0,0,0,0.0012
S09494,Electronics,Peru,Tottus,Event,Micro,9.0,1,36.0,1,0,0.0012
S00913,Food,Colombia,Falabella Retail,Event,Micro,8.0,4,35.0,0,0,0.0012
S09178,Toys,Colombia,Marketplace direct,Self sign-up,Micro,3.0,3,30.0,1,0,0.0012
S13756,Food,Colombia,Marketplace direct,Self sign-up,Micro,5.0,1,28.0,1,0,0.0012
S15132,Hardware,Chile,Marketplace direct,Self sign-up,Micro,9.0,2,34.0,0,0,0.0012
S11169,Toys,Peru,Marketplace direct,Referral,Micro,6.0,1,34.0,2,0,0.0012
S13582,Sports,Chile,Tottus,Self sign-up,Micro,11.0,1,33.0,1,0,0.0012
S02173,Electronics,Chile,Falabella Retail,Self sign-up,Medium,4.0,1,36.0,0,0,0.0012
S18542,Toys,Colombia,Marketplace direct,Sales rep,Micro,14.0,0,34.0,0,0,0.0012
S12287,Toys,Peru,Falabella Retail,Event,Micro,5.0,4,36.0,1,0,0.0012
S07902,Food,Peru,Sodimac,Self sign-up,Micro,20.0,0,35.0,4,0,0.0012
S04134,Fashion,Colombia,Marketplace direct,Sales rep,Micro,6.0,0,34.0,0,0,0.0012
S10389,Home,Chile,Tottus,Self sign-up,Micro,9.0,0,34.0,3,0,0.0011
S13569,Hardware,Peru,Tottus,Sales rep,Micro,2.0,1,33.0,1,0,0.0011
S15800,Toys,Chile,Falabella Retail,Self sign-up,Micro,3.0,0,28.0,1,0,0.0011
S04316,Food,Colombia,Marketplace direct,Self sign-up,Micro,10.0,1,31.0,2,0,0.0011
S15466,Hardware,Peru,Marketplace direct,Self sign-up,Small,4.0,2,34.0,1,0,0.0011
S14812,Hardware,Chile,Falabella Retail,Event,Medium,1.0,1,36.0,3,0,0.0011
S03671,Sports,Chile,Falabella Retail,Self sign-up,Micro,7.0,0,32.0,2,0,0.0011
S10662,Food,Colombia,Falabella Retail,Self sign-up,Micro,11.0,1,31.0,1,0,0.0011
S11868,Home,Peru,Tottus,Self sign-up,Micro,11.0,1,33.0,0,0,0.0011
S08217,Beauty,Chile,Falabella Retail,Self sign-up,Micro,6.0,1,36.0,4,0,0.0011
S08659,Fashion,Colombia,Tottus,Event,Micro,3.0,1,31.0,0,0,0.0011
S10807,Home,Colombia,Marketplace direct,Self sign-up,Small,10.0,1,35.0,1,0,0.0011
S08515,Beauty,Peru,Marketplace direct,Self sign-up,Micro,8.0,3,36.0,1,0,0.0011
S09589,Electronics,Chile,Marketplace direct,Self sign-up,Small,2.0,0,31.0,0,0,0.0011
S17415,Fashion,Peru,Sodimac,Self sign-up,Small,2.0,4,36.0,0,0,0.0011
S13859,Hardware,Chile,Falabella Retail,Self sign-up,Micro,5.0,0,32.0,2,0,0.0011
S08155,Food,Colombia,Falabella Retail,Sales rep,Micro,13.0,1,36.0,1,0,0.0011
S10377,Home,Colombia,Tottus,Sales rep,Micro,8.0,0,36.0,2,0,0.0011
S18951,Fashion,Chile,Marketplace direct,Event,Micro,6.0,2,36.0,0,0,0.0011
S01560,Food,Chile,Tottus,Self sign-up,Micro,3.0,0,26.0,0,0,0.0011
S08328,Hardware,Colombia,Sodimac,Event,Small,9.0,0,35.0,0,0,0.0011
S09976,Sports,Chile,Falabella Retail,Self sign-up,Small,3.0,0,31.0,1,0,0.0011
S01237,Fashion,Chile,Falabella Retail,Self sign-up,Micro,6.0,1,34.0,1,0,0.0011
S12168,Home,Peru,Falabella Retail,Event,Micro,8.0,0,36.0,3,0,0.0011
S08772,Sports,Colombia,Marketplace direct,Event,Micro,3.0,2,31.0,0,0,0.0011
S12527,Electronics,Chile,Sodimac,Self sign-up,Micro,2.0,3,34.0,0,0,0.0011
S00379,Toys,Chile,Falabella Retail,Self sign-up,Micro,13.0,2,36.0,2,0,0.0011
S02628,Home,Chile,Tottus,Sales rep,Micro,2.0,0,33.0,1,0,0.0011
S18010,Toys,Colombia,Marketplace direct,Self sign-up,Small,4.0,2,31.0,0,0,0.0011
S06667,Fashion,Colombia,Marketplace direct,Sales rep,Micro,6.0,0,36.0,2,0,0.0011
S12408,Sports,Chile,Marketplace direct,Self sign-up,Micro,7.0,3,35.0,1,0,0.0011
S18900,Sports,Peru,Tottus,Self sign-up,Small,9.0,0,32.0,0,0,0.0011
S10460,Food,Colombia,Sodimac,Self sign-up,Micro,16.0,4,36.0,0,0,0.0011
S10339,Toys,Peru,Falabella Retail,Self sign-up,Micro,12.0,2,36.0,3,0,0.0011
S14156,Toys,Colombia,Sodimac,Self sign-up,Micro,8.0,0,30.0,1,0,0.0011
S12781,Toys,Chile,Tottus,Self sign-up,Small,13.0,0,33.0,0,0,0.0011
S16622,Sports,Chile,Marketplace direct,Self sign-up,Small,11.0,0,36.0,3,0,0.0011
S00240,Hardware,Colombia,Marketplace direct,Referral,Small,4.0,0,34.0,1,0,0.0011
S05806,Sports,Colombia,Falabella Retail,Self sign-up,Small,4.0,1,31.0,0,0,0.0011
S04014,Beauty,Peru,Falabella Retail,Event,Small,4.0,1,36.0,1,0,0.0011
S00918,Home,Chile,Falabella Retail,Event,Micro,2.0,4,36.0,0,0,0.0011
S06586,Electronics,Peru,Falabella Retail,Self sign-up,Micro,9.0,0,34.0,1,0,0.0011
S17455,Food,Chile,Sodimac,Sales rep,Small,2.0,1,34.0,0,0,0.0011
S01510,Electronics,Colombia,Tottus,Event,Micro,9.0,1,35.0,0,0,0.0011
S00636,Sports,Chile,Sodimac,Self sign-up,Micro,10.0,0,33.0,1,0,0.0011
S04355,Sports,Chile,Falabella Retail,Self sign-up,Micro,5.0,4,36.0,1,0,0.0011
S04807,Beauty,Chile,Marketplace direct,Self sign-up,Small,5.0,0,36.0,4,0,0.0011
S04474,Fashion,Peru,Falabella Retail,Self sign-up,Micro,8.0,2,35.0,0,0,0.001
S12924,Food,Colombia,Falabella Retail,Self sign-up,Micro,6.0,5,35.0,1,0,0.001
S17148,Home,Colombia,Falabella Retail,Self sign-up,Micro,3.0,2,31.0,0,0,0.001
S12815,Fashion,Peru,Sodimac,Self sign-up,Micro,10.0,0,35.0,2,0,0.001
S19382,Fashion,Peru,Marketplace direct,Referral,Micro,11.0,0,36.0,0,0,0.001
S05602,Hardware,Colombia,Falabella Retail,Referral,Micro,4.0,1,34.0,1,0,0.001
S07812,Sports,Peru,Falabella Retail,Self sign-up,Micro,9.0,3,35.0,0,0,0.001
S13939,Hardware,Colombia,Tottus,Self sign-up,Micro,4.0,3,32.0,0,0,0.001
S16799,Fashion,Colombia,Tottus,Self sign-up,Micro,6.0,0,30.0,0,0,0.001
S13613,Sports,Colombia,Sodimac,Self sign-up,Small,10.0,1,35.0,1,0,0.001
S02953,Food,Colombia,Marketplace direct,Self sign-up,Micro,9.0,5,35.0,0,0,0.001
S11120,Hardware,Chile,Marketplace direct,Sales rep,Micro,6.0,0,36.0,1,0,0.001
S16535,Home,Chile,Falabella Retail,Self sign-up,Micro,7.0,0,33.0,1,0,0.001
S18737,Sports,Peru,Sodimac,Event,Micro,7.0,1,34.0,0,0,0.001
S11512,Beauty,Peru,Marketplace direct,Self sign-up,Small,2.0,0,30.0,0,0,0.001
S19568,Food,Peru,Tottus,Sales rep,Small,3.0,0,33.0,1,0,0.001
S14059,Electronics,Chile,Falabella Retail,Self sign-up,Small,3.0,0,33.0,0,0,0.001
S15695,Toys,Colombia,Sodimac,Self sign-up,Micro,15.0,2,35.0,1,0,0.001
S12957,Fashion,Chile,Marketplace direct,Self sign-up,Small,5.0,2,36.0,0,0,0.001
S04674,Sports,Chile,Marketplace direct,Self sign-up,Micro,8.0,3,35.0,0,0,0.001
S09269,Hardware,Colombia,Falabella Retail,Self sign-up,Micro,0.0,5,31.0,1,0,0.001
S16302,Fashion,Colombia,Falabella Retail,Self sign-up,Micro,11.0,0,36.0,4,0,0.001
S19494,Food,Colombia,Sodimac,Self sign-up,Medium,4.0,4,36.0,0,0,0.001
S18071,Food,Colombia,Falabella Retail,Self sign-up,Micro,3.0,5,35.0,3,0,0.001
S09991,Fashion,Colombia,Sodimac,Referral,Micro,4.0,2,36.0,0,0,0.001
S10049,Sports,Colombia,Tottus,Self sign-up,Micro,5.0,3,32.0,0,0,0.001
S02176,Fashion,Colombia,Sodimac,Self sign-up,Micro,4.0,0,31.0,1,0,0.001
S01955,Food,Peru,Marketplace direct,Self sign-up,Small,3.0,4,36.0,3,0,0.001
S02354,Fashion,Colombia,Falabella Retail,Self sign-up,Micro,8.0,1,34.0,1,0,0.001
S01225,Hardware,Chile,Sodimac,Event,Micro,3.0,3,36.0,0,0,0.001
S17054,Fashion,Chile,Marketplace direct,Self sign-up,Micro,6.0,3,36.0,0,0,0.001
S06319,Beauty,Chile,Tottus,Self sign-up,Small,11.0,0,36.0,1,0,0.001
S16916,Home,Chile,Tottus,Event,Micro,1.0,0,29.0,0,0,0.001
S15738,Electronics,Colombia,Falabella Retail,Self sign-up,Micro,9.0,1,35.0,1,0,0.001
S10888,Fashion,Colombia,Tottus,Self sign-up,Small,6.0,2,35.0,0,0,0.001
S09972,Food,Chile,Tottus,Self sign-up,Micro,7.0,0,29.0,0,0,0.001
S05488,Fashion,Chile,Tottus,Self sign-up,Micro,10.0,2,36.0,0,0,0.001
S14596,Home,Peru,Sodimac,Self sign-up,Micro,12.0,1,36.0,1,0,0.001
S08943,Toys,Chile,Sodimac,Self sign-up,Small,10.0,1,36.0,1,0,0.001
S09501,Sports,Peru,Sodimac,Self sign-up,Micro,13.0,1,35.0,1,0,0.001
S13256,Fashion,Colombia,Falabella Retail,Self sign-up,Micro,12.0,0,34.0,1,0,0.001
S04101,Sports,Chile,Marketplace direct,Referral,Micro,10.0,0,35.0,0,0,0.001
S17118,Food,Chile,Sodimac,Self sign-up,Micro,20.0,0,35.0,2,0,0.001
S06807,Food,Chile,Sodimac,Self sign-up,Micro,4.0,0,31.0,3,0,0.001
S13444,Fashion,Colombia,Tottus,Self sign-up,Micro,4.0,5,36.0,0,0,0.001
S16071,Fashion,Peru,Marketplace direct,Event,Micro,4.0,2,35.0,0,0,0.001
S14599,Toys,Chile,Marketplace direct,Self sign-up,Micro,12.0,1,33.0,0,0,0.001
S11721,Beauty,Chile,Tottus,Self sign-up,Small,7.0,0,34.0,0,0,0.001
S17197,Home,Colombia,Sodimac,Self sign-up,Micro,7.0,0,34.0,3,0,0.001
S11617,Electronics,Peru,Falabella Retail,Self sign-up,Micro,9.0,1,36.0,1,0,0.0009
S16126,Hardware,Chile,Marketplace direct,Self sign-up,Micro,13.0,1,35.0,0,0,0.0009
S18570,Toys,Chile,Falabella Retail,Self sign-up,Micro,6.0,0,31.0,1,0,0.0009
S01484,Sports,Peru,Sodimac,Self sign-up,Small,4.0,0,34.0,3,0,0.0009
S10079,Toys,Chile,Falabella Retail,Self sign-up,Micro,3.0,2,31.0,0,0,0.0009
S01585,Food,Chile,Tottus,Event,Micro,15.0,0,36.0,3,0,0.0009
S14105,Home,Colombia,Falabella Retail,Self sign-up,Micro,9.0,1,35.0,2,0,0.0009
S01333,Food,Colombia,Tottus,Referral,Micro,15.0,2,36.0,0,0,0.0009
S16047,Home,Colombia,Sodimac,Self sign-up,Micro,11.0,0,33.0,0,0,0.0009
S13388,Fashion,Peru,Falabella Retail,Referral,Micro,4.0,0,35.0,1,0,0.0009
S16923,Toys,Colombia,Falabella Retail,Self sign-up,Micro,6.0,1,31.0,1,0,0.0009
S18860,Toys,Colombia,Falabella Retail,Self sign-up,Micro,7.0,2,32.0,0,0,0.0009
S01750,Sports,Colombia,Sodimac,Self sign-up,Micro,16.0,0,33.0,0,0,0.0009
S04477,Home,Peru,Tottus,Self sign-up,Micro,8.0,1,34.0,1,0,0.0009
S08586,Electronics,Peru,Falabella Retail,Self sign-up,Micro,9.0,0,34.0,0,0,0.0009
S07566,Electronics,Peru,Sodimac,Self sign-up,Medium,2.0,0,34.0,0,0,0.0009
S13016,Sports,Colombia,Falabella Retail,Self sign-up,Small,8.0,2,36.0,1,0,0.0009
S05117,Toys,Peru,Falabella Retail,Referral,Micro,13.0,0,36.0,1,0,0.0009
S13184,Beauty,Chile,Tottus,Event,Small,4.0,1,36.0,0,0,0.0009
S12435,Fashion,Colombia,Sodimac,Self sign-up,Micro,5.0,2,34.0,0,0,0.0009
S01047,Toys,Peru,Tottus,Self sign-up,Micro,20.0,0,36.0,4,0,0.0009
S16432,Hardware,Peru,Tottus,Self sign-up,Micro,16.0,1,35.0,0,0,0.0009
S07108,Home,Colombia,Falabella Retail,Self sign-up,Small,6.0,0,33.0,0,0,0.0009
S04802,Electronics,Peru,Falabella Retail,Self sign-up,Micro,3.0,1,34.0,2,0,0.0009
S17409,Toys,Colombia,Sodimac,Self sign-up,Small,8.0,0,33.0,1,0,0.0009
S10504,Toys,Chile,Tottus,Sales rep,Micro,5.0,0,36.0,3,0,0.0009
S10108,Hardware,Peru,Marketplace direct,Self sign-up,Micro,8.0,1,34.0,1,0,0.0009
S15644,Hardware,Peru,Falabella Retail,Self sign-up,Micro,6.0,2,35.0,1,0,0.0009
S17130,Food,Peru,Falabella Retail,Self sign-up,Micro,5.0,2,33.0,2,0,0.0009
S17175,Fashion,Chile,Tottus,Self sign-up,Micro,10.0,1,36.0,1,0,0.0009
S19674,Toys,Colombia,Falabella Retail,Self sign-up,Small,5.0,0,33.0,3,0,0.0009
S14242,Hardware,Chile,Falabella Retail,Sales rep,Micro,0.0,3,34.0,0,0,0.0009
S13298,Beauty,Peru,Falabella Retail,Self sign-up,Micro,9.0,2,36.0,0,0,0.0009
S02214,Food,Chile,Falabella Retail,Event,Small,8.0,1,36.0,0,0,0.0009
S01434,Home,Chile,Marketplace direct,Self sign-up,Micro,4.0,0,31.0,0,0,0.0009
S15625,Beauty,Peru,Falabella Retail,Self sign-up,Micro,10.0,1,35.0,0,0,0.0009
S03178,Electronics,Colombia,Marketplace direct,Self sign-up,Micro,14.0,0,36.0,2,0,0.0009
S15640,Electronics,Colombia,Marketplace direct,Self sign-up,Micro,18.0,0,36.0,1,0,0.0009
S02938,Home,Peru,Falabella Retail,Self sign-up,Micro,5.0,2,35.0,1,0,0.0009
S14717,Toys,Colombia,Sodimac,Self sign-up,Micro,5.0,1,32.0,2,0,0.0009
S07390,Home,Colombia,Falabella Retail,Self sign-up,Small,7.0,1,35.0,0,0,0.0009
S14670,Fashion,Chile,Falabella Retail,Self sign-up,Micro,8.0,0,34.0,0,0,0.0009
S08954,Fashion,Chile,Falabella Retail,Self sign-up,Micro,9.0,0,36.0,2,0,0.0009
S09320,Toys,Colombia,Sodimac,Referral,Micro,5.0,1,36.0,3,0,0.0009
S06022,Electronics,Chile,Falabella Retail,Self sign-up,Micro,8.0,1,36.0,0,0,0.0009
S11622,Fashion,Chile,Marketplace direct,Self sign-up,Medium,5.0,0,36.0,0,0,0.0009
S10555,Food,Peru,Falabella Retail,Referral,Micro,6.0,1,34.0,0,0,0.0008
S08968,Food,Colombia,Marketplace direct,Event,Small,5.0,1,33.0,0,0,0.0008
S01086,Toys,Peru,Falabella Retail,Self sign-up,Micro,6.0,0,31.0,1,0,0.0008
S10601,Toys,Colombia,Falabella Retail,Self sign-up,Micro,6.0,1,34.0,4,0,0.0008
S02767,Sports,Colombia,Marketplace direct,Event,Small,6.0,1,35.0,0,0,0.0008
S13302,Food,Peru,Falabella Retail,Self sign-up,Micro,27.0,0,35.0,1,0,0.0008
S01596,Home,Peru,Marketplace direct,Self sign-up,Small,4.0,1,34.0,0,0,0.0008
S10082,Electronics,Colombia,Falabella Retail,Event,Micro,3.0,1,34.0,0,0,0.0008
S13635,Home,Peru,Marketplace direct,Self sign-up,Micro,2.0,3,33.0,0,0,0.0008
S19342,Fashion,Colombia,Sodimac,Self sign-up,Micro,8.0,0,34.0,1,0,0.0008
S16581,Hardware,Chile,Marketplace direct,Self sign-up,Micro,5.0,0,34.0,3,0,0.0008
S01861,Food,Colombia,Falabella Retail,Self sign-up,Medium,1.0,3,34.0,2,0,0.0008
S06535,Home,Chile,Marketplace direct,Self sign-up,Small,1.0,2,33.0,0,0,0.0008
S18427,Food,Colombia,Tottus,Event,Medium,8.0,1,36.0,0,0,0.0008
S19251,Home,Colombia,Marketplace direct,Self sign-up,Micro,2.0,5,35.0,0,0,0.0008
S05268,Food,Peru,Sodimac,Self sign-up,Micro,3.0,3,33.0,1,0,0.0008
S12760,Hardware,Chile,Marketplace direct,Event,Micro,4.0,0,33.0,0,0,0.0008
S07147,Toys,Peru,Falabella Retail,Self sign-up,Small,5.0,1,34.0,1,0,0.0008
S12568,Food,Chile,Tottus,Event,Micro,12.0,1,35.0,0,0,0.0008
S01235,Electronics,Peru,Tottus,Self sign-up,Micro,9.0,0,34.0,0,0,0.0008
S05710,Toys,Colombia,Marketplace direct,Self sign-up,Micro,9.0,3,36.0,2,0,0.0008
S04055,Hardware,Chile,Marketplace direct,Self sign-up,Micro,7.0,1,34.0,0,0,0.0008
S11156,Hardware,Chile,Falabella Retail,Self sign-up,Small,6.0,1,36.0,0,0,0.0008
S10634,Sports,Chile,Falabella Retail,Self sign-up,Small,5.0,2,36.0,0,0,0.0008
S15259,Home,Chile,Sodimac,Self sign-up,Micro,2.0,4,36.0,0,0,0.0008
S08248,Fashion,Colombia,Marketplace direct,Self sign-up,Micro,3.0,1,32.0,1,0,0.0008
S03305,Electronics,Colombia,Falabella Retail,Self sign-up,Micro,4.0,1,33.0,0,0,0.0008
S12009,Fashion,Colombia,Falabella Retail,Self sign-up,Micro,7.0,1,34.0,0,0,0.0008
S19971,Hardware,Colombia,Falabella Retail,Self sign-up,Micro,6.0,2,34.0,0,0,0.0008
S14254,Hardware,Chile,Sodimac,Self sign-up,Micro,4.0,3,36.0,0,0,0.0008
S07903,Sports,Colombia,Sodimac,Self sign-up,Micro,5.0,2,33.0,0,0,0.0008
S05191,Sports,Chile,Falabella Retail,Self sign-up,Micro,7.0,0,34.0,2,0,0.0008
S07999,Food,Chile,Marketplace direct,Event,Micro,6.0,3,36.0,0,0,0.0008
S16842,Home,Chile,Marketplace direct,Self sign-up,Small,3.0,1,35.0,1,0,0.0008
S00825,Electronics,Chile,Marketplace direct,Self sign-up,Micro,2.0,0,31.0,0,0,0.0008
S03236,Food,Colombia,Marketplace direct,Self sign-up,Small,4.0,2,33.0,1,0,0.0008
S00498,Fashion,Chile,Marketplace direct,Self sign-up,Micro,4.0,0,33.0,1,0,0.0008
S13770,Food,Peru,Marketplace direct,Self sign-up,Small,9.0,1,34.0,0,0,0.0008
S19047,Home,Peru,Marketplace direct,Event,Micro,3.0,2,35.0,0,0,0.0008
S12940,Sports,Colombia,Tottus,Self sign-up,Medium,6.0,1,35.0,0,0,0.0008
S13152,Fashion,Chile,Sodimac,Self sign-up,Micro,1.0,0,30.0,0,0,0.0008
S02769,Food,Peru,Marketplace direct,Self sign-up,Micro,11.0,0,33.0,2,0,0.0008
S09413,Food,Chile,Falabella Retail,Self sign-up,Micro,6.0,1,32.0,0,0,0.0008
S10277,Fashion,Chile,Falabella Retail,Self sign-up,Micro,3.0,0,32.0,0,0,0.0008
S19913,Hardware,Colombia,Falabella Retail,Self sign-up,Small,3.0,1,33.0,0,0,0.0008
S14074,Fashion,Colombia,Marketplace direct,Self sign-up,Small,9.0,0,36.0,1,0,0.0008
S19895,Hardware,Peru,Marketplace direct,Self sign-up,Micro,12.0,0,34.0,0,0,0.0008
S12509,Sports,Chile,Marketplace direct,Self sign-up,Micro,5.0,0,32.0,1,0,0.0008
S18728,Fashion,Chile,Falabella Retail,Self sign-up,Micro,7.0,0,36.0,2,0,0.0008
S11738,Fashion,Colombia,Falabella Retail,Self sign-up,Micro,6.0,2,36.0,1,0,0.0008
S12917,Hardware,Chile,Marketplace direct,Self sign-up,Micro,7.0,1,36.0,2,0,0.0008
S14916,Toys,Chile,Sodimac,Self sign-up,Micro,4.0,4,36.0,0,0,0.0008
S18430,Sports,Chile,Tottus,Self sign-up,Micro,6.0,2,35.0,1,0,0.0008
S08029,Beauty,Colombia,Falabella Retail,Self sign-up,Micro,7.0,1,34.0,0,0,0.0008
S13194,Fashion,Colombia,Tottus,Self sign-up,Small,5.0,2,36.0,0,0,0.0008
S01867,Home,Colombia,Falabella Retail,Self sign-up,Small,3.0,1,36.0,3,0,0.0008
S15007,Food,Chile,Marketplace direct,Self sign-up,Medium,1.0,1,32.0,1,0,0.0008
S08528,Toys,Chile,Sodimac,Self sign-up,Micro,7.0,0,34.0,2,0,0.0007
S08233,Beauty,Colombia,Marketplace direct,Self sign-up,Micro,1.0,1,29.0,0,0,0.0007
S05590,Fashion,Colombia,Falabella Retail,Self sign-up,Micro,2.0,1,32.0,1,0,0.0007
S18065,Toys,Colombia,Sodimac,Self sign-up,Micro,0.0,4,31.0,2,0,0.0007
S15049,Food,Chile,Marketplace direct,Self sign-up,Micro,19.0,0,34.0,0,0,0.0007
S01736,Hardware,Chile,Marketplace direct,Self sign-up,Micro,4.0,1,33.0,0,0,0.0007
S01794,Hardware,Chile,Tottus,Self sign-up,Micro,1.0,3,34.0,2,0,0.0007
S17819,Fashion,Chile,Tottus,Self sign-up,Micro,4.0,2,35.0,0,0,0.0007
S08692,Electronics,Chile,Marketplace direct,Self sign-up,Small,4.0,0,36.0,1,0,0.0007
S08649,Sports,Chile,Sodimac,Self sign-up,Micro,5.0,2,35.0,0,0,0.0007
S03707,Sports,Chile,Sodimac,Self sign-up,Micro,2.0,0,30.0,0,0,0.0007
S16609,Hardware,Colombia,Marketplace direct,Self sign-up,Micro,10.0,0,33.0,0,0,0.0007
S06487,Sports,Peru,Falabella Retail,Self sign-up,Small,3.0,0,32.0,0,0,0.0007
S03782,Food,Chile,Marketplace direct,Self sign-up,Micro,6.0,4,36.0,0,0,0.0007
S15656,Home,Chile,Marketplace direct,Self sign-up,Micro,7.0,1,36.0,1,0,0.0007
S11802,Sports,Colombia,Tottus,Self sign-up,Micro,9.0,1,33.0,0,0,0.0007
S16309,Food,Chile,Falabella Retail,Self sign-up,Micro,6.0,3,36.0,1,0,0.0007
S08047,Food,Chile,Tottus,Self sign-up,Micro,2.0,1,29.0,0,0,0.0007
S13387,Hardware,Colombia,Falabella Retail,Self sign-up,Micro,10.0,1,35.0,0,0,0.0007
S11972,Food,Peru,Tottus,Self sign-up,Small,3.0,0,30.0,0,0,0.0007
S07441,Hardware,Peru,Falabella Retail,Self sign-up,Micro,4.0,1,34.0,1,0,0.0007
S08316,Food,Peru,Marketplace direct,Self sign-up,Small,11.0,0,34.0,0,0,0.0007
S03750,Electronics,Colombia,Sodimac,Self sign-up,Micro,3.0,0,33.0,1,0,0.0007
S19896,Sports,Peru,Sodimac,Self sign-up,Micro,3.0,1,32.0,0,0,0.0007
S01534,Electronics,Chile,Marketplace direct,Self sign-up,Micro,0.0,3,33.0,1,0,0.0007
S14330,Home,Colombia,Marketplace direct,Self sign-up,Small,5.0,1,35.0,0,0,0.0007
S18294,Food,Chile,Falabella Retail,Self sign-up,Micro,1.0,0,28.0,1,0,0.0007
S19521,Food,Peru,Sodimac,Self sign-up,Micro,2.0,5,35.0,0,0,0.0007
S11712,Electronics,Colombia,Tottus,Self sign-up,Micro,3.0,1,35.0,3,0,0.0007
S09542,Fashion,Colombia,Tottus,Self sign-up,Micro,8.0,0,35.0,2,0,0.0007
S06163,Beauty,Colombia,Falabella Retail,Self sign-up,Micro,9.0,0,35.0,1,0,0.0007
S08115,Food,Chile,Falabella Retail,Self sign-up,Micro,3.0,1,31.0,0,0,0.0007
S05045,Food,Colombia,Sodimac,Self sign-up,Small,4.0,2,34.0,0,0,0.0007
S16157,Hardware,Colombia,Marketplace direct,Self sign-up,Micro,6.0,3,36.0,0,0,0.0007
S12880,Electronics,Chile,Marketplace direct,Self sign-up,Small,1.0,1,34.0,0,0,0.0007
S09951,Food,Chile,Falabella Retail,Event,Micro,1.0,2,32.0,0,0,0.0007
S11416,Toys,Colombia,Falabella Retail,Event,Micro,8.0,1,35.0,0,0,0.0007
S10565,Fashion,Chile,Tottus,Self sign-up,Medium,3.0,0,36.0,0,0,0.0006
S08483,Beauty,Chile,Marketplace direct,Self sign-up,Micro,4.0,0,33.0,0,0,0.0006
S19212,Food,Colombia,Marketplace direct,Event,Small,4.0,1,34.0,0,0,0.0006
S12736,Home,Colombia,Falabella Retail,Self sign-up,Small,2.0,0,33.0,1,0,0.0006
S08953,Food,Chile,Falabella Retail,Sales rep,Micro,2.0,2,36.0,0,0,0.0006
S05466,Hardware,Colombia,Marketplace direct,Event,Small,1.0,3,36.0,0,0,0.0006
S16852,Electronics,Colombia,Tottus,Self sign-up,Medium,1.0,0,33.0,0,0,0.0006
S14098,Food,Chile,Marketplace direct,Self sign-up,Micro,15.0,0,35.0,1,0,0.0006
S17389,Food,Peru,Tottus,Self sign-up,Micro,3.0,1,30.0,0,0,0.0006
S15871,Food,Peru,Sodimac,Self sign-up,Micro,2.0,4,35.0,1,0,0.0006
S03052,Sports,Colombia,Falabella Retail,Self sign-up,Micro,9.0,0,34.0,1,0,0.0006
S08782,Food,Peru,Falabella Retail,Self sign-up,Micro,4.0,0,31.0,1,0,0.0006
S09898,Sports,Peru,Falabella Retail,Self sign-up,Small,4.0,1,35.0,0,0,0.0006
S10340,Toys,Colombia,Marketplace direct,Sales rep,Micro,4.0,0,34.0,0,0,0.0006
S01703,Sports,Peru,Falabella Retail,Self sign-up,Small,3.0,0,33.0,0,0,0.0006
S10428,Fashion,Colombia,Falabella Retail,Self sign-up,Micro,7.0,0,36.0,2,0,0.0006
S17922,Food,Peru,Falabella Retail,Self sign-up,Micro,5.0,0,31.0,0,0,0.0006
S02868,Food,Peru,Falabella Retail,Self sign-up,Micro,3.0,1,31.0,0,0,0.0006
S12554,Food,Chile,Tottus,Self sign-up,Micro,11.0,2,36.0,0,0,0.0006
S09742,Beauty,Peru,Marketplace direct,Self sign-up,Micro,0.0,2,31.0,1,0,0.0006
S16048,Hardware,Chile,Tottus,Self sign-up,Micro,3.0,0,32.0,0,0,0.0006
S15521,Sports,Peru,Marketplace direct,Self sign-up,Micro,13.0,0,35.0,0,0,0.0006
S12377,Hardware,Chile,Marketplace direct,Self sign-up,Micro,6.0,0,35.0,1,0,0.0006
S01722,Toys,Chile,Falabella Retail,Self sign-up,Micro,2.0,0,31.0,1,0,0.0006
S09161,Hardware,Colombia,Marketplace direct,Referral,Micro,6.0,0,36.0,0,0,0.0006
S03339,Beauty,Colombia,Sodimac,Self sign-up,Small,1.0,0,32.0,0,0,0.0006
S02643,Hardware,Colombia,Falabella Retail,Self sign-up,Micro,4.0,1,36.0,3,0,0.0006
S08148,Hardware,Chile,Sodimac,Event,Micro,4.0,0,36.0,0,0,0.0006
S19960,Sports,Peru,Falabella Retail,Self sign-up,Micro,2.0,2,34.0,1,0,0.0006
S05527,Home,Peru,Sodimac,Event,Micro,4.0,0,36.0,0,0,0.0005
S06641,Hardware,Colombia,Sodimac,Self sign-up,Micro,6.0,0,34.0,0,0,0.0005
S10673,Toys,Chile,Sodimac,Self sign-up,Micro,9.0,0,35.0,0,0,0.0005
S08820,Fashion,Chile,Falabella Retail,Self sign-up,Micro,6.0,0,36.0,0,0,0.0005
S05986,Electronics,Peru,Marketplace direct,Self sign-up,Micro,5.0,0,35.0,0,0,0.0005
S05694,Toys,Chile,Falabella Retail,Event,Micro,0.0,0,29.0,0,0,0.0005
S10391,Food,Peru,Tottus,Event,Micro,5.0,0,33.0,0,0,0.0005
S13024,Electronics,Colombia,Sodimac,Self sign-up,Micro,0.0,3,34.0,1,0,0.0005
S17678,Sports,Chile,Sodimac,Self sign-up,Micro,2.0,3,36.0,0,0,0.0005
S06788,Toys,Chile,Sodimac,Self sign-up,Micro,5.0,1,35.0,0,0,0.0005
S19224,Home,Chile,Falabella Retail,Event,Micro,3.0,0,36.0,0,0,0.0005
S15113,Food,Peru,Sodimac,Self sign-up,Micro,4.0,1,34.0,1,0,0.0005
S08859,Home,Peru,Falabella Retail,Self sign-up,Micro,2.0,2,36.0,1,0,0.0005
S10062,Hardware,Colombia,Falabella Retail,Self sign-up,Micro,10.0,0,36.0,0,0,0.0005
S09031,Food,Chile,Marketplace direct,Self sign-up,Micro,0.0,4,32.0,0,0,0.0005
S07126,Home,Peru,Falabella Retail,Self sign-up,Small,2.0,0,35.0,0,0,0.0005
S00936,Food,Chile,Falabella Retail,Self sign-up,Micro,2.0,0,31.0,0,0,0.0004
S08752,Toys,Chile,Tottus,Event,Micro,6.0,0,36.0,0,0,0.0004
S10951,Food,Colombia,Sodimac,Self sign-up,Micro,6.0,0,33.0,0,0,0.0004
S07317,Food,Colombia,Falabella Retail,Self sign-up,Micro,2.0,0,30.0,0,0,0.0004
S06113,Food,Colombia,Tottus,Self sign-up,Micro,5.0,1,33.0,0,0,0.0004
S05887,Electronics,Peru,Tottus,Self sign-up,Micro,2.0,0,34.0,0,0,0.0004
S19811,Food,Peru,Sodimac,Self sign-up,Micro,8.0,0,35.0,0,0,0.0004
S00142,Food,Peru,Tottus,Self sign-up,Small,4.0,0,34.0,0,0,0.0004
S18908,Home,Peru,Falabella Retail,Self sign-up,Micro,1.0,2,36.0,1,0,0.0004
S10543,Toys,Peru,Sodimac,Self sign-up,Small,3.0,0,36.0,1,0,0.0004
S15398,Food,Chile,Falabella Retail,Self sign-up,Micro,0.0,3,33.0,1,0,0.0004
S13400,Home,Chile,Sodimac,Self sign-up,Micro,1.0,1,35.0,0,0,0.0004
S03907,Hardware,Colombia,Tottus,Self sign-up,Small,1.0,0,36.0,4,0,0.0004
S02870,Sports,Colombia,Sodimac,Self sign-up,Micro,3.0,0,35.0,2,0,0.0004
S18848,Food,Colombia,Marketplace direct,Self sign-up,Micro,8.0,1,36.0,1,0,0.0004
S14367,Food,Chile,Marketplace direct,Self sign-up,Micro,4.0,2,36.0,0,0,0.0004
S14052,Food,Chile,Marketplace direct,Sales rep,Micro,0.0,2,35.0,0,0,0.0004
S07367,Toys,Colombia,Marketplace direct,Self sign-up,Micro,9.0,0,35.0,0,0,0.0004
S00225,Food,Colombia,Marketplace direct,Self sign-up,Small,3.0,1,36.0,1,0,0.0003
S06708,Beauty,Colombia,Sodimac,Self sign-up,Micro,1.0,2,36.0,0,0,0.0003
S01099,Home,Peru,Tottus,Self sign-up,Micro,1.0,0,34.0,1,0,0.0003
S07612,Sports,Chile,Falabella Retail,Self sign-up,Micro,3.0,0,36.0,0,0,0.0003
S07058,Beauty,Colombia,Falabella Retail,Self sign-up,Micro,1.0,1,35.0,0,0,0.0003
S15878,Sports,Colombia,Tottus,Self sign-up,Micro,0.0,1,32.0,0,0,0.0002
